path,label,pred_label,pred_score
images/shoe1.jpg,4,4,4.927870959043503
images/shoe2.jpg,2,2,2.8778195530176163
images/shoe3.jpg,4,4,4.911439999938011
images/shoe4.jpg,1,1,1.8727313578128815
images/shoe5.jpg,3,3,3.8753932118415833
