path,label,pred_label,pred_score
images/shoe1.jpg,4,4,3.4399127662181854
images/shoe2.jpg,2,2,3.228811651468277
images/shoe3.jpg,4,4,3.380200281739235
images/shoe4.jpg,1,1,3.071610674262047
images/shoe5.jpg,3,3,3.2708269208669662
