2025-07-24 23:32:58,124 - api_server - INFO - 应用启动中...
2025-07-24 23:32:58,124 - api_server - INFO - 已创建results目录
2025-07-24 23:32:58,124 - api_server - INFO - 应用启动完成
2025-07-24 23:36:50,121 - api_server - INFO - 应用启动中...
2025-07-24 23:36:50,121 - api_server - INFO - 已创建results目录
2025-07-24 23:36:50,121 - api_server - INFO - 应用启动完成
2025-07-24 23:37:01,907 - api_server - INFO - 应用启动中...
2025-07-24 23:37:01,907 - api_server - INFO - 已创建results目录
2025-07-24 23:37:01,907 - api_server - INFO - 应用启动完成
2025-07-24 23:37:22,108 - api_server - INFO - 应用启动中...
2025-07-24 23:37:22,108 - api_server - INFO - 已创建results目录
2025-07-24 23:37:22,108 - api_server - INFO - 应用启动完成
2025-07-24 23:37:41,721 - api_server - INFO - 应用启动中...
2025-07-24 23:37:41,721 - api_server - INFO - 已创建results目录
2025-07-24 23:37:41,721 - api_server - INFO - 应用启动完成
2025-07-24 23:38:22,953 - api_server - INFO - 应用启动中...
2025-07-24 23:38:22,954 - api_server - INFO - 已创建results目录
2025-07-24 23:38:22,954 - api_server - INFO - 应用启动完成
2025-07-24 23:38:48,391 - api_server - INFO - 开始爬虫任务: 94a54a31-a271-43c9-b0ae-9a8cbdb045d6, 关键词: 123456789, 页数: 1, 类目: u-bags
2025-07-24 23:38:48,399 - crawler_utils - ERROR - 爬虫执行失败: 
2025-07-24 23:38:48,400 - api_server - ERROR - 爬虫任务执行失败: 
2025-07-24 23:40:22,437 - api_server - INFO - 开始爬虫任务: 9e95728c-f82a-4112-89c5-1e0db6b8aecd, 关键词: 123456789, 页数: 1, 类目: u-bags
2025-07-24 23:40:22,452 - crawler_utils - ERROR - 爬虫执行失败: 
2025-07-24 23:40:22,452 - api_server - ERROR - 爬虫任务执行失败: 
2025-07-24 23:40:24,704 - api_server - INFO - 开始爬虫任务: f2e8164f-35b8-4ca6-9916-e861a2ec0e9a, 关键词: 123456789, 页数: 1, 类目: u-bags
2025-07-24 23:40:24,718 - crawler_utils - ERROR - 爬虫执行失败: 
2025-07-24 23:40:24,718 - api_server - ERROR - 爬虫任务执行失败: 
2025-07-24 23:40:42,871 - asyncio - ERROR - Future exception was never retrieved
future: <Future finished exception=NotImplementedError()>
Traceback (most recent call last):
  File "E:\Lab\redbubble_ai\backend\api_server.py", line 195, in run_crawler
    items = crawl_redbubble(keyword, pages, category)
  File "E:\Lab\redbubble_ai\backend\crawler_utils.py", line 102, in crawl_redbubble
    raise e
  File "E:\Lab\redbubble_ai\backend\crawler_utils.py", line 22, in crawl_redbubble
    with sync_playwright() as p:
  File "e:\lab\redbubble_ai\backend\venv\lib\site-packages\playwright\sync_api\_context_manager.py", line 77, in __enter__
    dispatcher_fiber.switch()
  File "e:\lab\redbubble_ai\backend\venv\lib\site-packages\playwright\sync_api\_context_manager.py", line 56, in greenlet_main
    self._loop.run_until_complete(self._connection.run_as_sync())
  File "C:\Users\Cheng\AppData\Local\Programs\Python\Python38\lib\asyncio\base_events.py", line 616, in run_until_complete
    return future.result()
  File "e:\lab\redbubble_ai\backend\venv\lib\site-packages\playwright\_impl\_connection.py", line 267, in run_as_sync
    await self.run()
  File "e:\lab\redbubble_ai\backend\venv\lib\site-packages\playwright\_impl\_connection.py", line 276, in run
    await self._transport.connect()
  File "e:\lab\redbubble_ai\backend\venv\lib\site-packages\playwright\_impl\_transport.py", line 133, in connect
    raise exc
  File "e:\lab\redbubble_ai\backend\venv\lib\site-packages\playwright\_impl\_transport.py", line 120, in connect
    self._proc = await asyncio.create_subprocess_exec(
  File "C:\Users\Cheng\AppData\Local\Programs\Python\Python38\lib\asyncio\subprocess.py", line 236, in create_subprocess_exec
    transport, protocol = await loop.subprocess_exec(
  File "C:\Users\Cheng\AppData\Local\Programs\Python\Python38\lib\asyncio\base_events.py", line 1630, in subprocess_exec
    transport = await self._make_subprocess_transport(
  File "C:\Users\Cheng\AppData\Local\Programs\Python\Python38\lib\asyncio\base_events.py", line 491, in _make_subprocess_transport
    raise NotImplementedError
NotImplementedError
2025-07-24 23:40:42,886 - asyncio - ERROR - Future exception was never retrieved
future: <Future finished exception=NotImplementedError()>
Traceback (most recent call last):
  File "E:\Lab\redbubble_ai\backend\api_server.py", line 195, in run_crawler
    items = crawl_redbubble(keyword, pages, category)
  File "E:\Lab\redbubble_ai\backend\crawler_utils.py", line 102, in crawl_redbubble
    raise e
  File "E:\Lab\redbubble_ai\backend\crawler_utils.py", line 22, in crawl_redbubble
    with sync_playwright() as p:
  File "e:\lab\redbubble_ai\backend\venv\lib\site-packages\playwright\sync_api\_context_manager.py", line 77, in __enter__
    dispatcher_fiber.switch()
  File "e:\lab\redbubble_ai\backend\venv\lib\site-packages\playwright\sync_api\_context_manager.py", line 56, in greenlet_main
    self._loop.run_until_complete(self._connection.run_as_sync())
  File "C:\Users\Cheng\AppData\Local\Programs\Python\Python38\lib\asyncio\base_events.py", line 616, in run_until_complete
    return future.result()
  File "e:\lab\redbubble_ai\backend\venv\lib\site-packages\playwright\_impl\_connection.py", line 267, in run_as_sync
    await self.run()
  File "e:\lab\redbubble_ai\backend\venv\lib\site-packages\playwright\_impl\_connection.py", line 276, in run
    await self._transport.connect()
  File "e:\lab\redbubble_ai\backend\venv\lib\site-packages\playwright\_impl\_transport.py", line 133, in connect
    raise exc
  File "e:\lab\redbubble_ai\backend\venv\lib\site-packages\playwright\_impl\_transport.py", line 120, in connect
    self._proc = await asyncio.create_subprocess_exec(
  File "C:\Users\Cheng\AppData\Local\Programs\Python\Python38\lib\asyncio\subprocess.py", line 236, in create_subprocess_exec
    transport, protocol = await loop.subprocess_exec(
  File "C:\Users\Cheng\AppData\Local\Programs\Python\Python38\lib\asyncio\base_events.py", line 1630, in subprocess_exec
    transport = await self._make_subprocess_transport(
  File "C:\Users\Cheng\AppData\Local\Programs\Python\Python38\lib\asyncio\base_events.py", line 491, in _make_subprocess_transport
    raise NotImplementedError
NotImplementedError
2025-07-24 23:40:42,887 - asyncio - ERROR - Future exception was never retrieved
future: <Future finished exception=NotImplementedError()>
Traceback (most recent call last):
  File "E:\Lab\redbubble_ai\backend\api_server.py", line 195, in run_crawler
    items = crawl_redbubble(keyword, pages, category)
  File "E:\Lab\redbubble_ai\backend\crawler_utils.py", line 102, in crawl_redbubble
    raise e
  File "E:\Lab\redbubble_ai\backend\crawler_utils.py", line 22, in crawl_redbubble
    with sync_playwright() as p:
  File "e:\lab\redbubble_ai\backend\venv\lib\site-packages\playwright\sync_api\_context_manager.py", line 77, in __enter__
    dispatcher_fiber.switch()
  File "e:\lab\redbubble_ai\backend\venv\lib\site-packages\playwright\sync_api\_context_manager.py", line 56, in greenlet_main
    self._loop.run_until_complete(self._connection.run_as_sync())
  File "C:\Users\Cheng\AppData\Local\Programs\Python\Python38\lib\asyncio\base_events.py", line 616, in run_until_complete
    return future.result()
  File "e:\lab\redbubble_ai\backend\venv\lib\site-packages\playwright\_impl\_connection.py", line 267, in run_as_sync
    await self.run()
  File "e:\lab\redbubble_ai\backend\venv\lib\site-packages\playwright\_impl\_connection.py", line 276, in run
    await self._transport.connect()
  File "e:\lab\redbubble_ai\backend\venv\lib\site-packages\playwright\_impl\_transport.py", line 133, in connect
    raise exc
  File "e:\lab\redbubble_ai\backend\venv\lib\site-packages\playwright\_impl\_transport.py", line 120, in connect
    self._proc = await asyncio.create_subprocess_exec(
  File "C:\Users\Cheng\AppData\Local\Programs\Python\Python38\lib\asyncio\subprocess.py", line 236, in create_subprocess_exec
    transport, protocol = await loop.subprocess_exec(
  File "C:\Users\Cheng\AppData\Local\Programs\Python\Python38\lib\asyncio\base_events.py", line 1630, in subprocess_exec
    transport = await self._make_subprocess_transport(
  File "C:\Users\Cheng\AppData\Local\Programs\Python\Python38\lib\asyncio\base_events.py", line 491, in _make_subprocess_transport
    raise NotImplementedError
NotImplementedError
2025-07-24 23:40:50,177 - api_server - INFO - 应用启动中...
2025-07-24 23:40:50,178 - api_server - INFO - 已创建results目录
2025-07-24 23:40:50,178 - api_server - INFO - 应用启动完成
2025-07-24 23:40:53,201 - api_server - INFO - 开始爬虫任务: f6598591-2a6b-4e91-8198-8d66a211204a, 关键词: 123456789, 页数: 1, 类目: u-bags
2025-07-24 23:40:53,211 - crawler_utils - ERROR - 爬虫执行失败: 
2025-07-24 23:40:53,211 - api_server - ERROR - 爬虫任务执行失败: 
2025-07-24 23:40:55,584 - api_server - INFO - 开始爬虫任务: f5d8d4d9-49ef-4c56-9c34-ad060e5a2913, 关键词: 123456789, 页数: 1, 类目: u-bags
2025-07-24 23:40:55,599 - crawler_utils - ERROR - 爬虫执行失败: 
2025-07-24 23:40:55,599 - api_server - ERROR - 爬虫任务执行失败: 
2025-07-24 23:41:53,546 - asyncio - ERROR - Future exception was never retrieved
future: <Future finished exception=NotImplementedError()>
Traceback (most recent call last):
  File "E:\Lab\redbubble_ai\backend\api_server.py", line 195, in run_crawler
    items = crawl_redbubble(keyword, pages, category)
  File "E:\Lab\redbubble_ai\backend\crawler_utils.py", line 102, in crawl_redbubble
    raise e
  File "E:\Lab\redbubble_ai\backend\crawler_utils.py", line 22, in crawl_redbubble
    with sync_playwright() as p:
  File "e:\lab\redbubble_ai\backend\venv\lib\site-packages\playwright\sync_api\_context_manager.py", line 77, in __enter__
    dispatcher_fiber.switch()
  File "e:\lab\redbubble_ai\backend\venv\lib\site-packages\playwright\sync_api\_context_manager.py", line 56, in greenlet_main
    self._loop.run_until_complete(self._connection.run_as_sync())
  File "C:\Users\Cheng\AppData\Local\Programs\Python\Python38\lib\asyncio\base_events.py", line 616, in run_until_complete
    return future.result()
  File "e:\lab\redbubble_ai\backend\venv\lib\site-packages\playwright\_impl\_connection.py", line 267, in run_as_sync
    await self.run()
  File "e:\lab\redbubble_ai\backend\venv\lib\site-packages\playwright\_impl\_connection.py", line 276, in run
    await self._transport.connect()
  File "e:\lab\redbubble_ai\backend\venv\lib\site-packages\playwright\_impl\_transport.py", line 133, in connect
    raise exc
  File "e:\lab\redbubble_ai\backend\venv\lib\site-packages\playwright\_impl\_transport.py", line 120, in connect
    self._proc = await asyncio.create_subprocess_exec(
  File "C:\Users\Cheng\AppData\Local\Programs\Python\Python38\lib\asyncio\subprocess.py", line 236, in create_subprocess_exec
    transport, protocol = await loop.subprocess_exec(
  File "C:\Users\Cheng\AppData\Local\Programs\Python\Python38\lib\asyncio\base_events.py", line 1630, in subprocess_exec
    transport = await self._make_subprocess_transport(
  File "C:\Users\Cheng\AppData\Local\Programs\Python\Python38\lib\asyncio\base_events.py", line 491, in _make_subprocess_transport
    raise NotImplementedError
NotImplementedError
2025-07-24 23:41:53,549 - asyncio - ERROR - Future exception was never retrieved
future: <Future finished exception=NotImplementedError()>
Traceback (most recent call last):
  File "E:\Lab\redbubble_ai\backend\api_server.py", line 195, in run_crawler
    items = crawl_redbubble(keyword, pages, category)
  File "E:\Lab\redbubble_ai\backend\crawler_utils.py", line 102, in crawl_redbubble
    raise e
  File "E:\Lab\redbubble_ai\backend\crawler_utils.py", line 22, in crawl_redbubble
    with sync_playwright() as p:
  File "e:\lab\redbubble_ai\backend\venv\lib\site-packages\playwright\sync_api\_context_manager.py", line 77, in __enter__
    dispatcher_fiber.switch()
  File "e:\lab\redbubble_ai\backend\venv\lib\site-packages\playwright\sync_api\_context_manager.py", line 56, in greenlet_main
    self._loop.run_until_complete(self._connection.run_as_sync())
  File "C:\Users\Cheng\AppData\Local\Programs\Python\Python38\lib\asyncio\base_events.py", line 616, in run_until_complete
    return future.result()
  File "e:\lab\redbubble_ai\backend\venv\lib\site-packages\playwright\_impl\_connection.py", line 267, in run_as_sync
    await self.run()
  File "e:\lab\redbubble_ai\backend\venv\lib\site-packages\playwright\_impl\_connection.py", line 276, in run
    await self._transport.connect()
  File "e:\lab\redbubble_ai\backend\venv\lib\site-packages\playwright\_impl\_transport.py", line 133, in connect
    raise exc
  File "e:\lab\redbubble_ai\backend\venv\lib\site-packages\playwright\_impl\_transport.py", line 120, in connect
    self._proc = await asyncio.create_subprocess_exec(
  File "C:\Users\Cheng\AppData\Local\Programs\Python\Python38\lib\asyncio\subprocess.py", line 236, in create_subprocess_exec
    transport, protocol = await loop.subprocess_exec(
  File "C:\Users\Cheng\AppData\Local\Programs\Python\Python38\lib\asyncio\base_events.py", line 1630, in subprocess_exec
    transport = await self._make_subprocess_transport(
  File "C:\Users\Cheng\AppData\Local\Programs\Python\Python38\lib\asyncio\base_events.py", line 491, in _make_subprocess_transport
    raise NotImplementedError
NotImplementedError
2025-07-24 23:49:06,329 - api_server - INFO - 应用启动中...
2025-07-24 23:49:06,329 - api_server - INFO - 已创建results目录
2025-07-24 23:49:06,330 - api_server - INFO - 应用启动完成
2025-07-24 23:49:12,890 - api_server - INFO - 开始爬虫任务: b11828cb-7a30-4a60-b883-55df4e4c77c1, 关键词: 123456789, 页数: 1, 类目: u-bags
2025-07-24 23:49:12,898 - crawler_utils - ERROR - 爬虫执行失败: 
2025-07-24 23:49:12,898 - api_server - ERROR - 爬虫任务执行失败: 
2025-07-24 23:49:55,674 - asyncio - ERROR - Future exception was never retrieved
future: <Future finished exception=NotImplementedError()>
Traceback (most recent call last):
  File "E:\Lab\redbubble_ai\backend\api_server.py", line 195, in run_crawler
    items = crawl_redbubble(keyword, pages, category)
  File "E:\Lab\redbubble_ai\backend\crawler_utils.py", line 102, in crawl_redbubble
    raise e
  File "E:\Lab\redbubble_ai\backend\crawler_utils.py", line 22, in crawl_redbubble
    with sync_playwright() as p:
  File "e:\lab\redbubble_ai\backend\venv\lib\site-packages\playwright\sync_api\_context_manager.py", line 77, in __enter__
    dispatcher_fiber.switch()
  File "e:\lab\redbubble_ai\backend\venv\lib\site-packages\playwright\sync_api\_context_manager.py", line 56, in greenlet_main
    self._loop.run_until_complete(self._connection.run_as_sync())
  File "C:\Users\Cheng\AppData\Local\Programs\Python\Python38\lib\asyncio\base_events.py", line 616, in run_until_complete
    return future.result()
  File "e:\lab\redbubble_ai\backend\venv\lib\site-packages\playwright\_impl\_connection.py", line 267, in run_as_sync
    await self.run()
  File "e:\lab\redbubble_ai\backend\venv\lib\site-packages\playwright\_impl\_connection.py", line 276, in run
    await self._transport.connect()
  File "e:\lab\redbubble_ai\backend\venv\lib\site-packages\playwright\_impl\_transport.py", line 133, in connect
    raise exc
  File "e:\lab\redbubble_ai\backend\venv\lib\site-packages\playwright\_impl\_transport.py", line 120, in connect
    self._proc = await asyncio.create_subprocess_exec(
  File "C:\Users\Cheng\AppData\Local\Programs\Python\Python38\lib\asyncio\subprocess.py", line 236, in create_subprocess_exec
    transport, protocol = await loop.subprocess_exec(
  File "C:\Users\Cheng\AppData\Local\Programs\Python\Python38\lib\asyncio\base_events.py", line 1630, in subprocess_exec
    transport = await self._make_subprocess_transport(
  File "C:\Users\Cheng\AppData\Local\Programs\Python\Python38\lib\asyncio\base_events.py", line 491, in _make_subprocess_transport
    raise NotImplementedError
NotImplementedError
2025-07-24 23:49:55,905 - api_server - INFO - 应用启动中...
2025-07-24 23:49:55,905 - api_server - INFO - 已创建results目录
2025-07-24 23:49:55,905 - api_server - INFO - 应用启动完成
2025-07-24 23:53:42,968 - api_server - INFO - 应用启动中...
2025-07-24 23:53:42,968 - api_server - INFO - 已创建results目录
2025-07-24 23:53:42,968 - api_server - INFO - 应用启动完成
2025-07-24 23:53:46,442 - api_server - INFO - 开始爬虫任务: 02dd459b-1964-40b3-8246-3240f5edc728, 关键词: 123456789, 页数: 1, 类目: u-bags
2025-07-24 23:53:46,451 - crawler_utils - INFO - 开始初始化playwright，关键词: 123456789, 页数: 1, 类目: u-bags
2025-07-24 23:53:46,451 - crawler_utils - ERROR - 爬虫执行失败: 
2025-07-24 23:53:46,452 - api_server - ERROR - 爬虫任务执行失败: 
2025-07-24 23:54:07,298 - asyncio - ERROR - Future exception was never retrieved
future: <Future finished exception=NotImplementedError()>
Traceback (most recent call last):
  File "E:\Lab\redbubble_ai\backend\api_server.py", line 195, in run_crawler
    items = crawl_redbubble(keyword, pages, category)
  File "E:\Lab\redbubble_ai\backend\crawler_utils.py", line 117, in crawl_redbubble
    raise e
  File "E:\Lab\redbubble_ai\backend\crawler_utils.py", line 24, in crawl_redbubble
    with sync_playwright() as p:
  File "e:\lab\redbubble_ai\backend\venv\lib\site-packages\playwright\sync_api\_context_manager.py", line 77, in __enter__
    dispatcher_fiber.switch()
  File "e:\lab\redbubble_ai\backend\venv\lib\site-packages\playwright\sync_api\_context_manager.py", line 56, in greenlet_main
    self._loop.run_until_complete(self._connection.run_as_sync())
  File "C:\Users\Cheng\AppData\Local\Programs\Python\Python38\lib\asyncio\base_events.py", line 616, in run_until_complete
    return future.result()
  File "e:\lab\redbubble_ai\backend\venv\lib\site-packages\playwright\_impl\_connection.py", line 267, in run_as_sync
    await self.run()
  File "e:\lab\redbubble_ai\backend\venv\lib\site-packages\playwright\_impl\_connection.py", line 276, in run
    await self._transport.connect()
  File "e:\lab\redbubble_ai\backend\venv\lib\site-packages\playwright\_impl\_transport.py", line 133, in connect
    raise exc
  File "e:\lab\redbubble_ai\backend\venv\lib\site-packages\playwright\_impl\_transport.py", line 120, in connect
    self._proc = await asyncio.create_subprocess_exec(
  File "C:\Users\Cheng\AppData\Local\Programs\Python\Python38\lib\asyncio\subprocess.py", line 236, in create_subprocess_exec
    transport, protocol = await loop.subprocess_exec(
  File "C:\Users\Cheng\AppData\Local\Programs\Python\Python38\lib\asyncio\base_events.py", line 1630, in subprocess_exec
    transport = await self._make_subprocess_transport(
  File "C:\Users\Cheng\AppData\Local\Programs\Python\Python38\lib\asyncio\base_events.py", line 491, in _make_subprocess_transport
    raise NotImplementedError
NotImplementedError
2025-07-24 23:54:09,098 - api_server - INFO - 应用启动中...
2025-07-24 23:54:09,098 - api_server - INFO - 已创建results目录
2025-07-24 23:54:09,098 - api_server - INFO - 应用启动完成
2025-07-24 23:54:11,197 - api_server - INFO - 开始爬虫任务: 7444ca11-9e83-47b9-9c31-981a2a350fc1, 关键词: 123456789, 页数: 1, 类目: u-bags
2025-07-24 23:54:11,206 - crawler_utils - INFO - 开始初始化playwright，关键词: 123456789, 页数: 1, 类目: u-bags
2025-07-24 23:54:11,207 - crawler_utils - ERROR - 爬虫执行失败: 
2025-07-24 23:54:11,207 - api_server - ERROR - 爬虫任务执行失败: 
2025-07-24 23:54:15,428 - asyncio - ERROR - Future exception was never retrieved
future: <Future finished exception=NotImplementedError()>
Traceback (most recent call last):
  File "E:\Lab\redbubble_ai\backend\api_server.py", line 195, in run_crawler
    items = crawl_redbubble(keyword, pages, category)
  File "E:\Lab\redbubble_ai\backend\crawler_utils.py", line 117, in crawl_redbubble
    raise e
  File "E:\Lab\redbubble_ai\backend\crawler_utils.py", line 24, in crawl_redbubble
    with sync_playwright() as p:
  File "e:\lab\redbubble_ai\backend\venv\lib\site-packages\playwright\sync_api\_context_manager.py", line 77, in __enter__
    dispatcher_fiber.switch()
  File "e:\lab\redbubble_ai\backend\venv\lib\site-packages\playwright\sync_api\_context_manager.py", line 56, in greenlet_main
    self._loop.run_until_complete(self._connection.run_as_sync())
  File "C:\Users\Cheng\AppData\Local\Programs\Python\Python38\lib\asyncio\base_events.py", line 616, in run_until_complete
    return future.result()
  File "e:\lab\redbubble_ai\backend\venv\lib\site-packages\playwright\_impl\_connection.py", line 267, in run_as_sync
    await self.run()
  File "e:\lab\redbubble_ai\backend\venv\lib\site-packages\playwright\_impl\_connection.py", line 276, in run
    await self._transport.connect()
  File "e:\lab\redbubble_ai\backend\venv\lib\site-packages\playwright\_impl\_transport.py", line 133, in connect
    raise exc
  File "e:\lab\redbubble_ai\backend\venv\lib\site-packages\playwright\_impl\_transport.py", line 120, in connect
    self._proc = await asyncio.create_subprocess_exec(
  File "C:\Users\Cheng\AppData\Local\Programs\Python\Python38\lib\asyncio\subprocess.py", line 236, in create_subprocess_exec
    transport, protocol = await loop.subprocess_exec(
  File "C:\Users\Cheng\AppData\Local\Programs\Python\Python38\lib\asyncio\base_events.py", line 1630, in subprocess_exec
    transport = await self._make_subprocess_transport(
  File "C:\Users\Cheng\AppData\Local\Programs\Python\Python38\lib\asyncio\base_events.py", line 491, in _make_subprocess_transport
    raise NotImplementedError
NotImplementedError
2025-07-24 23:55:25,200 - api_server - INFO - 应用启动中...
2025-07-24 23:55:25,200 - api_server - INFO - 已创建results目录
2025-07-24 23:55:25,200 - api_server - INFO - 应用启动完成
2025-07-24 23:55:26,041 - api_server - INFO - 应用启动中...
2025-07-24 23:55:26,041 - api_server - INFO - 已创建results目录
2025-07-24 23:55:26,041 - api_server - INFO - 应用启动完成
2025-07-24 23:55:31,127 - api_server - INFO - 开始爬虫任务: b95dc6ee-1b00-4a55-bd35-96af4e785a6e, 关键词: 123456789, 页数: 1, 类目: u-bags
2025-07-24 23:55:31,135 - crawler_utils - INFO - 开始初始化playwright，关键词: 123456789, 页数: 1, 类目: u-bags
2025-07-24 23:55:31,136 - crawler_utils - ERROR - 爬虫执行失败: 
2025-07-24 23:55:31,136 - crawler_utils - ERROR - 错误类型: NotImplementedError
2025-07-24 23:55:31,137 - crawler_utils - ERROR - 详细错误信息: Traceback (most recent call last):
  File "E:\Lab\redbubble_ai\backend\crawler_utils.py", line 24, in crawl_redbubble
    with sync_playwright() as p:
  File "e:\lab\redbubble_ai\backend\venv\lib\site-packages\playwright\sync_api\_context_manager.py", line 77, in __enter__
    dispatcher_fiber.switch()
  File "e:\lab\redbubble_ai\backend\venv\lib\site-packages\playwright\sync_api\_context_manager.py", line 56, in greenlet_main
    self._loop.run_until_complete(self._connection.run_as_sync())
  File "C:\Users\Cheng\AppData\Local\Programs\Python\Python38\lib\asyncio\base_events.py", line 616, in run_until_complete
    return future.result()
  File "e:\lab\redbubble_ai\backend\venv\lib\site-packages\playwright\_impl\_connection.py", line 267, in run_as_sync
    await self.run()
  File "e:\lab\redbubble_ai\backend\venv\lib\site-packages\playwright\_impl\_connection.py", line 276, in run
    await self._transport.connect()
  File "e:\lab\redbubble_ai\backend\venv\lib\site-packages\playwright\_impl\_transport.py", line 133, in connect
    raise exc
  File "e:\lab\redbubble_ai\backend\venv\lib\site-packages\playwright\_impl\_transport.py", line 120, in connect
    self._proc = await asyncio.create_subprocess_exec(
  File "C:\Users\Cheng\AppData\Local\Programs\Python\Python38\lib\asyncio\subprocess.py", line 236, in create_subprocess_exec
    transport, protocol = await loop.subprocess_exec(
  File "C:\Users\Cheng\AppData\Local\Programs\Python\Python38\lib\asyncio\base_events.py", line 1630, in subprocess_exec
    transport = await self._make_subprocess_transport(
  File "C:\Users\Cheng\AppData\Local\Programs\Python\Python38\lib\asyncio\base_events.py", line 491, in _make_subprocess_transport
    raise NotImplementedError
NotImplementedError

2025-07-24 23:55:31,137 - api_server - ERROR - 爬虫任务执行失败: 
2025-07-24 23:55:37,685 - asyncio - ERROR - Future exception was never retrieved
future: <Future finished exception=NotImplementedError()>
Traceback (most recent call last):
  File "E:\Lab\redbubble_ai\backend\api_server.py", line 195, in run_crawler
    items = crawl_redbubble(keyword, pages, category)
  File "E:\Lab\redbubble_ai\backend\crawler_utils.py", line 120, in crawl_redbubble
    raise e
  File "E:\Lab\redbubble_ai\backend\crawler_utils.py", line 24, in crawl_redbubble
    with sync_playwright() as p:
  File "e:\lab\redbubble_ai\backend\venv\lib\site-packages\playwright\sync_api\_context_manager.py", line 77, in __enter__
    dispatcher_fiber.switch()
  File "e:\lab\redbubble_ai\backend\venv\lib\site-packages\playwright\sync_api\_context_manager.py", line 56, in greenlet_main
    self._loop.run_until_complete(self._connection.run_as_sync())
  File "C:\Users\Cheng\AppData\Local\Programs\Python\Python38\lib\asyncio\base_events.py", line 616, in run_until_complete
    return future.result()
  File "e:\lab\redbubble_ai\backend\venv\lib\site-packages\playwright\_impl\_connection.py", line 267, in run_as_sync
    await self.run()
  File "e:\lab\redbubble_ai\backend\venv\lib\site-packages\playwright\_impl\_connection.py", line 276, in run
    await self._transport.connect()
  File "e:\lab\redbubble_ai\backend\venv\lib\site-packages\playwright\_impl\_transport.py", line 133, in connect
    raise exc
  File "e:\lab\redbubble_ai\backend\venv\lib\site-packages\playwright\_impl\_transport.py", line 120, in connect
    self._proc = await asyncio.create_subprocess_exec(
  File "C:\Users\Cheng\AppData\Local\Programs\Python\Python38\lib\asyncio\subprocess.py", line 236, in create_subprocess_exec
    transport, protocol = await loop.subprocess_exec(
  File "C:\Users\Cheng\AppData\Local\Programs\Python\Python38\lib\asyncio\base_events.py", line 1630, in subprocess_exec
    transport = await self._make_subprocess_transport(
  File "C:\Users\Cheng\AppData\Local\Programs\Python\Python38\lib\asyncio\base_events.py", line 491, in _make_subprocess_transport
    raise NotImplementedError
NotImplementedError
2025-07-24 23:55:37,934 - api_server - INFO - 应用启动中...
2025-07-24 23:55:37,934 - api_server - INFO - 已创建results目录
2025-07-24 23:55:37,934 - api_server - INFO - 应用启动完成
2025-07-24 23:55:45,788 - api_server - INFO - 应用启动中...
2025-07-24 23:55:45,788 - api_server - INFO - 已创建results目录
2025-07-24 23:55:45,788 - api_server - INFO - 应用启动完成
2025-07-24 23:55:54,412 - api_server - INFO - 应用启动中...
2025-07-24 23:55:54,412 - api_server - INFO - 已创建results目录
2025-07-24 23:55:54,413 - api_server - INFO - 应用启动完成
2025-07-24 23:55:56,941 - api_server - INFO - 开始爬虫任务: 401a1777-af81-4b10-abbe-696f8d2cbd51, 关键词: 123456789, 页数: 1, 类目: u-bags
2025-07-24 23:55:56,950 - crawler_utils - INFO - 开始初始化playwright，关键词: 123456789, 页数: 1, 类目: u-bags
2025-07-24 23:55:56,950 - crawler_utils - ERROR - 爬虫执行失败: 
2025-07-24 23:55:56,951 - crawler_utils - ERROR - 错误类型: NotImplementedError
2025-07-24 23:55:56,951 - crawler_utils - ERROR - 详细错误信息: Traceback (most recent call last):
  File "E:\Lab\redbubble_ai\backend\crawler_utils.py", line 24, in crawl_redbubble
    with sync_playwright() as p:
  File "e:\lab\redbubble_ai\backend\venv\lib\site-packages\playwright\sync_api\_context_manager.py", line 77, in __enter__
    dispatcher_fiber.switch()
  File "e:\lab\redbubble_ai\backend\venv\lib\site-packages\playwright\sync_api\_context_manager.py", line 56, in greenlet_main
    self._loop.run_until_complete(self._connection.run_as_sync())
  File "C:\Users\Cheng\AppData\Local\Programs\Python\Python38\lib\asyncio\base_events.py", line 616, in run_until_complete
    return future.result()
  File "e:\lab\redbubble_ai\backend\venv\lib\site-packages\playwright\_impl\_connection.py", line 267, in run_as_sync
    await self.run()
  File "e:\lab\redbubble_ai\backend\venv\lib\site-packages\playwright\_impl\_connection.py", line 276, in run
    await self._transport.connect()
  File "e:\lab\redbubble_ai\backend\venv\lib\site-packages\playwright\_impl\_transport.py", line 133, in connect
    raise exc
  File "e:\lab\redbubble_ai\backend\venv\lib\site-packages\playwright\_impl\_transport.py", line 120, in connect
    self._proc = await asyncio.create_subprocess_exec(
  File "C:\Users\Cheng\AppData\Local\Programs\Python\Python38\lib\asyncio\subprocess.py", line 236, in create_subprocess_exec
    transport, protocol = await loop.subprocess_exec(
  File "C:\Users\Cheng\AppData\Local\Programs\Python\Python38\lib\asyncio\base_events.py", line 1630, in subprocess_exec
    transport = await self._make_subprocess_transport(
  File "C:\Users\Cheng\AppData\Local\Programs\Python\Python38\lib\asyncio\base_events.py", line 491, in _make_subprocess_transport
    raise NotImplementedError
NotImplementedError

2025-07-24 23:55:56,952 - api_server - ERROR - 爬虫任务执行失败: 
2025-07-24 23:56:25,370 - asyncio - ERROR - Future exception was never retrieved
future: <Future finished exception=NotImplementedError()>
Traceback (most recent call last):
  File "E:\Lab\redbubble_ai\backend\api_server.py", line 195, in run_crawler
    items = crawl_redbubble(keyword, pages, category)
  File "E:\Lab\redbubble_ai\backend\crawler_utils.py", line 120, in crawl_redbubble
    # 关闭浏览器
  File "E:\Lab\redbubble_ai\backend\crawler_utils.py", line 24, in crawl_redbubble
    :param pages: 要爬取的页数
  File "e:\lab\redbubble_ai\backend\venv\lib\site-packages\playwright\sync_api\_context_manager.py", line 77, in __enter__
    dispatcher_fiber.switch()
  File "e:\lab\redbubble_ai\backend\venv\lib\site-packages\playwright\sync_api\_context_manager.py", line 56, in greenlet_main
    self._loop.run_until_complete(self._connection.run_as_sync())
  File "C:\Users\Cheng\AppData\Local\Programs\Python\Python38\lib\asyncio\base_events.py", line 616, in run_until_complete
    return future.result()
  File "e:\lab\redbubble_ai\backend\venv\lib\site-packages\playwright\_impl\_connection.py", line 267, in run_as_sync
    await self.run()
  File "e:\lab\redbubble_ai\backend\venv\lib\site-packages\playwright\_impl\_connection.py", line 276, in run
    await self._transport.connect()
  File "e:\lab\redbubble_ai\backend\venv\lib\site-packages\playwright\_impl\_transport.py", line 133, in connect
    raise exc
  File "e:\lab\redbubble_ai\backend\venv\lib\site-packages\playwright\_impl\_transport.py", line 120, in connect
    self._proc = await asyncio.create_subprocess_exec(
  File "C:\Users\Cheng\AppData\Local\Programs\Python\Python38\lib\asyncio\subprocess.py", line 236, in create_subprocess_exec
    transport, protocol = await loop.subprocess_exec(
  File "C:\Users\Cheng\AppData\Local\Programs\Python\Python38\lib\asyncio\base_events.py", line 1630, in subprocess_exec
    transport = await self._make_subprocess_transport(
  File "C:\Users\Cheng\AppData\Local\Programs\Python\Python38\lib\asyncio\base_events.py", line 491, in _make_subprocess_transport
    raise NotImplementedError
NotImplementedError
2025-07-24 23:56:25,627 - api_server - INFO - 应用启动中...
2025-07-24 23:56:25,627 - api_server - INFO - 已创建results目录
2025-07-24 23:56:25,627 - api_server - INFO - 应用启动完成
2025-07-24 23:56:37,901 - api_server - INFO - 应用启动中...
2025-07-24 23:56:37,901 - api_server - INFO - 已创建results目录
2025-07-24 23:56:37,901 - api_server - INFO - 应用启动完成
2025-07-24 23:56:50,601 - api_server - INFO - 应用启动中...
2025-07-24 23:56:50,601 - api_server - INFO - 已创建results目录
2025-07-24 23:56:50,601 - api_server - INFO - 应用启动完成
2025-07-24 23:58:58,044 - api_server - INFO - 应用启动中...
2025-07-24 23:58:58,044 - api_server - INFO - 已创建results目录
2025-07-24 23:58:58,045 - api_server - INFO - 应用启动完成
2025-07-24 23:59:01,975 - api_server - INFO - 开始爬虫任务: f7c53b32-d5d7-4720-9e08-c4d099ab9e63, 关键词: 123456789, 页数: 1, 类目: u-bags
2025-07-24 23:59:01,984 - crawler_utils - ERROR - 爬虫执行失败: 
2025-07-24 23:59:01,984 - api_server - ERROR - 爬虫任务执行失败: 
2025-07-24 23:59:56,635 - asyncio - ERROR - Future exception was never retrieved
future: <Future finished exception=NotImplementedError()>
Traceback (most recent call last):
  File "E:\Lab\redbubble_ai\backend\api_server.py", line 195, in run_crawler
    items = crawl_redbubble(keyword, pages, category)
  File "E:\Lab\redbubble_ai\backend\crawler_utils.py", line 102, in crawl_redbubble
    logger.error(f"详细错误信息: {type(e).__name__}: {str(e)}")
  File "E:\Lab\redbubble_ai\backend\crawler_utils.py", line 22, in crawl_redbubble
    with sync_playwright() as p:
  File "e:\lab\redbubble_ai\backend\venv\lib\site-packages\playwright\sync_api\_context_manager.py", line 77, in __enter__
    dispatcher_fiber.switch()
  File "e:\lab\redbubble_ai\backend\venv\lib\site-packages\playwright\sync_api\_context_manager.py", line 56, in greenlet_main
    self._loop.run_until_complete(self._connection.run_as_sync())
  File "C:\Users\Cheng\AppData\Local\Programs\Python\Python38\lib\asyncio\base_events.py", line 616, in run_until_complete
    return future.result()
  File "e:\lab\redbubble_ai\backend\venv\lib\site-packages\playwright\_impl\_connection.py", line 267, in run_as_sync
    await self.run()
  File "e:\lab\redbubble_ai\backend\venv\lib\site-packages\playwright\_impl\_connection.py", line 276, in run
    await self._transport.connect()
  File "e:\lab\redbubble_ai\backend\venv\lib\site-packages\playwright\_impl\_transport.py", line 133, in connect
    raise exc
  File "e:\lab\redbubble_ai\backend\venv\lib\site-packages\playwright\_impl\_transport.py", line 120, in connect
    self._proc = await asyncio.create_subprocess_exec(
  File "C:\Users\Cheng\AppData\Local\Programs\Python\Python38\lib\asyncio\subprocess.py", line 236, in create_subprocess_exec
    transport, protocol = await loop.subprocess_exec(
  File "C:\Users\Cheng\AppData\Local\Programs\Python\Python38\lib\asyncio\base_events.py", line 1630, in subprocess_exec
    transport = await self._make_subprocess_transport(
  File "C:\Users\Cheng\AppData\Local\Programs\Python\Python38\lib\asyncio\base_events.py", line 491, in _make_subprocess_transport
    raise NotImplementedError
NotImplementedError
2025-07-24 23:59:56,893 - api_server - INFO - 应用启动中...
2025-07-24 23:59:56,893 - api_server - INFO - 已创建results目录
2025-07-24 23:59:56,893 - api_server - INFO - 应用启动完成
2025-07-25 00:00:12,197 - api_server - INFO - 应用启动中...
2025-07-25 00:00:12,197 - api_server - INFO - 已创建results目录
2025-07-25 00:00:12,197 - api_server - INFO - 应用启动完成
2025-07-25 00:00:28,288 - api_server - INFO - 应用启动中...
2025-07-25 00:00:28,288 - api_server - INFO - 已创建results目录
2025-07-25 00:00:28,288 - api_server - INFO - 应用启动完成
2025-07-25 00:00:57,564 - api_server - INFO - 应用启动中...
2025-07-25 00:00:57,564 - api_server - INFO - 已创建results目录
2025-07-25 00:00:57,564 - api_server - INFO - 应用启动完成
2025-07-25 00:01:00,092 - api_server - INFO - 应用启动中...
2025-07-25 00:01:00,092 - api_server - INFO - 已创建results目录
2025-07-25 00:01:00,092 - api_server - INFO - 应用启动完成
2025-07-25 00:01:52,172 - api_server - INFO - 应用启动中...
2025-07-25 00:01:52,172 - api_server - INFO - 已创建results目录
2025-07-25 00:01:52,172 - api_server - INFO - 应用启动完成
2025-07-25 00:21:09,041 - api_server - INFO - 开始爬虫任务: cac3217e-3f73-42d0-ab14-78ae4aa17a37, 关键词: 123456789, 页数: 1, 类目: u-bags
2025-07-25 00:21:09,051 - crawler_utils - INFO - 检测到代理设置: http://127.0.0.1:7897
2025-07-25 00:21:09,051 - crawler_utils - ERROR - 爬虫执行失败: 
2025-07-25 00:21:09,051 - crawler_utils - ERROR - 详细错误信息: NotImplementedError: 
2025-07-25 00:21:09,073 - crawler_utils - ERROR - 完整错误堆栈: Traceback (most recent call last):
  File "E:\Lab\redbubble_ai\backend\crawler_utils.py", line 35, in crawl_redbubble
    with sync_playwright() as p:
  File "e:\lab\redbubble_ai\backend\venv\lib\site-packages\playwright\sync_api\_context_manager.py", line 77, in __enter__
    dispatcher_fiber.switch()
  File "e:\lab\redbubble_ai\backend\venv\lib\site-packages\playwright\sync_api\_context_manager.py", line 56, in greenlet_main
    self._loop.run_until_complete(self._connection.run_as_sync())
  File "C:\Users\Cheng\AppData\Local\Programs\Python\Python38\lib\asyncio\base_events.py", line 616, in run_until_complete
    return future.result()
  File "e:\lab\redbubble_ai\backend\venv\lib\site-packages\playwright\_impl\_connection.py", line 267, in run_as_sync
    await self.run()
  File "e:\lab\redbubble_ai\backend\venv\lib\site-packages\playwright\_impl\_connection.py", line 276, in run
    await self._transport.connect()
  File "e:\lab\redbubble_ai\backend\venv\lib\site-packages\playwright\_impl\_transport.py", line 133, in connect
    raise exc
  File "e:\lab\redbubble_ai\backend\venv\lib\site-packages\playwright\_impl\_transport.py", line 120, in connect
    self._proc = await asyncio.create_subprocess_exec(
  File "C:\Users\Cheng\AppData\Local\Programs\Python\Python38\lib\asyncio\subprocess.py", line 236, in create_subprocess_exec
    transport, protocol = await loop.subprocess_exec(
  File "C:\Users\Cheng\AppData\Local\Programs\Python\Python38\lib\asyncio\base_events.py", line 1630, in subprocess_exec
    transport = await self._make_subprocess_transport(
  File "C:\Users\Cheng\AppData\Local\Programs\Python\Python38\lib\asyncio\base_events.py", line 491, in _make_subprocess_transport
    raise NotImplementedError
NotImplementedError

2025-07-25 00:21:09,074 - api_server - ERROR - 爬虫任务执行失败: 
2025-07-25 00:21:30,695 - asyncio - ERROR - Future exception was never retrieved
future: <Future finished exception=NotImplementedError()>
Traceback (most recent call last):
  File "E:\Lab\redbubble_ai\backend\api_server.py", line 195, in run_crawler
    items = crawl_redbubble(keyword, pages, category)
  File "E:\Lab\redbubble_ai\backend\crawler_utils.py", line 127, in crawl_redbubble
    raise e
  File "E:\Lab\redbubble_ai\backend\crawler_utils.py", line 35, in crawl_redbubble
    with sync_playwright() as p:
  File "e:\lab\redbubble_ai\backend\venv\lib\site-packages\playwright\sync_api\_context_manager.py", line 77, in __enter__
    dispatcher_fiber.switch()
  File "e:\lab\redbubble_ai\backend\venv\lib\site-packages\playwright\sync_api\_context_manager.py", line 56, in greenlet_main
    self._loop.run_until_complete(self._connection.run_as_sync())
  File "C:\Users\Cheng\AppData\Local\Programs\Python\Python38\lib\asyncio\base_events.py", line 616, in run_until_complete
    return future.result()
  File "e:\lab\redbubble_ai\backend\venv\lib\site-packages\playwright\_impl\_connection.py", line 267, in run_as_sync
    await self.run()
  File "e:\lab\redbubble_ai\backend\venv\lib\site-packages\playwright\_impl\_connection.py", line 276, in run
    await self._transport.connect()
  File "e:\lab\redbubble_ai\backend\venv\lib\site-packages\playwright\_impl\_transport.py", line 133, in connect
    raise exc
  File "e:\lab\redbubble_ai\backend\venv\lib\site-packages\playwright\_impl\_transport.py", line 120, in connect
    self._proc = await asyncio.create_subprocess_exec(
  File "C:\Users\Cheng\AppData\Local\Programs\Python\Python38\lib\asyncio\subprocess.py", line 236, in create_subprocess_exec
    transport, protocol = await loop.subprocess_exec(
  File "C:\Users\Cheng\AppData\Local\Programs\Python\Python38\lib\asyncio\base_events.py", line 1630, in subprocess_exec
    transport = await self._make_subprocess_transport(
  File "C:\Users\Cheng\AppData\Local\Programs\Python\Python38\lib\asyncio\base_events.py", line 491, in _make_subprocess_transport
    raise NotImplementedError
NotImplementedError
2025-07-25 00:21:32,795 - api_server - INFO - 应用启动中...
2025-07-25 00:21:32,795 - api_server - INFO - 已创建results目录
2025-07-25 00:21:32,795 - api_server - INFO - 应用启动完成
2025-07-25 00:21:37,951 - api_server - INFO - 开始爬虫任务: 600a2c1c-01fb-4010-9f25-48707acac27e, 关键词: 123456789, 页数: 1, 类目: u-bags
2025-07-25 00:21:37,960 - crawler_utils - INFO - 检测到代理设置: http://127.0.0.1:7897
2025-07-25 00:21:37,961 - crawler_utils - ERROR - 爬虫执行失败: 
2025-07-25 00:21:37,961 - crawler_utils - ERROR - 详细错误信息: NotImplementedError: 
2025-07-25 00:21:37,962 - crawler_utils - ERROR - 完整错误堆栈: Traceback (most recent call last):
  File "E:\Lab\redbubble_ai\backend\crawler_utils.py", line 35, in crawl_redbubble
    with sync_playwright() as p:
  File "e:\lab\redbubble_ai\backend\venv\lib\site-packages\playwright\sync_api\_context_manager.py", line 77, in __enter__
    dispatcher_fiber.switch()
  File "e:\lab\redbubble_ai\backend\venv\lib\site-packages\playwright\sync_api\_context_manager.py", line 56, in greenlet_main
    self._loop.run_until_complete(self._connection.run_as_sync())
  File "C:\Users\Cheng\AppData\Local\Programs\Python\Python38\lib\asyncio\base_events.py", line 616, in run_until_complete
    return future.result()
  File "e:\lab\redbubble_ai\backend\venv\lib\site-packages\playwright\_impl\_connection.py", line 267, in run_as_sync
    await self.run()
  File "e:\lab\redbubble_ai\backend\venv\lib\site-packages\playwright\_impl\_connection.py", line 276, in run
    await self._transport.connect()
  File "e:\lab\redbubble_ai\backend\venv\lib\site-packages\playwright\_impl\_transport.py", line 133, in connect
    raise exc
  File "e:\lab\redbubble_ai\backend\venv\lib\site-packages\playwright\_impl\_transport.py", line 120, in connect
    self._proc = await asyncio.create_subprocess_exec(
  File "C:\Users\Cheng\AppData\Local\Programs\Python\Python38\lib\asyncio\subprocess.py", line 236, in create_subprocess_exec
    transport, protocol = await loop.subprocess_exec(
  File "C:\Users\Cheng\AppData\Local\Programs\Python\Python38\lib\asyncio\base_events.py", line 1630, in subprocess_exec
    transport = await self._make_subprocess_transport(
  File "C:\Users\Cheng\AppData\Local\Programs\Python\Python38\lib\asyncio\base_events.py", line 491, in _make_subprocess_transport
    raise NotImplementedError
NotImplementedError

2025-07-25 00:21:37,962 - api_server - ERROR - 爬虫任务执行失败: 
2025-07-25 00:21:58,212 - asyncio - ERROR - Future exception was never retrieved
future: <Future finished exception=NotImplementedError()>
Traceback (most recent call last):
  File "E:\Lab\redbubble_ai\backend\api_server.py", line 195, in run_crawler
    items = crawl_redbubble(keyword, pages, category)
  File "E:\Lab\redbubble_ai\backend\crawler_utils.py", line 127, in crawl_redbubble
    raise e
  File "E:\Lab\redbubble_ai\backend\crawler_utils.py", line 35, in crawl_redbubble
    with sync_playwright() as p:
  File "e:\lab\redbubble_ai\backend\venv\lib\site-packages\playwright\sync_api\_context_manager.py", line 77, in __enter__
    dispatcher_fiber.switch()
  File "e:\lab\redbubble_ai\backend\venv\lib\site-packages\playwright\sync_api\_context_manager.py", line 56, in greenlet_main
    self._loop.run_until_complete(self._connection.run_as_sync())
  File "C:\Users\Cheng\AppData\Local\Programs\Python\Python38\lib\asyncio\base_events.py", line 616, in run_until_complete
    return future.result()
  File "e:\lab\redbubble_ai\backend\venv\lib\site-packages\playwright\_impl\_connection.py", line 267, in run_as_sync
    await self.run()
  File "e:\lab\redbubble_ai\backend\venv\lib\site-packages\playwright\_impl\_connection.py", line 276, in run
    await self._transport.connect()
  File "e:\lab\redbubble_ai\backend\venv\lib\site-packages\playwright\_impl\_transport.py", line 133, in connect
    raise exc
  File "e:\lab\redbubble_ai\backend\venv\lib\site-packages\playwright\_impl\_transport.py", line 120, in connect
    self._proc = await asyncio.create_subprocess_exec(
  File "C:\Users\Cheng\AppData\Local\Programs\Python\Python38\lib\asyncio\subprocess.py", line 236, in create_subprocess_exec
    transport, protocol = await loop.subprocess_exec(
  File "C:\Users\Cheng\AppData\Local\Programs\Python\Python38\lib\asyncio\base_events.py", line 1630, in subprocess_exec
    transport = await self._make_subprocess_transport(
  File "C:\Users\Cheng\AppData\Local\Programs\Python\Python38\lib\asyncio\base_events.py", line 491, in _make_subprocess_transport
    raise NotImplementedError
NotImplementedError
2025-07-25 00:21:58,455 - api_server - INFO - 已设置Windows选择器事件循环策略，修复playwright兼容性
2025-07-25 00:21:58,456 - api_server - INFO - 应用启动中...
2025-07-25 00:21:58,457 - api_server - INFO - 已创建results目录
2025-07-25 00:21:58,457 - api_server - INFO - 应用启动完成
2025-07-25 00:22:03,481 - api_server - INFO - 开始爬虫任务: 5bbc7796-2b32-444c-b78d-1be18ed7632a, 关键词: 123456789, 页数: 1, 类目: u-bags
2025-07-25 00:22:03,488 - crawler_utils - INFO - 检测到代理设置: http://127.0.0.1:7897
2025-07-25 00:22:03,489 - crawler_utils - ERROR - 爬虫执行失败: 
2025-07-25 00:22:03,489 - crawler_utils - ERROR - 详细错误信息: NotImplementedError: 
2025-07-25 00:22:03,490 - crawler_utils - ERROR - 完整错误堆栈: Traceback (most recent call last):
  File "E:\Lab\redbubble_ai\backend\crawler_utils.py", line 35, in crawl_redbubble
    with sync_playwright() as p:
  File "e:\lab\redbubble_ai\backend\venv\lib\site-packages\playwright\sync_api\_context_manager.py", line 77, in __enter__
    dispatcher_fiber.switch()
  File "e:\lab\redbubble_ai\backend\venv\lib\site-packages\playwright\sync_api\_context_manager.py", line 56, in greenlet_main
    self._loop.run_until_complete(self._connection.run_as_sync())
  File "C:\Users\Cheng\AppData\Local\Programs\Python\Python38\lib\asyncio\base_events.py", line 616, in run_until_complete
    return future.result()
  File "e:\lab\redbubble_ai\backend\venv\lib\site-packages\playwright\_impl\_connection.py", line 267, in run_as_sync
    await self.run()
  File "e:\lab\redbubble_ai\backend\venv\lib\site-packages\playwright\_impl\_connection.py", line 276, in run
    await self._transport.connect()
  File "e:\lab\redbubble_ai\backend\venv\lib\site-packages\playwright\_impl\_transport.py", line 133, in connect
    raise exc
  File "e:\lab\redbubble_ai\backend\venv\lib\site-packages\playwright\_impl\_transport.py", line 120, in connect
    self._proc = await asyncio.create_subprocess_exec(
  File "C:\Users\Cheng\AppData\Local\Programs\Python\Python38\lib\asyncio\subprocess.py", line 236, in create_subprocess_exec
    transport, protocol = await loop.subprocess_exec(
  File "C:\Users\Cheng\AppData\Local\Programs\Python\Python38\lib\asyncio\base_events.py", line 1630, in subprocess_exec
    transport = await self._make_subprocess_transport(
  File "C:\Users\Cheng\AppData\Local\Programs\Python\Python38\lib\asyncio\base_events.py", line 491, in _make_subprocess_transport
    raise NotImplementedError
NotImplementedError

2025-07-25 00:22:03,491 - api_server - ERROR - 爬虫任务执行失败: 
2025-07-25 00:22:19,795 - api_server - INFO - 开始爬虫任务: 6de259e8-4f61-4b08-9bbd-68ba2a67b67e, 关键词: 123456789, 页数: 1, 类目: u-bags
2025-07-25 00:22:19,805 - crawler_utils - INFO - 检测到代理设置: http://127.0.0.1:7897
2025-07-25 00:22:19,806 - crawler_utils - ERROR - 爬虫执行失败: 
2025-07-25 00:22:19,806 - crawler_utils - ERROR - 详细错误信息: NotImplementedError: 
2025-07-25 00:22:19,806 - crawler_utils - ERROR - 完整错误堆栈: Traceback (most recent call last):
  File "E:\Lab\redbubble_ai\backend\crawler_utils.py", line 35, in crawl_redbubble
    with sync_playwright() as p:
  File "e:\lab\redbubble_ai\backend\venv\lib\site-packages\playwright\sync_api\_context_manager.py", line 77, in __enter__
    dispatcher_fiber.switch()
  File "e:\lab\redbubble_ai\backend\venv\lib\site-packages\playwright\sync_api\_context_manager.py", line 56, in greenlet_main
    self._loop.run_until_complete(self._connection.run_as_sync())
  File "C:\Users\Cheng\AppData\Local\Programs\Python\Python38\lib\asyncio\base_events.py", line 616, in run_until_complete
    return future.result()
  File "e:\lab\redbubble_ai\backend\venv\lib\site-packages\playwright\_impl\_connection.py", line 267, in run_as_sync
    await self.run()
  File "e:\lab\redbubble_ai\backend\venv\lib\site-packages\playwright\_impl\_connection.py", line 276, in run
    await self._transport.connect()
  File "e:\lab\redbubble_ai\backend\venv\lib\site-packages\playwright\_impl\_transport.py", line 133, in connect
    raise exc
  File "e:\lab\redbubble_ai\backend\venv\lib\site-packages\playwright\_impl\_transport.py", line 120, in connect
    self._proc = await asyncio.create_subprocess_exec(
  File "C:\Users\Cheng\AppData\Local\Programs\Python\Python38\lib\asyncio\subprocess.py", line 236, in create_subprocess_exec
    transport, protocol = await loop.subprocess_exec(
  File "C:\Users\Cheng\AppData\Local\Programs\Python\Python38\lib\asyncio\base_events.py", line 1630, in subprocess_exec
    transport = await self._make_subprocess_transport(
  File "C:\Users\Cheng\AppData\Local\Programs\Python\Python38\lib\asyncio\base_events.py", line 491, in _make_subprocess_transport
    raise NotImplementedError
NotImplementedError

2025-07-25 00:22:19,807 - api_server - ERROR - 爬虫任务执行失败: 
2025-07-25 00:22:22,977 - asyncio - ERROR - Future exception was never retrieved
future: <Future finished exception=NotImplementedError()>
Traceback (most recent call last):
  File "E:\Lab\redbubble_ai\backend\api_server.py", line 195, in run_crawler
    items = crawl_redbubble(keyword, pages, category)
  File "E:\Lab\redbubble_ai\backend\crawler_utils.py", line 127, in crawl_redbubble
    raise e
  File "E:\Lab\redbubble_ai\backend\crawler_utils.py", line 35, in crawl_redbubble
    with sync_playwright() as p:
  File "e:\lab\redbubble_ai\backend\venv\lib\site-packages\playwright\sync_api\_context_manager.py", line 77, in __enter__
    dispatcher_fiber.switch()
  File "e:\lab\redbubble_ai\backend\venv\lib\site-packages\playwright\sync_api\_context_manager.py", line 56, in greenlet_main
    self._loop.run_until_complete(self._connection.run_as_sync())
  File "C:\Users\Cheng\AppData\Local\Programs\Python\Python38\lib\asyncio\base_events.py", line 616, in run_until_complete
    return future.result()
  File "e:\lab\redbubble_ai\backend\venv\lib\site-packages\playwright\_impl\_connection.py", line 267, in run_as_sync
    await self.run()
  File "e:\lab\redbubble_ai\backend\venv\lib\site-packages\playwright\_impl\_connection.py", line 276, in run
    await self._transport.connect()
  File "e:\lab\redbubble_ai\backend\venv\lib\site-packages\playwright\_impl\_transport.py", line 133, in connect
    raise exc
  File "e:\lab\redbubble_ai\backend\venv\lib\site-packages\playwright\_impl\_transport.py", line 120, in connect
    self._proc = await asyncio.create_subprocess_exec(
  File "C:\Users\Cheng\AppData\Local\Programs\Python\Python38\lib\asyncio\subprocess.py", line 236, in create_subprocess_exec
    transport, protocol = await loop.subprocess_exec(
  File "C:\Users\Cheng\AppData\Local\Programs\Python\Python38\lib\asyncio\base_events.py", line 1630, in subprocess_exec
    transport = await self._make_subprocess_transport(
  File "C:\Users\Cheng\AppData\Local\Programs\Python\Python38\lib\asyncio\base_events.py", line 491, in _make_subprocess_transport
    raise NotImplementedError
NotImplementedError
2025-07-25 00:22:22,978 - asyncio - ERROR - Future exception was never retrieved
future: <Future finished exception=NotImplementedError()>
Traceback (most recent call last):
  File "E:\Lab\redbubble_ai\backend\api_server.py", line 195, in run_crawler
    items = crawl_redbubble(keyword, pages, category)
  File "E:\Lab\redbubble_ai\backend\crawler_utils.py", line 127, in crawl_redbubble
    raise e
  File "E:\Lab\redbubble_ai\backend\crawler_utils.py", line 35, in crawl_redbubble
    with sync_playwright() as p:
  File "e:\lab\redbubble_ai\backend\venv\lib\site-packages\playwright\sync_api\_context_manager.py", line 77, in __enter__
    dispatcher_fiber.switch()
  File "e:\lab\redbubble_ai\backend\venv\lib\site-packages\playwright\sync_api\_context_manager.py", line 56, in greenlet_main
    self._loop.run_until_complete(self._connection.run_as_sync())
  File "C:\Users\Cheng\AppData\Local\Programs\Python\Python38\lib\asyncio\base_events.py", line 616, in run_until_complete
    return future.result()
  File "e:\lab\redbubble_ai\backend\venv\lib\site-packages\playwright\_impl\_connection.py", line 267, in run_as_sync
    await self.run()
  File "e:\lab\redbubble_ai\backend\venv\lib\site-packages\playwright\_impl\_connection.py", line 276, in run
    await self._transport.connect()
  File "e:\lab\redbubble_ai\backend\venv\lib\site-packages\playwright\_impl\_transport.py", line 133, in connect
    raise exc
  File "e:\lab\redbubble_ai\backend\venv\lib\site-packages\playwright\_impl\_transport.py", line 120, in connect
    self._proc = await asyncio.create_subprocess_exec(
  File "C:\Users\Cheng\AppData\Local\Programs\Python\Python38\lib\asyncio\subprocess.py", line 236, in create_subprocess_exec
    transport, protocol = await loop.subprocess_exec(
  File "C:\Users\Cheng\AppData\Local\Programs\Python\Python38\lib\asyncio\base_events.py", line 1630, in subprocess_exec
    transport = await self._make_subprocess_transport(
  File "C:\Users\Cheng\AppData\Local\Programs\Python\Python38\lib\asyncio\base_events.py", line 491, in _make_subprocess_transport
    raise NotImplementedError
NotImplementedError
2025-07-25 00:22:23,237 - api_server - INFO - 已设置Windows选择器事件循环策略，修复playwright兼容性
2025-07-25 00:22:23,239 - api_server - INFO - 应用启动中...
2025-07-25 00:22:23,239 - api_server - INFO - 已创建results目录
2025-07-25 00:22:23,239 - api_server - INFO - 应用启动完成
2025-07-25 00:22:25,383 - api_server - INFO - 已设置Windows选择器事件循环策略，修复playwright兼容性
2025-07-25 00:22:25,384 - api_server - INFO - 应用启动中...
2025-07-25 00:22:25,384 - api_server - INFO - 已创建results目录
2025-07-25 00:22:25,384 - api_server - INFO - 应用启动完成
2025-07-25 00:22:26,804 - api_server - INFO - 开始爬虫任务: 881664af-fd18-40a4-9819-b97c9cca2de1, 关键词: 123456789, 页数: 1, 类目: u-bags
2025-07-25 00:22:26,813 - crawler_utils - INFO - 检测到代理设置: http://127.0.0.1:7897
2025-07-25 00:22:26,813 - crawler_utils - ERROR - 爬虫执行失败: 
2025-07-25 00:22:26,814 - crawler_utils - ERROR - 详细错误信息: NotImplementedError: 
2025-07-25 00:22:26,814 - crawler_utils - ERROR - 完整错误堆栈: Traceback (most recent call last):
  File "E:\Lab\redbubble_ai\backend\crawler_utils.py", line 35, in crawl_redbubble
    with sync_playwright() as p:
  File "e:\lab\redbubble_ai\backend\venv\lib\site-packages\playwright\sync_api\_context_manager.py", line 77, in __enter__
    dispatcher_fiber.switch()
  File "e:\lab\redbubble_ai\backend\venv\lib\site-packages\playwright\sync_api\_context_manager.py", line 56, in greenlet_main
    self._loop.run_until_complete(self._connection.run_as_sync())
  File "C:\Users\Cheng\AppData\Local\Programs\Python\Python38\lib\asyncio\base_events.py", line 616, in run_until_complete
    return future.result()
  File "e:\lab\redbubble_ai\backend\venv\lib\site-packages\playwright\_impl\_connection.py", line 267, in run_as_sync
    await self.run()
  File "e:\lab\redbubble_ai\backend\venv\lib\site-packages\playwright\_impl\_connection.py", line 276, in run
    await self._transport.connect()
  File "e:\lab\redbubble_ai\backend\venv\lib\site-packages\playwright\_impl\_transport.py", line 133, in connect
    raise exc
  File "e:\lab\redbubble_ai\backend\venv\lib\site-packages\playwright\_impl\_transport.py", line 120, in connect
    self._proc = await asyncio.create_subprocess_exec(
  File "C:\Users\Cheng\AppData\Local\Programs\Python\Python38\lib\asyncio\subprocess.py", line 236, in create_subprocess_exec
    transport, protocol = await loop.subprocess_exec(
  File "C:\Users\Cheng\AppData\Local\Programs\Python\Python38\lib\asyncio\base_events.py", line 1630, in subprocess_exec
    transport = await self._make_subprocess_transport(
  File "C:\Users\Cheng\AppData\Local\Programs\Python\Python38\lib\asyncio\base_events.py", line 491, in _make_subprocess_transport
    raise NotImplementedError
NotImplementedError

2025-07-25 00:22:26,815 - api_server - ERROR - 爬虫任务执行失败: 
2025-07-25 00:22:35,018 - asyncio - ERROR - Future exception was never retrieved
future: <Future finished exception=NotImplementedError()>
Traceback (most recent call last):
  File "E:\Lab\redbubble_ai\backend\api_server.py", line 195, in run_crawler
    items = crawl_redbubble(keyword, pages, category)
  File "E:\Lab\redbubble_ai\backend\crawler_utils.py", line 127, in crawl_redbubble
    raise e
  File "E:\Lab\redbubble_ai\backend\crawler_utils.py", line 35, in crawl_redbubble
    with sync_playwright() as p:
  File "e:\lab\redbubble_ai\backend\venv\lib\site-packages\playwright\sync_api\_context_manager.py", line 77, in __enter__
    dispatcher_fiber.switch()
  File "e:\lab\redbubble_ai\backend\venv\lib\site-packages\playwright\sync_api\_context_manager.py", line 56, in greenlet_main
    self._loop.run_until_complete(self._connection.run_as_sync())
  File "C:\Users\Cheng\AppData\Local\Programs\Python\Python38\lib\asyncio\base_events.py", line 616, in run_until_complete
    return future.result()
  File "e:\lab\redbubble_ai\backend\venv\lib\site-packages\playwright\_impl\_connection.py", line 267, in run_as_sync
    await self.run()
  File "e:\lab\redbubble_ai\backend\venv\lib\site-packages\playwright\_impl\_connection.py", line 276, in run
    await self._transport.connect()
  File "e:\lab\redbubble_ai\backend\venv\lib\site-packages\playwright\_impl\_transport.py", line 133, in connect
    raise exc
  File "e:\lab\redbubble_ai\backend\venv\lib\site-packages\playwright\_impl\_transport.py", line 120, in connect
    self._proc = await asyncio.create_subprocess_exec(
  File "C:\Users\Cheng\AppData\Local\Programs\Python\Python38\lib\asyncio\subprocess.py", line 236, in create_subprocess_exec
    transport, protocol = await loop.subprocess_exec(
  File "C:\Users\Cheng\AppData\Local\Programs\Python\Python38\lib\asyncio\base_events.py", line 1630, in subprocess_exec
    transport = await self._make_subprocess_transport(
  File "C:\Users\Cheng\AppData\Local\Programs\Python\Python38\lib\asyncio\base_events.py", line 491, in _make_subprocess_transport
    raise NotImplementedError
NotImplementedError
2025-07-25 00:22:35,233 - api_server - INFO - 已设置Windows选择器事件循环策略，修复playwright兼容性
2025-07-25 00:22:35,234 - api_server - INFO - 应用启动中...
2025-07-25 00:22:35,234 - api_server - INFO - 已创建results目录
2025-07-25 00:22:35,234 - api_server - INFO - 应用启动完成
2025-07-25 00:22:35,751 - api_server - INFO - 已设置Windows选择器事件循环策略，修复playwright兼容性
2025-07-25 00:22:35,753 - api_server - INFO - 应用启动中...
2025-07-25 00:22:35,753 - api_server - INFO - 已创建results目录
2025-07-25 00:22:35,753 - api_server - INFO - 应用启动完成
2025-07-25 00:22:46,123 - api_server - INFO - 已设置Windows选择器事件循环策略，修复playwright兼容性
2025-07-25 00:22:46,124 - api_server - INFO - 应用启动中...
2025-07-25 00:22:46,125 - api_server - INFO - 已创建results目录
2025-07-25 00:22:46,125 - api_server - INFO - 应用启动完成
2025-07-25 00:23:03,107 - api_server - INFO - 已设置Windows选择器事件循环策略，修复playwright兼容性
2025-07-25 00:23:03,108 - api_server - INFO - 应用启动中...
2025-07-25 00:23:03,108 - api_server - INFO - 已创建results目录
2025-07-25 00:23:03,108 - api_server - INFO - 应用启动完成
2025-07-25 00:23:14,068 - api_server - INFO - 已设置Windows选择器事件循环策略，修复playwright兼容性
2025-07-25 00:23:14,070 - api_server - INFO - 应用启动中...
2025-07-25 00:23:14,070 - api_server - INFO - 已创建results目录
2025-07-25 00:23:14,070 - api_server - INFO - 应用启动完成
2025-07-25 00:23:14,590 - api_server - INFO - 已设置Windows选择器事件循环策略，修复playwright兼容性
2025-07-25 00:23:14,592 - api_server - INFO - 应用启动中...
2025-07-25 00:23:14,592 - api_server - INFO - 已创建results目录
2025-07-25 00:23:14,593 - api_server - INFO - 应用启动完成
2025-07-25 00:23:25,903 - api_server - INFO - 已设置Windows选择器事件循环策略，修复playwright兼容性
2025-07-25 00:23:25,905 - api_server - INFO - 应用启动中...
2025-07-25 00:23:25,905 - api_server - INFO - 已创建results目录
2025-07-25 00:23:25,905 - api_server - INFO - 应用启动完成
2025-07-25 00:23:42,499 - api_server - INFO - 已设置Windows选择器事件循环策略，修复playwright兼容性
2025-07-25 00:23:42,501 - api_server - INFO - 应用启动中...
2025-07-25 00:23:42,501 - api_server - INFO - 已创建results目录
2025-07-25 00:23:42,501 - api_server - INFO - 应用启动完成
2025-07-25 00:24:16,879 - api_server - INFO - 已设置Windows选择器事件循环策略，修复playwright兼容性
2025-07-25 00:24:16,880 - api_server - INFO - 应用启动中...
2025-07-25 00:24:16,880 - api_server - INFO - 已创建results目录
2025-07-25 00:24:16,880 - api_server - INFO - 应用启动完成
2025-07-25 00:24:19,801 - api_server - INFO - 已设置Windows选择器事件循环策略，修复playwright兼容性
2025-07-25 00:24:19,803 - api_server - INFO - 应用启动中...
2025-07-25 00:24:19,803 - api_server - INFO - 已创建results目录
2025-07-25 00:24:19,803 - api_server - INFO - 应用启动完成
2025-07-25 00:24:22,074 - api_server - INFO - 开始爬虫任务: 55ae64ab-f339-481c-a16c-430705992c4c, 关键词: 123456789, 页数: 1, 类目: u-bags
2025-07-25 00:24:22,082 - api_server - INFO - 启动爬虫，已修复Windows事件循环策略问题
2025-07-25 00:24:22,082 - crawler_utils - INFO - 检测到代理设置: http://127.0.0.1:7897
2025-07-25 00:24:22,083 - crawler_utils - ERROR - 爬虫执行失败: 
2025-07-25 00:24:22,083 - crawler_utils - ERROR - 详细错误信息: NotImplementedError: 
2025-07-25 00:24:22,085 - crawler_utils - ERROR - 完整错误堆栈: Traceback (most recent call last):
  File "E:\Lab\redbubble_ai\backend\crawler_utils.py", line 42, in crawl_redbubble
    with sync_playwright() as p:
  File "e:\lab\redbubble_ai\backend\venv\lib\site-packages\playwright\sync_api\_context_manager.py", line 77, in __enter__
    dispatcher_fiber.switch()
  File "e:\lab\redbubble_ai\backend\venv\lib\site-packages\playwright\sync_api\_context_manager.py", line 56, in greenlet_main
    self._loop.run_until_complete(self._connection.run_as_sync())
  File "C:\Users\Cheng\AppData\Local\Programs\Python\Python38\lib\asyncio\base_events.py", line 616, in run_until_complete
    return future.result()
  File "e:\lab\redbubble_ai\backend\venv\lib\site-packages\playwright\_impl\_connection.py", line 267, in run_as_sync
    await self.run()
  File "e:\lab\redbubble_ai\backend\venv\lib\site-packages\playwright\_impl\_connection.py", line 276, in run
    await self._transport.connect()
  File "e:\lab\redbubble_ai\backend\venv\lib\site-packages\playwright\_impl\_transport.py", line 133, in connect
    raise exc
  File "e:\lab\redbubble_ai\backend\venv\lib\site-packages\playwright\_impl\_transport.py", line 120, in connect
    self._proc = await asyncio.create_subprocess_exec(
  File "C:\Users\Cheng\AppData\Local\Programs\Python\Python38\lib\asyncio\subprocess.py", line 236, in create_subprocess_exec
    transport, protocol = await loop.subprocess_exec(
  File "C:\Users\Cheng\AppData\Local\Programs\Python\Python38\lib\asyncio\base_events.py", line 1630, in subprocess_exec
    transport = await self._make_subprocess_transport(
  File "C:\Users\Cheng\AppData\Local\Programs\Python\Python38\lib\asyncio\base_events.py", line 491, in _make_subprocess_transport
    raise NotImplementedError
NotImplementedError

2025-07-25 00:24:22,085 - api_server - ERROR - 爬虫任务执行失败: 
2025-07-25 00:24:28,238 - asyncio - ERROR - Future exception was never retrieved
future: <Future finished exception=NotImplementedError()>
Traceback (most recent call last):
  File "E:\Lab\redbubble_ai\backend\api_server.py", line 196, in run_crawler
    items = crawl_redbubble(keyword, pages, category)
  File "E:\Lab\redbubble_ai\backend\crawler_utils.py", line 134, in crawl_redbubble
    raise e
  File "E:\Lab\redbubble_ai\backend\crawler_utils.py", line 42, in crawl_redbubble
    with sync_playwright() as p:
  File "e:\lab\redbubble_ai\backend\venv\lib\site-packages\playwright\sync_api\_context_manager.py", line 77, in __enter__
    dispatcher_fiber.switch()
  File "e:\lab\redbubble_ai\backend\venv\lib\site-packages\playwright\sync_api\_context_manager.py", line 56, in greenlet_main
    self._loop.run_until_complete(self._connection.run_as_sync())
  File "C:\Users\Cheng\AppData\Local\Programs\Python\Python38\lib\asyncio\base_events.py", line 616, in run_until_complete
    return future.result()
  File "e:\lab\redbubble_ai\backend\venv\lib\site-packages\playwright\_impl\_connection.py", line 267, in run_as_sync
    await self.run()
  File "e:\lab\redbubble_ai\backend\venv\lib\site-packages\playwright\_impl\_connection.py", line 276, in run
    await self._transport.connect()
  File "e:\lab\redbubble_ai\backend\venv\lib\site-packages\playwright\_impl\_transport.py", line 133, in connect
    raise exc
  File "e:\lab\redbubble_ai\backend\venv\lib\site-packages\playwright\_impl\_transport.py", line 120, in connect
    self._proc = await asyncio.create_subprocess_exec(
  File "C:\Users\Cheng\AppData\Local\Programs\Python\Python38\lib\asyncio\subprocess.py", line 236, in create_subprocess_exec
    transport, protocol = await loop.subprocess_exec(
  File "C:\Users\Cheng\AppData\Local\Programs\Python\Python38\lib\asyncio\base_events.py", line 1630, in subprocess_exec
    transport = await self._make_subprocess_transport(
  File "C:\Users\Cheng\AppData\Local\Programs\Python\Python38\lib\asyncio\base_events.py", line 491, in _make_subprocess_transport
    raise NotImplementedError
NotImplementedError
2025-07-25 00:24:29,795 - api_server - INFO - 已设置Windows选择器事件循环策略，修复playwright兼容性
2025-07-25 00:24:29,797 - api_server - INFO - 应用启动中...
2025-07-25 00:24:29,797 - api_server - INFO - 已创建results目录
2025-07-25 00:24:29,797 - api_server - INFO - 应用启动完成
2025-07-25 00:24:36,875 - api_server - INFO - 开始爬虫任务: a398fb29-608a-499d-83c4-f464ebe6078a, 关键词: 123456789, 页数: 1, 类目: u-bags
2025-07-25 00:24:36,884 - api_server - INFO - 启动爬虫，已修复Windows事件循环策略问题
2025-07-25 00:24:36,884 - crawler_utils - INFO - 检测到代理设置: http://127.0.0.1:7897
2025-07-25 00:24:36,884 - crawler_utils - ERROR - 爬虫执行失败: 
2025-07-25 00:24:36,885 - crawler_utils - ERROR - 详细错误信息: NotImplementedError: 
2025-07-25 00:24:36,885 - crawler_utils - ERROR - 完整错误堆栈: Traceback (most recent call last):
  File "E:\Lab\redbubble_ai\backend\crawler_utils.py", line 42, in crawl_redbubble
    with sync_playwright() as p:
  File "e:\lab\redbubble_ai\backend\venv\lib\site-packages\playwright\sync_api\_context_manager.py", line 77, in __enter__
    dispatcher_fiber.switch()
  File "e:\lab\redbubble_ai\backend\venv\lib\site-packages\playwright\sync_api\_context_manager.py", line 56, in greenlet_main
    self._loop.run_until_complete(self._connection.run_as_sync())
  File "C:\Users\Cheng\AppData\Local\Programs\Python\Python38\lib\asyncio\base_events.py", line 616, in run_until_complete
    return future.result()
  File "e:\lab\redbubble_ai\backend\venv\lib\site-packages\playwright\_impl\_connection.py", line 267, in run_as_sync
    await self.run()
  File "e:\lab\redbubble_ai\backend\venv\lib\site-packages\playwright\_impl\_connection.py", line 276, in run
    await self._transport.connect()
  File "e:\lab\redbubble_ai\backend\venv\lib\site-packages\playwright\_impl\_transport.py", line 133, in connect
    raise exc
  File "e:\lab\redbubble_ai\backend\venv\lib\site-packages\playwright\_impl\_transport.py", line 120, in connect
    self._proc = await asyncio.create_subprocess_exec(
  File "C:\Users\Cheng\AppData\Local\Programs\Python\Python38\lib\asyncio\subprocess.py", line 236, in create_subprocess_exec
    transport, protocol = await loop.subprocess_exec(
  File "C:\Users\Cheng\AppData\Local\Programs\Python\Python38\lib\asyncio\base_events.py", line 1630, in subprocess_exec
    transport = await self._make_subprocess_transport(
  File "C:\Users\Cheng\AppData\Local\Programs\Python\Python38\lib\asyncio\base_events.py", line 491, in _make_subprocess_transport
    raise NotImplementedError
NotImplementedError

2025-07-25 00:24:36,886 - api_server - ERROR - 爬虫任务执行失败: 
2025-07-25 00:24:46,296 - asyncio - ERROR - Future exception was never retrieved
future: <Future finished exception=NotImplementedError()>
Traceback (most recent call last):
  File "E:\Lab\redbubble_ai\backend\api_server.py", line 196, in run_crawler
    items = crawl_redbubble(keyword, pages, category)
  File "E:\Lab\redbubble_ai\backend\crawler_utils.py", line 134, in crawl_redbubble
    browser.close()
  File "E:\Lab\redbubble_ai\backend\crawler_utils.py", line 42, in crawl_redbubble
    # 根据你的实际代理设置调整这里
  File "e:\lab\redbubble_ai\backend\venv\lib\site-packages\playwright\sync_api\_context_manager.py", line 77, in __enter__
    dispatcher_fiber.switch()
  File "e:\lab\redbubble_ai\backend\venv\lib\site-packages\playwright\sync_api\_context_manager.py", line 56, in greenlet_main
    self._loop.run_until_complete(self._connection.run_as_sync())
  File "C:\Users\Cheng\AppData\Local\Programs\Python\Python38\lib\asyncio\base_events.py", line 616, in run_until_complete
    return future.result()
  File "e:\lab\redbubble_ai\backend\venv\lib\site-packages\playwright\_impl\_connection.py", line 267, in run_as_sync
    await self.run()
  File "e:\lab\redbubble_ai\backend\venv\lib\site-packages\playwright\_impl\_connection.py", line 276, in run
    await self._transport.connect()
  File "e:\lab\redbubble_ai\backend\venv\lib\site-packages\playwright\_impl\_transport.py", line 133, in connect
    raise exc
  File "e:\lab\redbubble_ai\backend\venv\lib\site-packages\playwright\_impl\_transport.py", line 120, in connect
    self._proc = await asyncio.create_subprocess_exec(
  File "C:\Users\Cheng\AppData\Local\Programs\Python\Python38\lib\asyncio\subprocess.py", line 236, in create_subprocess_exec
    transport, protocol = await loop.subprocess_exec(
  File "C:\Users\Cheng\AppData\Local\Programs\Python\Python38\lib\asyncio\base_events.py", line 1630, in subprocess_exec
    transport = await self._make_subprocess_transport(
  File "C:\Users\Cheng\AppData\Local\Programs\Python\Python38\lib\asyncio\base_events.py", line 491, in _make_subprocess_transport
    raise NotImplementedError
NotImplementedError
2025-07-25 00:24:46,559 - api_server - INFO - 已设置Windows选择器事件循环策略，修复playwright兼容性
2025-07-25 00:24:46,561 - api_server - INFO - 应用启动中...
2025-07-25 00:24:46,561 - api_server - INFO - 已创建results目录
2025-07-25 00:24:46,561 - api_server - INFO - 应用启动完成
2025-07-25 00:25:28,826 - api_server - INFO - 开始爬虫任务: c67d085b-a52f-4190-89ad-052867385317, 关键词: 123456789, 页数: 1, 类目: u-bags
2025-07-25 00:25:28,836 - api_server - INFO - 启动爬虫，已修复Windows事件循环策略问题
2025-07-25 00:25:28,837 - crawler_utils - INFO - 检测到代理设置: http://127.0.0.1:7897
2025-07-25 00:25:28,837 - crawler_utils - ERROR - 爬虫执行失败: 
2025-07-25 00:25:28,837 - crawler_utils - ERROR - 详细错误信息: NotImplementedError: 
2025-07-25 00:25:28,838 - crawler_utils - ERROR - 完整错误堆栈: Traceback (most recent call last):
  File "E:\Lab\redbubble_ai\backend\crawler_utils.py", line 49, in crawl_redbubble
    with sync_playwright() as p:
  File "e:\lab\redbubble_ai\backend\venv\lib\site-packages\playwright\sync_api\_context_manager.py", line 77, in __enter__
    dispatcher_fiber.switch()
  File "e:\lab\redbubble_ai\backend\venv\lib\site-packages\playwright\sync_api\_context_manager.py", line 56, in greenlet_main
    self._loop.run_until_complete(self._connection.run_as_sync())
  File "C:\Users\Cheng\AppData\Local\Programs\Python\Python38\lib\asyncio\base_events.py", line 616, in run_until_complete
    return future.result()
  File "e:\lab\redbubble_ai\backend\venv\lib\site-packages\playwright\_impl\_connection.py", line 267, in run_as_sync
    await self.run()
  File "e:\lab\redbubble_ai\backend\venv\lib\site-packages\playwright\_impl\_connection.py", line 276, in run
    await self._transport.connect()
  File "e:\lab\redbubble_ai\backend\venv\lib\site-packages\playwright\_impl\_transport.py", line 133, in connect
    raise exc
  File "e:\lab\redbubble_ai\backend\venv\lib\site-packages\playwright\_impl\_transport.py", line 120, in connect
    self._proc = await asyncio.create_subprocess_exec(
  File "C:\Users\Cheng\AppData\Local\Programs\Python\Python38\lib\asyncio\subprocess.py", line 236, in create_subprocess_exec
    transport, protocol = await loop.subprocess_exec(
  File "C:\Users\Cheng\AppData\Local\Programs\Python\Python38\lib\asyncio\base_events.py", line 1630, in subprocess_exec
    transport = await self._make_subprocess_transport(
  File "C:\Users\Cheng\AppData\Local\Programs\Python\Python38\lib\asyncio\base_events.py", line 491, in _make_subprocess_transport
    raise NotImplementedError
NotImplementedError

2025-07-25 00:25:28,839 - api_server - ERROR - 爬虫任务执行失败: 
2025-07-25 00:25:31,260 - api_server - INFO - 开始爬虫任务: 2a72bfd4-1352-4289-8a75-79fef2c248c9, 关键词: 123456789, 页数: 1, 类目: u-bags
2025-07-25 00:25:31,272 - api_server - INFO - 启动爬虫，已修复Windows事件循环策略问题
2025-07-25 00:25:31,272 - crawler_utils - INFO - 检测到代理设置: http://127.0.0.1:7897
2025-07-25 00:25:31,273 - crawler_utils - ERROR - 爬虫执行失败: 
2025-07-25 00:25:31,273 - crawler_utils - ERROR - 详细错误信息: NotImplementedError: 
2025-07-25 00:25:31,274 - crawler_utils - ERROR - 完整错误堆栈: Traceback (most recent call last):
  File "E:\Lab\redbubble_ai\backend\crawler_utils.py", line 49, in crawl_redbubble
    with sync_playwright() as p:
  File "e:\lab\redbubble_ai\backend\venv\lib\site-packages\playwright\sync_api\_context_manager.py", line 77, in __enter__
    dispatcher_fiber.switch()
  File "e:\lab\redbubble_ai\backend\venv\lib\site-packages\playwright\sync_api\_context_manager.py", line 56, in greenlet_main
    self._loop.run_until_complete(self._connection.run_as_sync())
  File "C:\Users\Cheng\AppData\Local\Programs\Python\Python38\lib\asyncio\base_events.py", line 616, in run_until_complete
    return future.result()
  File "e:\lab\redbubble_ai\backend\venv\lib\site-packages\playwright\_impl\_connection.py", line 267, in run_as_sync
    await self.run()
  File "e:\lab\redbubble_ai\backend\venv\lib\site-packages\playwright\_impl\_connection.py", line 276, in run
    await self._transport.connect()
  File "e:\lab\redbubble_ai\backend\venv\lib\site-packages\playwright\_impl\_transport.py", line 133, in connect
    raise exc
  File "e:\lab\redbubble_ai\backend\venv\lib\site-packages\playwright\_impl\_transport.py", line 120, in connect
    self._proc = await asyncio.create_subprocess_exec(
  File "C:\Users\Cheng\AppData\Local\Programs\Python\Python38\lib\asyncio\subprocess.py", line 236, in create_subprocess_exec
    transport, protocol = await loop.subprocess_exec(
  File "C:\Users\Cheng\AppData\Local\Programs\Python\Python38\lib\asyncio\base_events.py", line 1630, in subprocess_exec
    transport = await self._make_subprocess_transport(
  File "C:\Users\Cheng\AppData\Local\Programs\Python\Python38\lib\asyncio\base_events.py", line 491, in _make_subprocess_transport
    raise NotImplementedError
NotImplementedError

2025-07-25 00:25:31,275 - api_server - ERROR - 爬虫任务执行失败: 
2025-07-25 00:26:36,876 - asyncio - ERROR - Future exception was never retrieved
future: <Future finished exception=NotImplementedError()>
Traceback (most recent call last):
  File "E:\Lab\redbubble_ai\backend\api_server.py", line 196, in run_crawler
    items = crawl_redbubble(keyword, pages, category)
  File "E:\Lab\redbubble_ai\backend\crawler_utils.py", line 141, in crawl_redbubble
    raise e
  File "E:\Lab\redbubble_ai\backend\crawler_utils.py", line 49, in crawl_redbubble
    with sync_playwright() as p:
  File "e:\lab\redbubble_ai\backend\venv\lib\site-packages\playwright\sync_api\_context_manager.py", line 77, in __enter__
    dispatcher_fiber.switch()
  File "e:\lab\redbubble_ai\backend\venv\lib\site-packages\playwright\sync_api\_context_manager.py", line 56, in greenlet_main
    self._loop.run_until_complete(self._connection.run_as_sync())
  File "C:\Users\Cheng\AppData\Local\Programs\Python\Python38\lib\asyncio\base_events.py", line 616, in run_until_complete
    return future.result()
  File "e:\lab\redbubble_ai\backend\venv\lib\site-packages\playwright\_impl\_connection.py", line 267, in run_as_sync
    await self.run()
  File "e:\lab\redbubble_ai\backend\venv\lib\site-packages\playwright\_impl\_connection.py", line 276, in run
    await self._transport.connect()
  File "e:\lab\redbubble_ai\backend\venv\lib\site-packages\playwright\_impl\_transport.py", line 133, in connect
    raise exc
  File "e:\lab\redbubble_ai\backend\venv\lib\site-packages\playwright\_impl\_transport.py", line 120, in connect
    self._proc = await asyncio.create_subprocess_exec(
  File "C:\Users\Cheng\AppData\Local\Programs\Python\Python38\lib\asyncio\subprocess.py", line 236, in create_subprocess_exec
    transport, protocol = await loop.subprocess_exec(
  File "C:\Users\Cheng\AppData\Local\Programs\Python\Python38\lib\asyncio\base_events.py", line 1630, in subprocess_exec
    transport = await self._make_subprocess_transport(
  File "C:\Users\Cheng\AppData\Local\Programs\Python\Python38\lib\asyncio\base_events.py", line 491, in _make_subprocess_transport
    raise NotImplementedError
NotImplementedError
2025-07-25 00:26:36,878 - asyncio - ERROR - Future exception was never retrieved
future: <Future finished exception=NotImplementedError()>
Traceback (most recent call last):
  File "E:\Lab\redbubble_ai\backend\api_server.py", line 196, in run_crawler
    items = crawl_redbubble(keyword, pages, category)
  File "E:\Lab\redbubble_ai\backend\crawler_utils.py", line 141, in crawl_redbubble
    raise e
  File "E:\Lab\redbubble_ai\backend\crawler_utils.py", line 49, in crawl_redbubble
    with sync_playwright() as p:
  File "e:\lab\redbubble_ai\backend\venv\lib\site-packages\playwright\sync_api\_context_manager.py", line 77, in __enter__
    dispatcher_fiber.switch()
  File "e:\lab\redbubble_ai\backend\venv\lib\site-packages\playwright\sync_api\_context_manager.py", line 56, in greenlet_main
    self._loop.run_until_complete(self._connection.run_as_sync())
  File "C:\Users\Cheng\AppData\Local\Programs\Python\Python38\lib\asyncio\base_events.py", line 616, in run_until_complete
    return future.result()
  File "e:\lab\redbubble_ai\backend\venv\lib\site-packages\playwright\_impl\_connection.py", line 267, in run_as_sync
    await self.run()
  File "e:\lab\redbubble_ai\backend\venv\lib\site-packages\playwright\_impl\_connection.py", line 276, in run
    await self._transport.connect()
  File "e:\lab\redbubble_ai\backend\venv\lib\site-packages\playwright\_impl\_transport.py", line 133, in connect
    raise exc
  File "e:\lab\redbubble_ai\backend\venv\lib\site-packages\playwright\_impl\_transport.py", line 120, in connect
    self._proc = await asyncio.create_subprocess_exec(
  File "C:\Users\Cheng\AppData\Local\Programs\Python\Python38\lib\asyncio\subprocess.py", line 236, in create_subprocess_exec
    transport, protocol = await loop.subprocess_exec(
  File "C:\Users\Cheng\AppData\Local\Programs\Python\Python38\lib\asyncio\base_events.py", line 1630, in subprocess_exec
    transport = await self._make_subprocess_transport(
  File "C:\Users\Cheng\AppData\Local\Programs\Python\Python38\lib\asyncio\base_events.py", line 491, in _make_subprocess_transport
    raise NotImplementedError
NotImplementedError
2025-07-25 00:27:27,542 - api_server - INFO - 应用启动中...
2025-07-25 00:27:27,542 - api_server - INFO - 已创建results目录
2025-07-25 00:27:27,542 - api_server - INFO - 应用启动完成
2025-07-25 00:27:29,971 - api_server - INFO - 开始爬虫任务: d0f3e16b-b8c0-46d8-9152-0e7095e7052d, 关键词: 123456789, 页数: 1, 类目: u-bags
2025-07-25 00:27:29,981 - crawler_utils - ERROR - 爬虫执行失败: 
2025-07-25 00:27:29,981 - api_server - ERROR - 爬虫任务执行失败: 
2025-07-25 00:27:35,977 - asyncio - ERROR - Future exception was never retrieved
future: <Future finished exception=NotImplementedError()>
Traceback (most recent call last):
  File "E:\Lab\redbubble_ai\backend\api_server.py", line 195, in run_crawler
    items = crawl_redbubble(keyword, pages, category)
  File "E:\Lab\redbubble_ai\backend\crawler_utils.py", line 102, in crawl_redbubble
    raise e
  File "E:\Lab\redbubble_ai\backend\crawler_utils.py", line 22, in crawl_redbubble
    with sync_playwright() as p:
  File "e:\lab\redbubble_ai\backend\venv\lib\site-packages\playwright\sync_api\_context_manager.py", line 77, in __enter__
    dispatcher_fiber.switch()
  File "e:\lab\redbubble_ai\backend\venv\lib\site-packages\playwright\sync_api\_context_manager.py", line 56, in greenlet_main
    self._loop.run_until_complete(self._connection.run_as_sync())
  File "C:\Users\Cheng\AppData\Local\Programs\Python\Python38\lib\asyncio\base_events.py", line 616, in run_until_complete
    return future.result()
  File "e:\lab\redbubble_ai\backend\venv\lib\site-packages\playwright\_impl\_connection.py", line 267, in run_as_sync
    await self.run()
  File "e:\lab\redbubble_ai\backend\venv\lib\site-packages\playwright\_impl\_connection.py", line 276, in run
    await self._transport.connect()
  File "e:\lab\redbubble_ai\backend\venv\lib\site-packages\playwright\_impl\_transport.py", line 133, in connect
    raise exc
  File "e:\lab\redbubble_ai\backend\venv\lib\site-packages\playwright\_impl\_transport.py", line 120, in connect
    self._proc = await asyncio.create_subprocess_exec(
  File "C:\Users\Cheng\AppData\Local\Programs\Python\Python38\lib\asyncio\subprocess.py", line 236, in create_subprocess_exec
    transport, protocol = await loop.subprocess_exec(
  File "C:\Users\Cheng\AppData\Local\Programs\Python\Python38\lib\asyncio\base_events.py", line 1630, in subprocess_exec
    transport = await self._make_subprocess_transport(
  File "C:\Users\Cheng\AppData\Local\Programs\Python\Python38\lib\asyncio\base_events.py", line 491, in _make_subprocess_transport
    raise NotImplementedError
NotImplementedError
2025-07-25 00:30:24,850 - api_server - INFO - 应用启动中...
2025-07-25 00:30:24,850 - api_server - INFO - 已创建results目录
2025-07-25 00:30:24,850 - api_server - INFO - 应用启动完成
2025-07-25 00:30:29,333 - api_server - INFO - 开始爬虫任务: b94614c7-404a-4a59-822e-45de7f4cc722, 关键词: 123455, 页数: 1, 类目: u-clothing
2025-07-25 00:30:29,343 - crawler_utils - ERROR - 爬虫执行失败: 
2025-07-25 00:30:29,343 - api_server - ERROR - 爬虫任务执行失败: 
2025-07-25 00:34:24,198 - asyncio - ERROR - Future exception was never retrieved
future: <Future finished exception=NotImplementedError()>
Traceback (most recent call last):
  File "E:\Lab\redbubble_ai\backend\api_server.py", line 195, in run_crawler
    items = crawl_redbubble(keyword, pages, category)
  File "E:\Lab\redbubble_ai\backend\crawler_utils.py", line 102, in crawl_redbubble
    raise e
  File "E:\Lab\redbubble_ai\backend\crawler_utils.py", line 22, in crawl_redbubble
    with sync_playwright() as p:
  File "e:\lab\redbubble_ai\backend\venv\lib\site-packages\playwright\sync_api\_context_manager.py", line 77, in __enter__
    dispatcher_fiber.switch()
  File "e:\lab\redbubble_ai\backend\venv\lib\site-packages\playwright\sync_api\_context_manager.py", line 56, in greenlet_main
    self._loop.run_until_complete(self._connection.run_as_sync())
  File "C:\Users\Cheng\AppData\Local\Programs\Python\Python38\lib\asyncio\base_events.py", line 616, in run_until_complete
    return future.result()
  File "e:\lab\redbubble_ai\backend\venv\lib\site-packages\playwright\_impl\_connection.py", line 267, in run_as_sync
    await self.run()
  File "e:\lab\redbubble_ai\backend\venv\lib\site-packages\playwright\_impl\_connection.py", line 276, in run
    await self._transport.connect()
  File "e:\lab\redbubble_ai\backend\venv\lib\site-packages\playwright\_impl\_transport.py", line 133, in connect
    raise exc
  File "e:\lab\redbubble_ai\backend\venv\lib\site-packages\playwright\_impl\_transport.py", line 120, in connect
    self._proc = await asyncio.create_subprocess_exec(
  File "C:\Users\Cheng\AppData\Local\Programs\Python\Python38\lib\asyncio\subprocess.py", line 236, in create_subprocess_exec
    transport, protocol = await loop.subprocess_exec(
  File "C:\Users\Cheng\AppData\Local\Programs\Python\Python38\lib\asyncio\base_events.py", line 1630, in subprocess_exec
    transport = await self._make_subprocess_transport(
  File "C:\Users\Cheng\AppData\Local\Programs\Python\Python38\lib\asyncio\base_events.py", line 491, in _make_subprocess_transport
    raise NotImplementedError
NotImplementedError
2025-07-25 00:34:24,410 - api_server - INFO - 应用启动中...
2025-07-25 00:34:24,410 - api_server - INFO - 已创建results目录
2025-07-25 00:34:24,410 - api_server - INFO - 应用启动完成
2025-07-25 00:34:55,481 - __main__ - INFO - 开始爬虫任务: 123, 关键词: cat, 页数: 1, 类目: u-clothing
2025-07-25 00:34:55,821 - crawler_utils - INFO - 正在爬取第1页: https://www.redbubble.com/shop/?iaCode=u-clothing&query=cat&ref=search_box&page=1
2025-07-25 00:35:10,023 - crawler_utils - INFO - 第1页找到119个商品
2025-07-25 00:35:12,054 - crawler_utils - INFO - 爬取完成，共获取118个商品
2025-07-25 00:35:12,054 - __main__ - INFO - 找到 118 个商品
2025-07-25 00:35:12,054 - __main__ - INFO - 正在处理第 1/118 个商品: Black Cat Holding On designed and sold by Jenn Ina...
2025-07-25 00:35:12,057 - download_utils - INFO - 创建结果目录: E:\Lab\redbubble_ai\backend\results
2025-07-25 00:35:12,064 - download_utils - ERROR - 下载异常: https://ih1.redbubble.net/image.215047620.4430/ssrco,essential_tee,mens_01,e0e1dd:064437a66d,front,product_square,x600.u1.jpg, 错误: HTTPSConnectionPool(host='ih1.redbubble.net', port=443): Max retries exceeded with url: /image.215047620.4430/ssrco,essential_tee,mens_01,e0e1dd:064437a66d,front,product_square,x600.u1.jpg (Caused by ProxyError('Unable to connect to proxy', FileNotFoundError(2, 'No such file or directory')))
2025-07-25 00:35:12,064 - __main__ - INFO - 图片下载成功: False
2025-07-25 00:35:12,064 - __main__ - WARNING - 图片未下载成功: E:\Lab\redbubble_ai\backend\results\Black_Cat_Holding_On_designed_and_sold_b_1.jpg
2025-07-25 00:35:12,064 - __main__ - ERROR - 处理商品时出错: update_task_status() takes from 2 to 7 positional arguments but 8 were given
2025-07-25 00:35:12,064 - __main__ - INFO - 正在处理第 2/118 个商品: Too Lazy to Be Purr-fect – Funny Cat Quote designe...
2025-07-25 00:35:12,067 - download_utils - INFO - 创建结果目录: E:\Lab\redbubble_ai\backend\results
2025-07-25 00:35:12,072 - download_utils - ERROR - 下载异常: https://ih1.redbubble.net/image.5883282535.1906/ssrco,classic_tee,womens_02,101010:01c5ca27c6,front,product_square,x600.1.jpg, 错误: HTTPSConnectionPool(host='ih1.redbubble.net', port=443): Max retries exceeded with url: /image.5883282535.1906/ssrco,classic_tee,womens_02,101010:01c5ca27c6,front,product_square,x600.1.jpg (Caused by ProxyError('Unable to connect to proxy', FileNotFoundError(2, 'No such file or directory')))
2025-07-25 00:35:12,072 - __main__ - INFO - 图片下载成功: False
2025-07-25 00:35:12,072 - __main__ - WARNING - 图片未下载成功: E:\Lab\redbubble_ai\backend\results\Too_Lazy_to_Be_Purr-fect_–_Funny_Cat_Quo_2.jpg
2025-07-25 00:35:12,072 - __main__ - ERROR - 处理商品时出错: update_task_status() takes from 2 to 7 positional arguments but 8 were given
2025-07-25 00:35:12,072 - __main__ - INFO - 正在处理第 3/118 个商品: Believe me Bro Funny Cat designed and sold by ENJO...
2025-07-25 00:35:12,075 - download_utils - INFO - 创建结果目录: E:\Lab\redbubble_ai\backend\results
2025-07-25 00:35:12,079 - download_utils - ERROR - 下载异常: https://ih1.redbubble.net/image.4872099588.2024/ssrco,oversize_tee,mens,000000:44f0b734a5,front,product_square,x600.jpg, 错误: HTTPSConnectionPool(host='ih1.redbubble.net', port=443): Max retries exceeded with url: /image.4872099588.2024/ssrco,oversize_tee,mens,000000:44f0b734a5,front,product_square,x600.jpg (Caused by ProxyError('Unable to connect to proxy', FileNotFoundError(2, 'No such file or directory')))
2025-07-25 00:35:12,080 - __main__ - INFO - 图片下载成功: False
2025-07-25 00:35:12,080 - __main__ - WARNING - 图片未下载成功: E:\Lab\redbubble_ai\backend\results\Believe_me_Bro_Funny_Cat_designed_and_so_3.jpg
2025-07-25 00:35:12,080 - __main__ - ERROR - 处理商品时出错: update_task_status() takes from 2 to 7 positional arguments but 8 were given
2025-07-25 00:35:12,080 - __main__ - INFO - 正在处理第 4/118 个商品: Catzilla designed and sold by Le-Freak.
2025-07-25 00:35:12,083 - download_utils - INFO - 创建结果目录: E:\Lab\redbubble_ai\backend\results
2025-07-25 00:35:12,088 - download_utils - ERROR - 下载异常: https://ih1.redbubble.net/image.5858657263.5508/ssrco,essential_tee,womens_01,101010:01c5ca27c6,front,product_square,x600.1u6.jpg, 错误: HTTPSConnectionPool(host='ih1.redbubble.net', port=443): Max retries exceeded with url: /image.5858657263.5508/ssrco,essential_tee,womens_01,101010:01c5ca27c6,front,product_square,x600.1u6.jpg (Caused by ProxyError('Unable to connect to proxy', FileNotFoundError(2, 'No such file or directory')))
2025-07-25 00:35:12,088 - __main__ - INFO - 图片下载成功: False
2025-07-25 00:35:12,088 - __main__ - WARNING - 图片未下载成功: E:\Lab\redbubble_ai\backend\results\Catzilla_designed_and_sold_by_Le-Freak._4.jpg
2025-07-25 00:35:12,088 - __main__ - ERROR - 处理商品时出错: update_task_status() takes from 2 to 7 positional arguments but 8 were given
2025-07-25 00:35:12,088 - __main__ - INFO - 正在处理第 5/118 个商品: Huh Cat Chonky Ben Meme 90s Bootleg Vintage design...
2025-07-25 00:35:12,091 - download_utils - INFO - 创建结果目录: E:\Lab\redbubble_ai\backend\results
2025-07-25 00:35:12,106 - download_utils - ERROR - 下载异常: https://ih1.redbubble.net/image.5579923964.7951/ssrco,classic_tee,womens_02,101010:01c5ca27c6,front,product_square,x600.1u8.jpg, 错误: HTTPSConnectionPool(host='ih1.redbubble.net', port=443): Max retries exceeded with url: /image.5579923964.7951/ssrco,classic_tee,womens_02,101010:01c5ca27c6,front,product_square,x600.1u8.jpg (Caused by ProxyError('Unable to connect to proxy', FileNotFoundError(2, 'No such file or directory')))
2025-07-25 00:35:12,106 - __main__ - INFO - 图片下载成功: False
2025-07-25 00:35:12,106 - __main__ - WARNING - 图片未下载成功: E:\Lab\redbubble_ai\backend\results\Huh_Cat_Chonky_Ben_Meme_90s_Bootleg_Vint_5.jpg
2025-07-25 00:35:12,107 - __main__ - ERROR - 处理商品时出错: update_task_status() takes from 2 to 7 positional arguments but 8 were given
2025-07-25 00:35:12,107 - __main__ - INFO - 正在处理第 6/118 个商品: Rage Consumes Me Funny Vintage Kitten designed and...
2025-07-25 00:35:12,110 - download_utils - INFO - 创建结果目录: E:\Lab\redbubble_ai\backend\results
2025-07-25 00:35:12,116 - download_utils - ERROR - 下载异常: https://ih1.redbubble.net/image.5727455810.5968/ssrco,classic_tee,womens_02,fafafa:ca443f4786,front,product_square,x600.1.jpg, 错误: HTTPSConnectionPool(host='ih1.redbubble.net', port=443): Max retries exceeded with url: /image.5727455810.5968/ssrco,classic_tee,womens_02,fafafa:ca443f4786,front,product_square,x600.1.jpg (Caused by ProxyError('Unable to connect to proxy', FileNotFoundError(2, 'No such file or directory')))
2025-07-25 00:35:12,117 - __main__ - INFO - 图片下载成功: False
2025-07-25 00:35:12,117 - __main__ - WARNING - 图片未下载成功: E:\Lab\redbubble_ai\backend\results\Rage_Consumes_Me_Funny_Vintage_Kitten_de_6.jpg
2025-07-25 00:35:12,117 - __main__ - ERROR - 处理商品时出错: update_task_status() takes from 2 to 7 positional arguments but 8 were given
2025-07-25 00:35:12,118 - __main__ - INFO - 正在处理第 7/118 个商品: Not Today designed and sold by FoxShiver.
2025-07-25 00:35:12,121 - download_utils - INFO - 创建结果目录: E:\Lab\redbubble_ai\backend\results
2025-07-25 00:35:12,129 - download_utils - ERROR - 下载异常: https://ih1.redbubble.net/image.2962651341.1169/ssrco,classic_tee,womens_02,101010:01c5ca27c6,front,product_square,x600.1.jpg, 错误: HTTPSConnectionPool(host='ih1.redbubble.net', port=443): Max retries exceeded with url: /image.2962651341.1169/ssrco,classic_tee,womens_02,101010:01c5ca27c6,front,product_square,x600.1.jpg (Caused by ProxyError('Unable to connect to proxy', FileNotFoundError(2, 'No such file or directory')))
2025-07-25 00:35:12,129 - __main__ - INFO - 图片下载成功: False
2025-07-25 00:35:12,129 - __main__ - WARNING - 图片未下载成功: E:\Lab\redbubble_ai\backend\results\Not_Today_designed_and_sold_by_FoxShiver_7.jpg
2025-07-25 00:35:12,129 - __main__ - ERROR - 处理商品时出错: update_task_status() takes from 2 to 7 positional arguments but 8 were given
2025-07-25 00:35:12,129 - __main__ - INFO - 正在处理第 8/118 个商品: Catzilla vintage designed and sold by Le-Freak.
2025-07-25 00:35:12,134 - download_utils - INFO - 创建结果目录: E:\Lab\redbubble_ai\backend\results
2025-07-25 00:35:12,150 - download_utils - ERROR - 下载异常: https://ih1.redbubble.net/image.5832198202.6759/ssrco,essential_tee,mens_01,101010:01c5ca27c6,front,product_square,x600.u6.jpg, 错误: HTTPSConnectionPool(host='ih1.redbubble.net', port=443): Max retries exceeded with url: /image.5832198202.6759/ssrco,essential_tee,mens_01,101010:01c5ca27c6,front,product_square,x600.u6.jpg (Caused by ProxyError('Unable to connect to proxy', FileNotFoundError(2, 'No such file or directory')))
2025-07-25 00:35:12,150 - __main__ - INFO - 图片下载成功: False
2025-07-25 00:35:12,150 - __main__ - WARNING - 图片未下载成功: E:\Lab\redbubble_ai\backend\results\Catzilla_vintage_designed_and_sold_by_Le_8.jpg
2025-07-25 00:35:12,150 - __main__ - ERROR - 处理商品时出错: update_task_status() takes from 2 to 7 positional arguments but 8 were given
2025-07-25 00:35:12,150 - __main__ - INFO - 正在处理第 9/118 个商品: Cat What? Murderous Black Cat With Knife Gift Prem...
2025-07-25 00:35:12,154 - download_utils - INFO - 创建结果目录: E:\Lab\redbubble_ai\backend\results
2025-07-25 00:35:12,159 - download_utils - ERROR - 下载异常: https://ih1.redbubble.net/image.3650090745.3705/ssrco,classic_tee,womens_02,fafafa:ca443f4786,front,product_square,x600.1u1.jpg, 错误: HTTPSConnectionPool(host='ih1.redbubble.net', port=443): Max retries exceeded with url: /image.3650090745.3705/ssrco,classic_tee,womens_02,fafafa:ca443f4786,front,product_square,x600.1u1.jpg (Caused by ProxyError('Unable to connect to proxy', FileNotFoundError(2, 'No such file or directory')))
2025-07-25 00:35:12,159 - __main__ - INFO - 图片下载成功: False
2025-07-25 00:35:12,159 - __main__ - WARNING - 图片未下载成功: E:\Lab\redbubble_ai\backend\results\Cat_What_Murderous_Black_Cat_With_Knife__9.jpg
2025-07-25 00:35:12,159 - __main__ - ERROR - 处理商品时出错: update_task_status() takes from 2 to 7 positional arguments but 8 were given
2025-07-25 00:35:12,159 - __main__ - INFO - 正在处理第 10/118 个商品: Street Cats designed and sold by wytrab8.
2025-07-25 00:35:12,162 - download_utils - INFO - 创建结果目录: E:\Lab\redbubble_ai\backend\results
2025-07-25 00:35:12,169 - download_utils - ERROR - 下载异常: https://ih1.redbubble.net/image.785374828.2310/ssrco,essential_tee,womens_01,e0e1dd:064437a66d,front,product_square,x600.1u5.jpg, 错误: HTTPSConnectionPool(host='ih1.redbubble.net', port=443): Max retries exceeded with url: /image.785374828.2310/ssrco,essential_tee,womens_01,e0e1dd:064437a66d,front,product_square,x600.1u5.jpg (Caused by ProxyError('Unable to connect to proxy', FileNotFoundError(2, 'No such file or directory')))
2025-07-25 00:35:12,169 - __main__ - INFO - 图片下载成功: False
2025-07-25 00:35:12,169 - __main__ - WARNING - 图片未下载成功: E:\Lab\redbubble_ai\backend\results\Street_Cats_designed_and_sold_by_wytrab8_10.jpg
2025-07-25 00:35:12,169 - __main__ - ERROR - 处理商品时出错: update_task_status() takes from 2 to 7 positional arguments but 8 were given
2025-07-25 00:35:12,169 - __main__ - INFO - 正在处理第 11/118 个商品: Meme Cats 2.0 designed and sold by How-Do-U-Art.
2025-07-25 00:35:12,174 - download_utils - INFO - 创建结果目录: E:\Lab\redbubble_ai\backend\results
2025-07-25 00:35:12,178 - download_utils - ERROR - 下载异常: https://ih1.redbubble.net/image.892745515.5903/ssrco,racerback,womens,101010:01c5ca27c6,front,square_product,x600-bg,f8f8f8.1.jpg, 错误: HTTPSConnectionPool(host='ih1.redbubble.net', port=443): Max retries exceeded with url: /image.892745515.5903/ssrco,racerback,womens,101010:01c5ca27c6,front,square_product,x600-bg,f8f8f8.1.jpg (Caused by ProxyError('Unable to connect to proxy', FileNotFoundError(2, 'No such file or directory')))
2025-07-25 00:35:12,178 - __main__ - INFO - 图片下载成功: False
2025-07-25 00:35:12,178 - __main__ - WARNING - 图片未下载成功: E:\Lab\redbubble_ai\backend\results\Meme_Cats_2.0_designed_and_sold_by_How-D_11.jpg
2025-07-25 00:35:12,179 - __main__ - ERROR - 处理商品时出错: update_task_status() takes from 2 to 7 positional arguments but 8 were given
2025-07-25 00:35:12,179 - __main__ - INFO - 正在处理第 12/118 个商品: Black Cat Face designed and sold by Jenn Inashvili...
2025-07-25 00:35:12,182 - download_utils - INFO - 创建结果目录: E:\Lab\redbubble_ai\backend\results
2025-07-25 00:35:12,199 - download_utils - ERROR - 下载异常: https://ih1.redbubble.net/image.987609789.4496/ssrco,classic_tee,mens_02,heather_light_grey,front,product_square,x600.jpg, 错误: HTTPSConnectionPool(host='ih1.redbubble.net', port=443): Max retries exceeded with url: /image.987609789.4496/ssrco,classic_tee,mens_02,heather_light_grey,front,product_square,x600.jpg (Caused by ProxyError('Unable to connect to proxy', FileNotFoundError(2, 'No such file or directory')))
2025-07-25 00:35:12,199 - __main__ - INFO - 图片下载成功: False
2025-07-25 00:35:12,199 - __main__ - WARNING - 图片未下载成功: E:\Lab\redbubble_ai\backend\results\Black_Cat_Face_designed_and_sold_by_Jenn_12.jpg
2025-07-25 00:35:12,199 - __main__ - ERROR - 处理商品时出错: update_task_status() takes from 2 to 7 positional arguments but 8 were given
2025-07-25 00:35:12,199 - __main__ - INFO - 正在处理第 13/118 个商品: Mischief designed and sold by TinkM.
2025-07-25 00:35:12,202 - download_utils - INFO - 创建结果目录: E:\Lab\redbubble_ai\backend\results
2025-07-25 00:35:12,207 - download_utils - ERROR - 下载异常: https://ih1.redbubble.net/image.233508402.8978/ssrco,classic_tee,womens_02,fafafa:ca443f4786,front,product_square,x600.1u2.jpg, 错误: HTTPSConnectionPool(host='ih1.redbubble.net', port=443): Max retries exceeded with url: /image.233508402.8978/ssrco,classic_tee,womens_02,fafafa:ca443f4786,front,product_square,x600.1u2.jpg (Caused by ProxyError('Unable to connect to proxy', FileNotFoundError(2, 'No such file or directory')))
2025-07-25 00:35:12,207 - __main__ - INFO - 图片下载成功: False
2025-07-25 00:35:12,207 - __main__ - WARNING - 图片未下载成功: E:\Lab\redbubble_ai\backend\results\Mischief_designed_and_sold_by_TinkM._13.jpg
2025-07-25 00:35:12,207 - __main__ - ERROR - 处理商品时出错: update_task_status() takes from 2 to 7 positional arguments but 8 were given
2025-07-25 00:35:12,207 - __main__ - INFO - 正在处理第 14/118 个商品: Cathulhu designed and sold by Ilustrata®.
2025-07-25 00:35:12,210 - download_utils - INFO - 创建结果目录: E:\Lab\redbubble_ai\backend\results
2025-07-25 00:35:12,226 - download_utils - ERROR - 下载异常: https://ih1.redbubble.net/image.1640671336.8795/ssrco,classic_tee,womens_02,101010:01c5ca27c6,front,product_square,x600.1u2.jpg, 错误: HTTPSConnectionPool(host='ih1.redbubble.net', port=443): Max retries exceeded with url: /image.1640671336.8795/ssrco,classic_tee,womens_02,101010:01c5ca27c6,front,product_square,x600.1u2.jpg (Caused by ProxyError('Unable to connect to proxy', FileNotFoundError(2, 'No such file or directory')))
2025-07-25 00:35:12,226 - __main__ - INFO - 图片下载成功: False
2025-07-25 00:35:12,227 - __main__ - WARNING - 图片未下载成功: E:\Lab\redbubble_ai\backend\results\Cathulhu_designed_and_sold_by_Ilustrata®_14.jpg
2025-07-25 00:35:12,227 - __main__ - ERROR - 处理商品时出错: update_task_status() takes from 2 to 7 positional arguments but 8 were given
2025-07-25 00:35:12,227 - __main__ - INFO - 正在处理第 15/118 个商品: It's Fine I'm Fine Everything Is Fine Funny cat  d...
2025-07-25 00:35:12,230 - download_utils - INFO - 创建结果目录: E:\Lab\redbubble_ai\backend\results
2025-07-25 00:35:12,244 - download_utils - ERROR - 下载异常: https://ih1.redbubble.net/image.3175911229.1946/ssrco,essential_tee,womens_01,heather_mid_grey,front,product_square,x600.1.jpg, 错误: HTTPSConnectionPool(host='ih1.redbubble.net', port=443): Max retries exceeded with url: /image.3175911229.1946/ssrco,essential_tee,womens_01,heather_mid_grey,front,product_square,x600.1.jpg (Caused by ProxyError('Unable to connect to proxy', FileNotFoundError(2, 'No such file or directory')))
2025-07-25 00:35:12,244 - __main__ - INFO - 图片下载成功: False
2025-07-25 00:35:12,244 - __main__ - WARNING - 图片未下载成功: E:\Lab\redbubble_ai\backend\results\It's_Fine_I'm_Fine_Everything_Is_Fine_Fu_15.jpg
2025-07-25 00:35:12,244 - __main__ - ERROR - 处理商品时出错: update_task_status() takes from 2 to 7 positional arguments but 8 were given
2025-07-25 00:35:12,244 - __main__ - INFO - 正在处理第 16/118 个商品: Meowdy Partner Whiskers in the Wind designed and s...
2025-07-25 00:35:12,247 - download_utils - INFO - 创建结果目录: E:\Lab\redbubble_ai\backend\results
2025-07-25 00:35:12,251 - download_utils - ERROR - 下载异常: https://ih1.redbubble.net/image.5544650250.0575/ssrco,essential_tee,mens_01,heather_oatmeal,front,product_square,x600.u4.jpg, 错误: HTTPSConnectionPool(host='ih1.redbubble.net', port=443): Max retries exceeded with url: /image.5544650250.0575/ssrco,essential_tee,mens_01,heather_oatmeal,front,product_square,x600.u4.jpg (Caused by ProxyError('Unable to connect to proxy', FileNotFoundError(2, 'No such file or directory')))
2025-07-25 00:35:12,251 - __main__ - INFO - 图片下载成功: False
2025-07-25 00:35:12,251 - __main__ - WARNING - 图片未下载成功: E:\Lab\redbubble_ai\backend\results\Meowdy_Partner_Whiskers_in_the_Wind_desi_16.jpg
2025-07-25 00:35:12,251 - __main__ - ERROR - 处理商品时出错: update_task_status() takes from 2 to 7 positional arguments but 8 were given
2025-07-25 00:35:12,251 - __main__ - INFO - 正在处理第 17/118 个商品: Catana designed and sold by vincenttrinidad.
2025-07-25 00:35:12,255 - download_utils - INFO - 创建结果目录: E:\Lab\redbubble_ai\backend\results
2025-07-25 00:35:12,269 - download_utils - ERROR - 下载异常: https://ih1.redbubble.net/image.1016776812.8443/ssrco,classic_tee,mens_02,101010:01c5ca27c6,front,product_square,x600.jpg, 错误: HTTPSConnectionPool(host='ih1.redbubble.net', port=443): Max retries exceeded with url: /image.1016776812.8443/ssrco,classic_tee,mens_02,101010:01c5ca27c6,front,product_square,x600.jpg (Caused by ProxyError('Unable to connect to proxy', FileNotFoundError(2, 'No such file or directory')))
2025-07-25 00:35:12,269 - __main__ - INFO - 图片下载成功: False
2025-07-25 00:35:12,270 - __main__ - WARNING - 图片未下载成功: E:\Lab\redbubble_ai\backend\results\Catana_designed_and_sold_by_vincenttrini_17.jpg
2025-07-25 00:35:12,270 - __main__ - ERROR - 处理商品时出错: update_task_status() takes from 2 to 7 positional arguments but 8 were given
2025-07-25 00:35:12,270 - __main__ - INFO - 正在处理第 18/118 个商品: You asleep yet? designed and sold by lauragraves.
2025-07-25 00:35:12,274 - download_utils - INFO - 创建结果目录: E:\Lab\redbubble_ai\backend\results
2025-07-25 00:35:12,278 - download_utils - ERROR - 下载异常: https://ih1.redbubble.net/image.1093994420.9250/ra,sweatshirt,x1800,fcfcfa:e7fde99dd4,front-c,281,327,600,600-bg,f8f8f8.jpg, 错误: HTTPSConnectionPool(host='ih1.redbubble.net', port=443): Max retries exceeded with url: /image.1093994420.9250/ra,sweatshirt,x1800,fcfcfa:e7fde99dd4,front-c,281,327,600,600-bg,f8f8f8.jpg (Caused by ProxyError('Unable to connect to proxy', FileNotFoundError(2, 'No such file or directory')))
2025-07-25 00:35:12,279 - __main__ - INFO - 图片下载成功: False
2025-07-25 00:35:12,279 - __main__ - WARNING - 图片未下载成功: E:\Lab\redbubble_ai\backend\results\You_asleep_yet_designed_and_sold_by_laur_18.jpg
2025-07-25 00:35:12,279 - __main__ - ERROR - 处理商品时出错: update_task_status() takes from 2 to 7 positional arguments but 8 were given
2025-07-25 00:35:12,279 - __main__ - INFO - 正在处理第 19/118 个商品: I Eat Cement Cursed Cat Funny Oddly Specific Meme ...
2025-07-25 00:35:12,283 - download_utils - INFO - 创建结果目录: E:\Lab\redbubble_ai\backend\results
2025-07-25 00:35:12,298 - download_utils - ERROR - 下载异常: https://ih1.redbubble.net/image.5521427461.1736/ssrco,essential_tee,mens_01,101010:01c5ca27c6,front,product_square,x600.jpg, 错误: HTTPSConnectionPool(host='ih1.redbubble.net', port=443): Max retries exceeded with url: /image.5521427461.1736/ssrco,essential_tee,mens_01,101010:01c5ca27c6,front,product_square,x600.jpg (Caused by ProxyError('Unable to connect to proxy', FileNotFoundError(2, 'No such file or directory')))
2025-07-25 00:35:12,298 - __main__ - INFO - 图片下载成功: False
2025-07-25 00:35:12,298 - __main__ - WARNING - 图片未下载成功: E:\Lab\redbubble_ai\backend\results\I_Eat_Cement_Cursed_Cat_Funny_Oddly_Spec_19.jpg
2025-07-25 00:35:12,298 - __main__ - ERROR - 处理商品时出错: update_task_status() takes from 2 to 7 positional arguments but 8 were given
2025-07-25 00:35:12,298 - __main__ - INFO - 正在处理第 20/118 个商品: Dungeons and Cats designed and sold by Domiichan.
2025-07-25 00:35:12,301 - download_utils - INFO - 创建结果目录: E:\Lab\redbubble_ai\backend\results
2025-07-25 00:35:12,316 - download_utils - ERROR - 下载异常: https://ih1.redbubble.net/image.471166471.9960/ssrco,essential_tee,mens_01,05081f:66c8590f4e,front,product_square,x600.u3.jpg, 错误: HTTPSConnectionPool(host='ih1.redbubble.net', port=443): Max retries exceeded with url: /image.471166471.9960/ssrco,essential_tee,mens_01,05081f:66c8590f4e,front,product_square,x600.u3.jpg (Caused by ProxyError('Unable to connect to proxy', FileNotFoundError(2, 'No such file or directory')))
2025-07-25 00:35:12,316 - __main__ - INFO - 图片下载成功: False
2025-07-25 00:35:12,317 - __main__ - WARNING - 图片未下载成功: E:\Lab\redbubble_ai\backend\results\Dungeons_and_Cats_designed_and_sold_by_D_20.jpg
2025-07-25 00:35:12,317 - __main__ - ERROR - 处理商品时出错: update_task_status() takes from 2 to 7 positional arguments but 8 were given
2025-07-25 00:35:12,317 - __main__ - INFO - 正在处理第 21/118 个商品: Van Gogh Cat Starry Night Van Gogh Cat Lovers desi...
2025-07-25 00:35:12,320 - download_utils - INFO - 创建结果目录: E:\Lab\redbubble_ai\backend\results
2025-07-25 00:35:12,334 - download_utils - ERROR - 下载异常: https://ih1.redbubble.net/image.4837601478.3648/ssrco,classic_tee,womens_02,101010:01c5ca27c6,front,product_square,x600.1u2.jpg, 错误: HTTPSConnectionPool(host='ih1.redbubble.net', port=443): Max retries exceeded with url: /image.4837601478.3648/ssrco,classic_tee,womens_02,101010:01c5ca27c6,front,product_square,x600.1u2.jpg (Caused by ProxyError('Unable to connect to proxy', FileNotFoundError(2, 'No such file or directory')))
2025-07-25 00:35:12,334 - __main__ - INFO - 图片下载成功: False
2025-07-25 00:35:12,335 - __main__ - WARNING - 图片未下载成功: E:\Lab\redbubble_ai\backend\results\Van_Gogh_Cat_Starry_Night_Van_Gogh_Cat_L_21.jpg
2025-07-25 00:35:12,335 - __main__ - ERROR - 处理商品时出错: update_task_status() takes from 2 to 7 positional arguments but 8 were given
2025-07-25 00:35:12,335 - __main__ - INFO - 正在处理第 22/118 个商品: Cat Got Your Soul? designed and sold by obinsun.
2025-07-25 00:35:12,338 - download_utils - INFO - 创建结果目录: E:\Lab\redbubble_ai\backend\results
2025-07-25 00:35:12,352 - download_utils - ERROR - 下载异常: https://ih1.redbubble.net/image.4940093085.5964/ssrco,oversize_tee,mens,000000:44f0b734a5,front,product_square,x600.u2.jpg, 错误: HTTPSConnectionPool(host='ih1.redbubble.net', port=443): Max retries exceeded with url: /image.4940093085.5964/ssrco,oversize_tee,mens,000000:44f0b734a5,front,product_square,x600.u2.jpg (Caused by ProxyError('Unable to connect to proxy', FileNotFoundError(2, 'No such file or directory')))
2025-07-25 00:35:12,353 - __main__ - INFO - 图片下载成功: False
2025-07-25 00:35:12,353 - __main__ - WARNING - 图片未下载成功: E:\Lab\redbubble_ai\backend\results\Cat_Got_Your_Soul_designed_and_sold_by_o_22.jpg
2025-07-25 00:35:12,353 - __main__ - ERROR - 处理商品时出错: update_task_status() takes from 2 to 7 positional arguments but 8 were given
2025-07-25 00:35:12,353 - __main__ - INFO - 正在处理第 23/118 个商品: How to Chill Like a Cat designed and sold by mickl...
2025-07-25 00:35:12,356 - download_utils - INFO - 创建结果目录: E:\Lab\redbubble_ai\backend\results
2025-07-25 00:35:12,360 - download_utils - ERROR - 下载异常: https://ih1.redbubble.net/image.209996122.0564/ssrco,classic_tee,mens_02,heather_denim,front,product_square,x600.jpg, 错误: HTTPSConnectionPool(host='ih1.redbubble.net', port=443): Max retries exceeded with url: /image.209996122.0564/ssrco,classic_tee,mens_02,heather_denim,front,product_square,x600.jpg (Caused by ProxyError('Unable to connect to proxy', FileNotFoundError(2, 'No such file or directory')))
2025-07-25 00:35:12,360 - __main__ - INFO - 图片下载成功: False
2025-07-25 00:35:12,360 - __main__ - WARNING - 图片未下载成功: E:\Lab\redbubble_ai\backend\results\How_to_Chill_Like_a_Cat_designed_and_sol_23.jpg
2025-07-25 00:35:12,361 - __main__ - ERROR - 处理商品时出错: update_task_status() takes from 2 to 7 positional arguments but 8 were given
2025-07-25 00:35:12,361 - __main__ - INFO - 正在处理第 24/118 个商品: Sushi Chef Cat - Funny Restaurant Kitty - Japanese...
2025-07-25 00:35:12,364 - download_utils - INFO - 创建结果目录: E:\Lab\redbubble_ai\backend\results
2025-07-25 00:35:12,369 - download_utils - ERROR - 下载异常: https://ih1.redbubble.net/image.1204159901.5860/ssrco,classic_tee,mens_02,4a4440:cc103efb7a,front,product_square,x600.jpg, 错误: HTTPSConnectionPool(host='ih1.redbubble.net', port=443): Max retries exceeded with url: /image.1204159901.5860/ssrco,classic_tee,mens_02,4a4440:cc103efb7a,front,product_square,x600.jpg (Caused by ProxyError('Unable to connect to proxy', FileNotFoundError(2, 'No such file or directory')))
2025-07-25 00:35:12,369 - __main__ - INFO - 图片下载成功: False
2025-07-25 00:35:12,369 - __main__ - WARNING - 图片未下载成功: E:\Lab\redbubble_ai\backend\results\Sushi_Chef_Cat_-_Funny_Restaurant_Kitty__24.jpg
2025-07-25 00:35:12,369 - __main__ - ERROR - 处理商品时出错: update_task_status() takes from 2 to 7 positional arguments but 8 were given
2025-07-25 00:35:12,369 - __main__ - INFO - 正在处理第 25/118 个商品: Akira Cat designed and sold by Akram Ghazali.
2025-07-25 00:35:12,372 - download_utils - INFO - 创建结果目录: E:\Lab\redbubble_ai\backend\results
2025-07-25 00:35:12,388 - download_utils - ERROR - 下载异常: https://ih1.redbubble.net/image.1039436599.8749/ssrco,classic_tee,womens_02,101010:01c5ca27c6,front,product_square,x600.1.jpg, 错误: HTTPSConnectionPool(host='ih1.redbubble.net', port=443): Max retries exceeded with url: /image.1039436599.8749/ssrco,classic_tee,womens_02,101010:01c5ca27c6,front,product_square,x600.1.jpg (Caused by ProxyError('Unable to connect to proxy', FileNotFoundError(2, 'No such file or directory')))
2025-07-25 00:35:12,388 - __main__ - INFO - 图片下载成功: False
2025-07-25 00:35:12,388 - __main__ - WARNING - 图片未下载成功: E:\Lab\redbubble_ai\backend\results\Akira_Cat_designed_and_sold_by_Akram_Gha_25.jpg
2025-07-25 00:35:12,388 - __main__ - ERROR - 处理商品时出错: update_task_status() takes from 2 to 7 positional arguments but 8 were given
2025-07-25 00:35:12,388 - __main__ - INFO - 正在处理第 26/118 个商品: Funny Cat Rock Music Gift  designed and sold by Ks...
2025-07-25 00:35:12,392 - download_utils - INFO - 创建结果目录: E:\Lab\redbubble_ai\backend\results
2025-07-25 00:35:12,407 - download_utils - ERROR - 下载异常: https://ih1.redbubble.net/image.5309154027.2081/ssrco,classic_tee,womens_02,101010:01c5ca27c6,front,product_square,x600.1.jpg, 错误: HTTPSConnectionPool(host='ih1.redbubble.net', port=443): Max retries exceeded with url: /image.5309154027.2081/ssrco,classic_tee,womens_02,101010:01c5ca27c6,front,product_square,x600.1.jpg (Caused by ProxyError('Unable to connect to proxy', FileNotFoundError(2, 'No such file or directory')))
2025-07-25 00:35:12,407 - __main__ - INFO - 图片下载成功: False
2025-07-25 00:35:12,407 - __main__ - WARNING - 图片未下载成功: E:\Lab\redbubble_ai\backend\results\Funny_Cat_Rock_Music_Gift__designed_and__26.jpg
2025-07-25 00:35:12,407 - __main__ - ERROR - 处理商品时出错: update_task_status() takes from 2 to 7 positional arguments but 8 were given
2025-07-25 00:35:12,407 - __main__ - INFO - 正在处理第 27/118 个商品: Astronaut Cat designed and sold by clingcling.
2025-07-25 00:35:12,410 - download_utils - INFO - 创建结果目录: E:\Lab\redbubble_ai\backend\results
2025-07-25 00:35:12,425 - download_utils - ERROR - 下载异常: https://ih1.redbubble.net/image.333550477.2968/ssrco,lightweight_hoodie,mens,101010:01c5ca27c6,front,square_product,x600-bg,f8f8f8.2u5.jpg, 错误: HTTPSConnectionPool(host='ih1.redbubble.net', port=443): Max retries exceeded with url: /image.333550477.2968/ssrco,lightweight_hoodie,mens,101010:01c5ca27c6,front,square_product,x600-bg,f8f8f8.2u5.jpg (Caused by ProxyError('Unable to connect to proxy', FileNotFoundError(2, 'No such file or directory')))
2025-07-25 00:35:12,425 - __main__ - INFO - 图片下载成功: False
2025-07-25 00:35:12,425 - __main__ - WARNING - 图片未下载成功: E:\Lab\redbubble_ai\backend\results\Astronaut_Cat_designed_and_sold_by_cling_27.jpg
2025-07-25 00:35:12,425 - __main__ - ERROR - 处理商品时出错: update_task_status() takes from 2 to 7 positional arguments but 8 were given
2025-07-25 00:35:12,425 - __main__ - INFO - 正在处理第 28/118 个商品: The Cat Dimension designed and sold by Steven Rhod...
2025-07-25 00:35:12,428 - download_utils - INFO - 创建结果目录: E:\Lab\redbubble_ai\backend\results
2025-07-25 00:35:12,442 - download_utils - ERROR - 下载异常: https://ih1.redbubble.net/image.2018564418.0190/ssrco,classic_tee,mens_02,0d162e:9880ee6111,front,product_square,x600.jpg, 错误: HTTPSConnectionPool(host='ih1.redbubble.net', port=443): Max retries exceeded with url: /image.2018564418.0190/ssrco,classic_tee,mens_02,0d162e:9880ee6111,front,product_square,x600.jpg (Caused by ProxyError('Unable to connect to proxy', FileNotFoundError(2, 'No such file or directory')))
2025-07-25 00:35:12,443 - __main__ - INFO - 图片下载成功: False
2025-07-25 00:35:12,443 - __main__ - WARNING - 图片未下载成功: E:\Lab\redbubble_ai\backend\results\The_Cat_Dimension_designed_and_sold_by_S_28.jpg
2025-07-25 00:35:12,443 - __main__ - ERROR - 处理商品时出错: update_task_status() takes from 2 to 7 positional arguments but 8 were given
2025-07-25 00:35:12,443 - __main__ - INFO - 正在处理第 29/118 个商品: Skulls are for Pussies designed and sold by harebr...
2025-07-25 00:35:12,446 - download_utils - INFO - 创建结果目录: E:\Lab\redbubble_ai\backend\results
2025-07-25 00:35:12,460 - download_utils - ERROR - 下载异常: https://ih1.redbubble.net/image.795363686.5452/ssrco,essential_tee,womens_01,101010:01c5ca27c6,front,product_square,x600.1u11.jpg, 错误: HTTPSConnectionPool(host='ih1.redbubble.net', port=443): Max retries exceeded with url: /image.795363686.5452/ssrco,essential_tee,womens_01,101010:01c5ca27c6,front,product_square,x600.1u11.jpg (Caused by ProxyError('Unable to connect to proxy', FileNotFoundError(2, 'No such file or directory')))
2025-07-25 00:35:12,460 - __main__ - INFO - 图片下载成功: False
2025-07-25 00:35:12,460 - __main__ - WARNING - 图片未下载成功: E:\Lab\redbubble_ai\backend\results\Skulls_are_for_Pussies_designed_and_sold_29.jpg
2025-07-25 00:35:12,461 - __main__ - ERROR - 处理商品时出错: update_task_status() takes from 2 to 7 positional arguments but 8 were given
2025-07-25 00:35:12,461 - __main__ - INFO - 正在处理第 30/118 个商品: Just Do It Later Black Cat designed and sold by ri...
2025-07-25 00:35:12,464 - download_utils - INFO - 创建结果目录: E:\Lab\redbubble_ai\backend\results
2025-07-25 00:35:12,468 - download_utils - ERROR - 下载异常: https://ih1.redbubble.net/image.2522798892.7557/ssrco,classic_tee,mens_02,fafafa:ca443f4786,front,product_square,x600.jpg, 错误: HTTPSConnectionPool(host='ih1.redbubble.net', port=443): Max retries exceeded with url: /image.2522798892.7557/ssrco,classic_tee,mens_02,fafafa:ca443f4786,front,product_square,x600.jpg (Caused by ProxyError('Unable to connect to proxy', FileNotFoundError(2, 'No such file or directory')))
2025-07-25 00:35:12,468 - __main__ - INFO - 图片下载成功: False
2025-07-25 00:35:12,468 - __main__ - WARNING - 图片未下载成功: E:\Lab\redbubble_ai\backend\results\Just_Do_It_Later_Black_Cat_designed_and__30.jpg
2025-07-25 00:35:12,469 - __main__ - ERROR - 处理商品时出错: update_task_status() takes from 2 to 7 positional arguments but 8 were given
2025-07-25 00:35:12,469 - __main__ - INFO - 正在处理第 31/118 个商品: Coffee Cat in Mt. Fuji designed and sold by vincen...
2025-07-25 00:35:12,472 - download_utils - INFO - 创建结果目录: E:\Lab\redbubble_ai\backend\results
2025-07-25 00:35:12,487 - download_utils - ERROR - 下载异常: https://ih1.redbubble.net/image.4274853376.9959/ssrco,classic_tee,womens_02,101010:01c5ca27c6,front,product_square,x600.1.jpg, 错误: HTTPSConnectionPool(host='ih1.redbubble.net', port=443): Max retries exceeded with url: /image.4274853376.9959/ssrco,classic_tee,womens_02,101010:01c5ca27c6,front,product_square,x600.1.jpg (Caused by ProxyError('Unable to connect to proxy', FileNotFoundError(2, 'No such file or directory')))
2025-07-25 00:35:12,487 - __main__ - INFO - 图片下载成功: False
2025-07-25 00:35:12,488 - __main__ - WARNING - 图片未下载成功: E:\Lab\redbubble_ai\backend\results\Coffee_Cat_in_Mt._Fuji_designed_and_sold_31.jpg
2025-07-25 00:35:12,488 - __main__ - ERROR - 处理商品时出错: update_task_status() takes from 2 to 7 positional arguments but 8 were given
2025-07-25 00:35:12,488 - __main__ - INFO - 正在处理第 32/118 个商品: HOUSE CAT (Rainbow DJ Kitty) designed and sold by ...
2025-07-25 00:35:12,492 - download_utils - INFO - 创建结果目录: E:\Lab\redbubble_ai\backend\results
2025-07-25 00:35:12,497 - download_utils - ERROR - 下载异常: https://ih1.redbubble.net/image.283758601.2630/ssrco,essential_tee,mens_01,101010:01c5ca27c6,front,product_square,x600.u5.jpg, 错误: HTTPSConnectionPool(host='ih1.redbubble.net', port=443): Max retries exceeded with url: /image.283758601.2630/ssrco,essential_tee,mens_01,101010:01c5ca27c6,front,product_square,x600.u5.jpg (Caused by ProxyError('Unable to connect to proxy', FileNotFoundError(2, 'No such file or directory')))
2025-07-25 00:35:12,497 - __main__ - INFO - 图片下载成功: False
2025-07-25 00:35:12,497 - __main__ - WARNING - 图片未下载成功: E:\Lab\redbubble_ai\backend\results\HOUSE_CAT_(Rainbow_DJ_Kitty)_designed_an_32.jpg
2025-07-25 00:35:12,497 - __main__ - ERROR - 处理商品时出错: update_task_status() takes from 2 to 7 positional arguments but 8 were given
2025-07-25 00:35:12,497 - __main__ - INFO - 正在处理第 33/118 个商品: Cat silhouette designed and sold by NVDesigns.
2025-07-25 00:35:12,500 - download_utils - INFO - 创建结果目录: E:\Lab\redbubble_ai\backend\results
2025-07-25 00:35:12,515 - download_utils - ERROR - 下载异常: https://ih1.redbubble.net/image.3982802598.3490/ssrco,oversize_tee,womens,000000:44f0b734a5,front,product_square,x600.1.jpg, 错误: HTTPSConnectionPool(host='ih1.redbubble.net', port=443): Max retries exceeded with url: /image.3982802598.3490/ssrco,oversize_tee,womens,000000:44f0b734a5,front,product_square,x600.1.jpg (Caused by ProxyError('Unable to connect to proxy', FileNotFoundError(2, 'No such file or directory')))
2025-07-25 00:35:12,516 - __main__ - INFO - 图片下载成功: False
2025-07-25 00:35:12,516 - __main__ - WARNING - 图片未下载成功: E:\Lab\redbubble_ai\backend\results\Cat_silhouette_designed_and_sold_by_NVDe_33.jpg
2025-07-25 00:35:12,516 - __main__ - ERROR - 处理商品时出错: update_task_status() takes from 2 to 7 positional arguments but 8 were given
2025-07-25 00:35:12,516 - __main__ - INFO - 正在处理第 34/118 个商品: Well, this is a cool and wet day. designed and sol...
2025-07-25 00:35:12,520 - download_utils - INFO - 创建结果目录: E:\Lab\redbubble_ai\backend\results
2025-07-25 00:35:12,524 - download_utils - ERROR - 下载异常: https://ih1.redbubble.net/image.5883398627.5565/ssrco,classic_tee,womens_02,fafafa:ca443f4786,front,product_square,x600.1.jpg, 错误: HTTPSConnectionPool(host='ih1.redbubble.net', port=443): Max retries exceeded with url: /image.5883398627.5565/ssrco,classic_tee,womens_02,fafafa:ca443f4786,front,product_square,x600.1.jpg (Caused by ProxyError('Unable to connect to proxy', FileNotFoundError(2, 'No such file or directory')))
2025-07-25 00:35:12,524 - __main__ - INFO - 图片下载成功: False
2025-07-25 00:35:12,524 - __main__ - WARNING - 图片未下载成功: E:\Lab\redbubble_ai\backend\results\Well,_this_is_a_cool_and_wet_day._design_34.jpg
2025-07-25 00:35:12,524 - __main__ - ERROR - 处理商品时出错: update_task_status() takes from 2 to 7 positional arguments but 8 were given
2025-07-25 00:35:12,524 - __main__ - INFO - 正在处理第 35/118 个商品: Spirit Animal Cat designed and sold by Dan Elijah ...
2025-07-25 00:35:12,527 - download_utils - INFO - 创建结果目录: E:\Lab\redbubble_ai\backend\results
2025-07-25 00:35:12,541 - download_utils - ERROR - 下载异常: https://ih1.redbubble.net/image.771410250.0799/ssrco,classic_tee,mens_02,heather_oatmeal,front,product_square,x600.u3.jpg, 错误: HTTPSConnectionPool(host='ih1.redbubble.net', port=443): Max retries exceeded with url: /image.771410250.0799/ssrco,classic_tee,mens_02,heather_oatmeal,front,product_square,x600.u3.jpg (Caused by ProxyError('Unable to connect to proxy', FileNotFoundError(2, 'No such file or directory')))
2025-07-25 00:35:12,541 - __main__ - INFO - 图片下载成功: False
2025-07-25 00:35:12,541 - __main__ - WARNING - 图片未下载成功: E:\Lab\redbubble_ai\backend\results\Spirit_Animal_Cat_designed_and_sold_by_D_35.jpg
2025-07-25 00:35:12,541 - __main__ - ERROR - 处理商品时出错: update_task_status() takes from 2 to 7 positional arguments but 8 were given
2025-07-25 00:35:12,541 - __main__ - INFO - 正在处理第 36/118 个商品: The Cure Cat Moon 90s Alt Indie Rock band For Men,...
2025-07-25 00:35:12,545 - download_utils - INFO - 创建结果目录: E:\Lab\redbubble_ai\backend\results
2025-07-25 00:35:12,560 - download_utils - ERROR - 下载异常: https://ih1.redbubble.net/image.5660196195.5587/ssrco,classic_tee,mens_02,101010:01c5ca27c6,front,product_square,x600.jpg, 错误: HTTPSConnectionPool(host='ih1.redbubble.net', port=443): Max retries exceeded with url: /image.5660196195.5587/ssrco,classic_tee,mens_02,101010:01c5ca27c6,front,product_square,x600.jpg (Caused by ProxyError('Unable to connect to proxy', FileNotFoundError(2, 'No such file or directory')))
2025-07-25 00:35:12,560 - __main__ - INFO - 图片下载成功: False
2025-07-25 00:35:12,560 - __main__ - WARNING - 图片未下载成功: E:\Lab\redbubble_ai\backend\results\The_Cure_Cat_Moon_90s_Alt_Indie_Rock_ban_36.jpg
2025-07-25 00:35:12,560 - __main__ - ERROR - 处理商品时出错: update_task_status() takes from 2 to 7 positional arguments but 8 were given
2025-07-25 00:35:12,560 - __main__ - INFO - 正在处理第 37/118 个商品: Orange Cat Want Uppies designed and sold by CatShi...
2025-07-25 00:35:12,563 - download_utils - INFO - 创建结果目录: E:\Lab\redbubble_ai\backend\results
2025-07-25 00:35:12,579 - download_utils - ERROR - 下载异常: https://ih1.redbubble.net/image.5884196856.1752/ssrco,classic_tee,mens_02,fafafa:ca443f4786,front,product_square,x600.jpg, 错误: HTTPSConnectionPool(host='ih1.redbubble.net', port=443): Max retries exceeded with url: /image.5884196856.1752/ssrco,classic_tee,mens_02,fafafa:ca443f4786,front,product_square,x600.jpg (Caused by ProxyError('Unable to connect to proxy', FileNotFoundError(2, 'No such file or directory')))
2025-07-25 00:35:12,579 - __main__ - INFO - 图片下载成功: False
2025-07-25 00:35:12,579 - __main__ - WARNING - 图片未下载成功: E:\Lab\redbubble_ai\backend\results\Orange_Cat_Want_Uppies_designed_and_sold_37.jpg
2025-07-25 00:35:12,579 - __main__ - ERROR - 处理商品时出错: update_task_status() takes from 2 to 7 positional arguments but 8 were given
2025-07-25 00:35:12,579 - __main__ - INFO - 正在处理第 38/118 个商品: SCREAM MASK designed and sold by kevincharles.
2025-07-25 00:35:12,583 - download_utils - INFO - 创建结果目录: E:\Lab\redbubble_ai\backend\results
2025-07-25 00:35:12,598 - download_utils - ERROR - 下载异常: https://ih1.redbubble.net/image.5646239851.2005/ra,sweatshirt,x1800,101010:01c5ca27c6,front-c,281,327,600,600-bg,f8f8f8.u2.jpg, 错误: HTTPSConnectionPool(host='ih1.redbubble.net', port=443): Max retries exceeded with url: /image.5646239851.2005/ra,sweatshirt,x1800,101010:01c5ca27c6,front-c,281,327,600,600-bg,f8f8f8.u2.jpg (Caused by ProxyError('Unable to connect to proxy', FileNotFoundError(2, 'No such file or directory')))
2025-07-25 00:35:12,598 - __main__ - INFO - 图片下载成功: False
2025-07-25 00:35:12,598 - __main__ - WARNING - 图片未下载成功: E:\Lab\redbubble_ai\backend\results\SCREAM_MASK_designed_and_sold_by_kevinch_38.jpg
2025-07-25 00:35:12,598 - __main__ - ERROR - 处理商品时出错: update_task_status() takes from 2 to 7 positional arguments but 8 were given
2025-07-25 00:35:12,598 - __main__ - INFO - 正在处理第 39/118 个商品: Adopt A Familiar designed and sold by Steven Rhode...
2025-07-25 00:35:12,601 - download_utils - INFO - 创建结果目录: E:\Lab\redbubble_ai\backend\results
2025-07-25 00:35:12,616 - download_utils - ERROR - 下载异常: https://ih1.redbubble.net/image.2404192733.1765/ssrco,mhoodie,mens,101010:01c5ca27c6,front,square_product,x600-bg,f8f8f8.1.jpg, 错误: HTTPSConnectionPool(host='ih1.redbubble.net', port=443): Max retries exceeded with url: /image.2404192733.1765/ssrco,mhoodie,mens,101010:01c5ca27c6,front,square_product,x600-bg,f8f8f8.1.jpg (Caused by ProxyError('Unable to connect to proxy', FileNotFoundError(2, 'No such file or directory')))
2025-07-25 00:35:12,616 - __main__ - INFO - 图片下载成功: False
2025-07-25 00:35:12,616 - __main__ - WARNING - 图片未下载成功: E:\Lab\redbubble_ai\backend\results\Adopt_A_Familiar_designed_and_sold_by_St_39.jpg
2025-07-25 00:35:12,616 - __main__ - ERROR - 处理商品时出错: update_task_status() takes from 2 to 7 positional arguments but 8 were given
2025-07-25 00:35:12,616 - __main__ - INFO - 正在处理第 40/118 个商品: Caring For Your Demon Cat designed and sold by Ste...
2025-07-25 00:35:12,619 - download_utils - INFO - 创建结果目录: E:\Lab\redbubble_ai\backend\results
2025-07-25 00:35:12,634 - download_utils - ERROR - 下载异常: https://ih1.redbubble.net/image.725032975.8956/ssrco,classic_tee,womens_02,101010:01c5ca27c6,front,product_square,x600.1u3.jpg, 错误: HTTPSConnectionPool(host='ih1.redbubble.net', port=443): Max retries exceeded with url: /image.725032975.8956/ssrco,classic_tee,womens_02,101010:01c5ca27c6,front,product_square,x600.1u3.jpg (Caused by ProxyError('Unable to connect to proxy', FileNotFoundError(2, 'No such file or directory')))
2025-07-25 00:35:12,634 - __main__ - INFO - 图片下载成功: False
2025-07-25 00:35:12,634 - __main__ - WARNING - 图片未下载成功: E:\Lab\redbubble_ai\backend\results\Caring_For_Your_Demon_Cat_designed_and_s_40.jpg
2025-07-25 00:35:12,634 - __main__ - ERROR - 处理商品时出错: update_task_status() takes from 2 to 7 positional arguments but 8 were given
2025-07-25 00:35:12,634 - __main__ - INFO - 正在处理第 41/118 个商品: Agnetha's Cat Dress (ABBA) designed and sold by le...
2025-07-25 00:35:12,637 - download_utils - INFO - 创建结果目录: E:\Lab\redbubble_ai\backend\results
2025-07-25 00:35:12,651 - download_utils - ERROR - 下载异常: https://ih1.redbubble.net/image.5824403301.0915/ssrco,classic_tee,mens_02,fafafa:ca443f4786,front,product_square,x600.jpg, 错误: HTTPSConnectionPool(host='ih1.redbubble.net', port=443): Max retries exceeded with url: /image.5824403301.0915/ssrco,classic_tee,mens_02,fafafa:ca443f4786,front,product_square,x600.jpg (Caused by ProxyError('Unable to connect to proxy', FileNotFoundError(2, 'No such file or directory')))
2025-07-25 00:35:12,651 - __main__ - INFO - 图片下载成功: False
2025-07-25 00:35:12,651 - __main__ - WARNING - 图片未下载成功: E:\Lab\redbubble_ai\backend\results\Agnetha's_Cat_Dress_(ABBA)_designed_and__41.jpg
2025-07-25 00:35:12,651 - __main__ - ERROR - 处理商品时出错: update_task_status() takes from 2 to 7 positional arguments but 8 were given
2025-07-25 00:35:12,651 - __main__ - INFO - 正在处理第 42/118 个商品: Recipes For Children designed and sold by Steven R...
2025-07-25 00:35:12,655 - download_utils - INFO - 创建结果目录: E:\Lab\redbubble_ai\backend\results
2025-07-25 00:35:12,670 - download_utils - ERROR - 下载异常: https://ih1.redbubble.net/image.5000221684.3694/ssrco,boxy_tee,womens_01,060606:b41fecf593,front,product_square,x600.jpg, 错误: HTTPSConnectionPool(host='ih1.redbubble.net', port=443): Max retries exceeded with url: /image.5000221684.3694/ssrco,boxy_tee,womens_01,060606:b41fecf593,front,product_square,x600.jpg (Caused by ProxyError('Unable to connect to proxy', FileNotFoundError(2, 'No such file or directory')))
2025-07-25 00:35:12,670 - __main__ - INFO - 图片下载成功: False
2025-07-25 00:35:12,670 - __main__ - WARNING - 图片未下载成功: E:\Lab\redbubble_ai\backend\results\Recipes_For_Children_designed_and_sold_b_42.jpg
2025-07-25 00:35:12,671 - __main__ - ERROR - 处理商品时出错: update_task_status() takes from 2 to 7 positional arguments but 8 were given
2025-07-25 00:35:12,671 - __main__ - INFO - 正在处理第 43/118 个商品: Funny Ramen designed and sold by LucieBeeArt.
2025-07-25 00:35:12,674 - download_utils - INFO - 创建结果目录: E:\Lab\redbubble_ai\backend\results
2025-07-25 00:35:12,679 - download_utils - ERROR - 下载异常: https://ih1.redbubble.net/image.5320684920.2971/ssrco,classic_tee,mens_02,101010:01c5ca27c6,front,product_square,x600.jpg, 错误: HTTPSConnectionPool(host='ih1.redbubble.net', port=443): Max retries exceeded with url: /image.5320684920.2971/ssrco,classic_tee,mens_02,101010:01c5ca27c6,front,product_square,x600.jpg (Caused by ProxyError('Unable to connect to proxy', FileNotFoundError(2, 'No such file or directory')))
2025-07-25 00:35:12,679 - __main__ - INFO - 图片下载成功: False
2025-07-25 00:35:12,679 - __main__ - WARNING - 图片未下载成功: E:\Lab\redbubble_ai\backend\results\Funny_Ramen_designed_and_sold_by_LucieBe_43.jpg
2025-07-25 00:35:12,679 - __main__ - ERROR - 处理商品时出错: update_task_status() takes from 2 to 7 positional arguments but 8 were given
2025-07-25 00:35:12,679 - __main__ - INFO - 正在处理第 44/118 个商品: Jonesy The Space Cat  designed and sold by sachpic...
2025-07-25 00:35:12,683 - download_utils - INFO - 创建结果目录: E:\Lab\redbubble_ai\backend\results
2025-07-25 00:35:12,697 - download_utils - ERROR - 下载异常: https://ih1.redbubble.net/image.5715903492.6917/ssrco,essential_tee,mens_01,101010:01c5ca27c6,front,product_square,x600.jpg, 错误: HTTPSConnectionPool(host='ih1.redbubble.net', port=443): Max retries exceeded with url: /image.5715903492.6917/ssrco,essential_tee,mens_01,101010:01c5ca27c6,front,product_square,x600.jpg (Caused by ProxyError('Unable to connect to proxy', FileNotFoundError(2, 'No such file or directory')))
2025-07-25 00:35:12,697 - __main__ - INFO - 图片下载成功: False
2025-07-25 00:35:12,698 - __main__ - WARNING - 图片未下载成功: E:\Lab\redbubble_ai\backend\results\Jonesy_The_Space_Cat__designed_and_sold__44.jpg
2025-07-25 00:35:12,698 - __main__ - ERROR - 处理商品时出错: update_task_status() takes from 2 to 7 positional arguments but 8 were given
2025-07-25 00:35:12,698 - __main__ - INFO - 正在处理第 45/118 个商品: Anni-Frid’s Cat Dress (ABBA) designed and sold by ...
2025-07-25 00:35:12,701 - download_utils - INFO - 创建结果目录: E:\Lab\redbubble_ai\backend\results
2025-07-25 00:35:12,716 - download_utils - ERROR - 下载异常: https://ih1.redbubble.net/image.5824401771.0868/ssrco,classic_tee,mens_02,fafafa:ca443f4786,front,product_square,x600.jpg, 错误: HTTPSConnectionPool(host='ih1.redbubble.net', port=443): Max retries exceeded with url: /image.5824401771.0868/ssrco,classic_tee,mens_02,fafafa:ca443f4786,front,product_square,x600.jpg (Caused by ProxyError('Unable to connect to proxy', FileNotFoundError(2, 'No such file or directory')))
2025-07-25 00:35:12,716 - __main__ - INFO - 图片下载成功: False
2025-07-25 00:35:12,716 - __main__ - WARNING - 图片未下载成功: E:\Lab\redbubble_ai\backend\results\Anni-Frid’s_Cat_Dress_(ABBA)_designed_an_45.jpg
2025-07-25 00:35:12,716 - __main__ - ERROR - 处理商品时出错: update_task_status() takes from 2 to 7 positional arguments but 8 were given
2025-07-25 00:35:12,716 - __main__ - INFO - 正在处理第 46/118 个商品: Jaws - Paws, funny cat catching a mouse designed a...
2025-07-25 00:35:12,719 - download_utils - INFO - 创建结果目录: E:\Lab\redbubble_ai\backend\results
2025-07-25 00:35:12,735 - download_utils - ERROR - 下载异常: https://ih1.redbubble.net/image.5836453925.2081/ssrco,classic_tee,womens_02,0d162e:9880ee6111,front,product_square,x600.1u1.jpg, 错误: HTTPSConnectionPool(host='ih1.redbubble.net', port=443): Max retries exceeded with url: /image.5836453925.2081/ssrco,classic_tee,womens_02,0d162e:9880ee6111,front,product_square,x600.1u1.jpg (Caused by ProxyError('Unable to connect to proxy', FileNotFoundError(2, 'No such file or directory')))
2025-07-25 00:35:12,735 - __main__ - INFO - 图片下载成功: False
2025-07-25 00:35:12,735 - __main__ - WARNING - 图片未下载成功: E:\Lab\redbubble_ai\backend\results\Jaws_-_Paws,_funny_cat_catching_a_mouse__46.jpg
2025-07-25 00:35:12,735 - __main__ - ERROR - 处理商品时出错: update_task_status() takes from 2 to 7 positional arguments but 8 were given
2025-07-25 00:35:12,735 - __main__ - INFO - 正在处理第 47/118 个商品: The Purrfect Alien  designed and sold by TigaTiga.
2025-07-25 00:35:12,738 - download_utils - INFO - 创建结果目录: E:\Lab\redbubble_ai\backend\results
2025-07-25 00:35:12,754 - download_utils - ERROR - 下载异常: https://ih1.redbubble.net/image.1200446472.2356/ssrco,lightweight_hoodie,womens,heather_mid_grey,front,square_product,x600-bg,f8f8f8.1.jpg, 错误: HTTPSConnectionPool(host='ih1.redbubble.net', port=443): Max retries exceeded with url: /image.1200446472.2356/ssrco,lightweight_hoodie,womens,heather_mid_grey,front,square_product,x600-bg,f8f8f8.1.jpg (Caused by ProxyError('Unable to connect to proxy', FileNotFoundError(2, 'No such file or directory')))
2025-07-25 00:35:12,754 - __main__ - INFO - 图片下载成功: False
2025-07-25 00:35:12,754 - __main__ - WARNING - 图片未下载成功: E:\Lab\redbubble_ai\backend\results\The_Purrfect_Alien__designed_and_sold_by_47.jpg
2025-07-25 00:35:12,754 - __main__ - ERROR - 处理商品时出错: update_task_status() takes from 2 to 7 positional arguments but 8 were given
2025-07-25 00:35:12,754 - __main__ - INFO - 正在处理第 48/118 个商品: Bottled Menace - Evil Black Cat designed and sold ...
2025-07-25 00:35:12,757 - download_utils - INFO - 创建结果目录: E:\Lab\redbubble_ai\backend\results
2025-07-25 00:35:12,773 - download_utils - ERROR - 下载异常: https://ih1.redbubble.net/image.4804011655.4815/ssrco,classic_tee,womens_02,101010:01c5ca27c6,front,product_square,x600.1u2.jpg, 错误: HTTPSConnectionPool(host='ih1.redbubble.net', port=443): Max retries exceeded with url: /image.4804011655.4815/ssrco,classic_tee,womens_02,101010:01c5ca27c6,front,product_square,x600.1u2.jpg (Caused by ProxyError('Unable to connect to proxy', FileNotFoundError(2, 'No such file or directory')))
2025-07-25 00:35:12,774 - __main__ - INFO - 图片下载成功: False
2025-07-25 00:35:12,774 - __main__ - WARNING - 图片未下载成功: E:\Lab\redbubble_ai\backend\results\Bottled_Menace_-_Evil_Black_Cat_designed_48.jpg
2025-07-25 00:35:12,774 - __main__ - ERROR - 处理商品时出错: update_task_status() takes from 2 to 7 positional arguments but 8 were given
2025-07-25 00:35:12,774 - __main__ - INFO - 正在处理第 49/118 个商品: Mentally Meown Since Forever – Funny Cross-Eyed Ca...
2025-07-25 00:35:12,778 - download_utils - INFO - 创建结果目录: E:\Lab\redbubble_ai\backend\results
2025-07-25 00:35:12,793 - download_utils - ERROR - 下载异常: https://ih1.redbubble.net/image.5883818272.9714/ssrco,oversize_tee,mens,ffffff:affd82b53f,front,product_square,x600.jpg, 错误: HTTPSConnectionPool(host='ih1.redbubble.net', port=443): Max retries exceeded with url: /image.5883818272.9714/ssrco,oversize_tee,mens,ffffff:affd82b53f,front,product_square,x600.jpg (Caused by ProxyError('Unable to connect to proxy', FileNotFoundError(2, 'No such file or directory')))
2025-07-25 00:35:12,793 - __main__ - INFO - 图片下载成功: False
2025-07-25 00:35:12,793 - __main__ - WARNING - 图片未下载成功: E:\Lab\redbubble_ai\backend\results\Mentally_Meown_Since_Forever_–_Funny_Cro_49.jpg
2025-07-25 00:35:12,793 - __main__ - ERROR - 处理商品时出错: update_task_status() takes from 2 to 7 positional arguments but 8 were given
2025-07-25 00:35:12,793 - __main__ - INFO - 正在处理第 50/118 个商品: Fast and Furious designed and sold by LucieBeeArt.
2025-07-25 00:35:12,797 - download_utils - INFO - 创建结果目录: E:\Lab\redbubble_ai\backend\results
2025-07-25 00:35:12,812 - download_utils - ERROR - 下载异常: https://ih1.redbubble.net/image.5320677262.3012/ssrco,classic_tee,mens_02,fafafa:ca443f4786,front,product_square,x600.jpg, 错误: HTTPSConnectionPool(host='ih1.redbubble.net', port=443): Max retries exceeded with url: /image.5320677262.3012/ssrco,classic_tee,mens_02,fafafa:ca443f4786,front,product_square,x600.jpg (Caused by ProxyError('Unable to connect to proxy', FileNotFoundError(2, 'No such file or directory')))
2025-07-25 00:35:12,813 - __main__ - INFO - 图片下载成功: False
2025-07-25 00:35:12,813 - __main__ - WARNING - 图片未下载成功: E:\Lab\redbubble_ai\backend\results\Fast_and_Furious_designed_and_sold_by_Lu_50.jpg
2025-07-25 00:35:12,813 - __main__ - ERROR - 处理商品时出错: update_task_status() takes from 2 to 7 positional arguments but 8 were given
2025-07-25 00:35:12,813 - __main__ - INFO - 正在处理第 51/118 个商品: Ukiyo e Samurai Cat  designed and sold by TheSamur...
2025-07-25 00:35:12,817 - download_utils - INFO - 创建结果目录: E:\Lab\redbubble_ai\backend\results
2025-07-25 00:35:12,832 - download_utils - ERROR - 下载异常: https://ih1.redbubble.net/image.5829357390.1754/ssrco,essential_tee,womens_01,101010:01c5ca27c6,front,product_square,x600.1u2.jpg, 错误: HTTPSConnectionPool(host='ih1.redbubble.net', port=443): Max retries exceeded with url: /image.5829357390.1754/ssrco,essential_tee,womens_01,101010:01c5ca27c6,front,product_square,x600.1u2.jpg (Caused by ProxyError('Unable to connect to proxy', FileNotFoundError(2, 'No such file or directory')))
2025-07-25 00:35:12,832 - __main__ - INFO - 图片下载成功: False
2025-07-25 00:35:12,832 - __main__ - WARNING - 图片未下载成功: E:\Lab\redbubble_ai\backend\results\Ukiyo_e_Samurai_Cat__designed_and_sold_b_51.jpg
2025-07-25 00:35:12,832 - __main__ - ERROR - 处理商品时出错: update_task_status() takes from 2 to 7 positional arguments but 8 were given
2025-07-25 00:35:12,832 - __main__ - INFO - 正在处理第 52/118 个商品: Disrespect Your Surroundings! (ORIGINAL) designed ...
2025-07-25 00:35:12,836 - download_utils - INFO - 创建结果目录: E:\Lab\redbubble_ai\backend\results
2025-07-25 00:35:12,851 - download_utils - ERROR - 下载异常: https://ih1.redbubble.net/image.5620080462.7257/ssrco,classic_tee,womens_02,101010:01c5ca27c6,front,product_square,x600.1.jpg, 错误: HTTPSConnectionPool(host='ih1.redbubble.net', port=443): Max retries exceeded with url: /image.5620080462.7257/ssrco,classic_tee,womens_02,101010:01c5ca27c6,front,product_square,x600.1.jpg (Caused by ProxyError('Unable to connect to proxy', FileNotFoundError(2, 'No such file or directory')))
2025-07-25 00:35:12,852 - __main__ - INFO - 图片下载成功: False
2025-07-25 00:35:12,852 - __main__ - WARNING - 图片未下载成功: E:\Lab\redbubble_ai\backend\results\Disrespect_Your_Surroundings!_(ORIGINAL)_52.jpg
2025-07-25 00:35:12,852 - __main__ - ERROR - 处理商品时出错: update_task_status() takes from 2 to 7 positional arguments but 8 were given
2025-07-25 00:35:12,852 - __main__ - INFO - 正在处理第 53/118 个商品: NO Funny Cat  designed and sold by BrownHorse90s.
2025-07-25 00:35:12,856 - download_utils - INFO - 创建结果目录: E:\Lab\redbubble_ai\backend\results
2025-07-25 00:35:12,861 - download_utils - ERROR - 下载异常: https://ih1.redbubble.net/image.5883935883.3714/ssrco,classic_tee,mens_02,fafafa:ca443f4786,front,product_square,x600.jpg, 错误: HTTPSConnectionPool(host='ih1.redbubble.net', port=443): Max retries exceeded with url: /image.5883935883.3714/ssrco,classic_tee,mens_02,fafafa:ca443f4786,front,product_square,x600.jpg (Caused by ProxyError('Unable to connect to proxy', FileNotFoundError(2, 'No such file or directory')))
2025-07-25 00:35:12,861 - __main__ - INFO - 图片下载成功: False
2025-07-25 00:35:12,861 - __main__ - WARNING - 图片未下载成功: E:\Lab\redbubble_ai\backend\results\NO_Funny_Cat__designed_and_sold_by_Brown_53.jpg
2025-07-25 00:35:12,862 - __main__ - ERROR - 处理商品时出错: update_task_status() takes from 2 to 7 positional arguments but 8 were given
2025-07-25 00:35:12,862 - __main__ - INFO - 正在处理第 54/118 个商品: Swedish Folk Cats designed and sold by kostolom300...
2025-07-25 00:35:12,866 - download_utils - INFO - 创建结果目录: E:\Lab\redbubble_ai\backend\results
2025-07-25 00:35:12,880 - download_utils - ERROR - 下载异常: https://ih1.redbubble.net/image.415475307.3864/ssrco,classic_tee,mens_02,heather_denim,front,product_square,x600.u5.jpg, 错误: HTTPSConnectionPool(host='ih1.redbubble.net', port=443): Max retries exceeded with url: /image.415475307.3864/ssrco,classic_tee,mens_02,heather_denim,front,product_square,x600.u5.jpg (Caused by ProxyError('Unable to connect to proxy', FileNotFoundError(2, 'No such file or directory')))
2025-07-25 00:35:12,880 - __main__ - INFO - 图片下载成功: False
2025-07-25 00:35:12,880 - __main__ - WARNING - 图片未下载成功: E:\Lab\redbubble_ai\backend\results\Swedish_Folk_Cats_designed_and_sold_by_k_54.jpg
2025-07-25 00:35:12,880 - __main__ - ERROR - 处理商品时出错: update_task_status() takes from 2 to 7 positional arguments but 8 were given
2025-07-25 00:35:12,880 - __main__ - INFO - 正在处理第 55/118 个商品: Catzilla designed and sold by Le-Freak.
2025-07-25 00:35:12,885 - download_utils - INFO - 创建结果目录: E:\Lab\redbubble_ai\backend\results
2025-07-25 00:35:12,899 - download_utils - ERROR - 下载异常: https://ih1.redbubble.net/image.2418474740.7442/ssrco,essential_tee,mens_01,101010:01c5ca27c6,front,product_square,x600.u6.jpg, 错误: HTTPSConnectionPool(host='ih1.redbubble.net', port=443): Max retries exceeded with url: /image.2418474740.7442/ssrco,essential_tee,mens_01,101010:01c5ca27c6,front,product_square,x600.u6.jpg (Caused by ProxyError('Unable to connect to proxy', FileNotFoundError(2, 'No such file or directory')))
2025-07-25 00:35:12,899 - __main__ - INFO - 图片下载成功: False
2025-07-25 00:35:12,900 - __main__ - WARNING - 图片未下载成功: E:\Lab\redbubble_ai\backend\results\Catzilla_designed_and_sold_by_Le-Freak._55.jpg
2025-07-25 00:35:12,900 - __main__ - ERROR - 处理商品时出错: update_task_status() takes from 2 to 7 positional arguments but 8 were given
2025-07-25 00:35:12,900 - __main__ - INFO - 正在处理第 56/118 个商品: Meowy Christmas designed and sold by irmirx.
2025-07-25 00:35:12,904 - download_utils - INFO - 创建结果目录: E:\Lab\redbubble_ai\backend\results
2025-07-25 00:35:12,919 - download_utils - ERROR - 下载异常: https://ih1.redbubble.net/image.463275449.9350/ssrco,lightweight_sweatshirt,womens,heather_dark_grey,front,square_product,x600-bg,f8f8f8.1.jpg, 错误: HTTPSConnectionPool(host='ih1.redbubble.net', port=443): Max retries exceeded with url: /image.463275449.9350/ssrco,lightweight_sweatshirt,womens,heather_dark_grey,front,square_product,x600-bg,f8f8f8.1.jpg (Caused by ProxyError('Unable to connect to proxy', FileNotFoundError(2, 'No such file or directory')))
2025-07-25 00:35:12,919 - __main__ - INFO - 图片下载成功: False
2025-07-25 00:35:12,919 - __main__ - WARNING - 图片未下载成功: E:\Lab\redbubble_ai\backend\results\Meowy_Christmas_designed_and_sold_by_irm_56.jpg
2025-07-25 00:35:12,919 - __main__ - ERROR - 处理商品时出错: update_task_status() takes from 2 to 7 positional arguments but 8 were given
2025-07-25 00:35:12,919 - __main__ - INFO - 正在处理第 57/118 个商品: I saw that cat  designed and sold by art.paperplan...
2025-07-25 00:35:12,923 - download_utils - INFO - 创建结果目录: E:\Lab\redbubble_ai\backend\results
2025-07-25 00:35:12,938 - download_utils - ERROR - 下载异常: https://ih1.redbubble.net/image.5883379951.4964/ssrco,classic_tee,mens_02,fafafa:ca443f4786,front,product_square,x600.jpg, 错误: HTTPSConnectionPool(host='ih1.redbubble.net', port=443): Max retries exceeded with url: /image.5883379951.4964/ssrco,classic_tee,mens_02,fafafa:ca443f4786,front,product_square,x600.jpg (Caused by ProxyError('Unable to connect to proxy', FileNotFoundError(2, 'No such file or directory')))
2025-07-25 00:35:12,938 - __main__ - INFO - 图片下载成功: False
2025-07-25 00:35:12,938 - __main__ - WARNING - 图片未下载成功: E:\Lab\redbubble_ai\backend\results\I_saw_that_cat__designed_and_sold_by_art_57.jpg
2025-07-25 00:35:12,938 - __main__ - ERROR - 处理商品时出错: update_task_status() takes from 2 to 7 positional arguments but 8 were given
2025-07-25 00:35:12,938 - __main__ - INFO - 正在处理第 58/118 个商品: nu metal music band designed and sold by serriltow...
2025-07-25 00:35:12,943 - download_utils - INFO - 创建结果目录: E:\Lab\redbubble_ai\backend\results
2025-07-25 00:35:12,948 - download_utils - ERROR - 下载异常: https://ih1.redbubble.net/image.5646846018.0025/ssrco,classic_tee,womens_02,101010:01c5ca27c6,front,product_square,x600.1.jpg, 错误: HTTPSConnectionPool(host='ih1.redbubble.net', port=443): Max retries exceeded with url: /image.5646846018.0025/ssrco,classic_tee,womens_02,101010:01c5ca27c6,front,product_square,x600.1.jpg (Caused by ProxyError('Unable to connect to proxy', FileNotFoundError(2, 'No such file or directory')))
2025-07-25 00:35:12,948 - __main__ - INFO - 图片下载成功: False
2025-07-25 00:35:12,948 - __main__ - WARNING - 图片未下载成功: E:\Lab\redbubble_ai\backend\results\nu_metal_music_band_designed_and_sold_by_58.jpg
2025-07-25 00:35:12,948 - __main__ - ERROR - 处理商品时出错: update_task_status() takes from 2 to 7 positional arguments but 8 were given
2025-07-25 00:35:12,948 - __main__ - INFO - 正在处理第 59/118 个商品: PURRFECT CREATION: And GOD Created Cats designed a...
2025-07-25 00:35:12,951 - download_utils - INFO - 创建结果目录: E:\Lab\redbubble_ai\backend\results
2025-07-25 00:35:12,957 - download_utils - ERROR - 下载异常: https://ih1.redbubble.net/image.5537591741.8681/ssrco,classic_tee,mens_02,101010:01c5ca27c6,front,product_square,x600.jpg, 错误: HTTPSConnectionPool(host='ih1.redbubble.net', port=443): Max retries exceeded with url: /image.5537591741.8681/ssrco,classic_tee,mens_02,101010:01c5ca27c6,front,product_square,x600.jpg (Caused by ProxyError('Unable to connect to proxy', FileNotFoundError(2, 'No such file or directory')))
2025-07-25 00:35:12,957 - __main__ - INFO - 图片下载成功: False
2025-07-25 00:35:12,958 - __main__ - WARNING - 图片未下载成功: E:\Lab\redbubble_ai\backend\results\PURRFECT_CREATION_And_GOD_Created_Cats_d_59.jpg
2025-07-25 00:35:12,958 - __main__ - ERROR - 处理商品时出错: update_task_status() takes from 2 to 7 positional arguments but 8 were given
2025-07-25 00:35:12,958 - __main__ - INFO - 正在处理第 60/118 个商品: Lesbians Eat What?! Funny Cat Gay Pride LGBTQ Pun ...
2025-07-25 00:35:12,961 - download_utils - INFO - 创建结果目录: E:\Lab\redbubble_ai\backend\results
2025-07-25 00:35:12,975 - download_utils - ERROR - 下载异常: https://ih1.redbubble.net/image.5817733044.3384/ssrco,classic_tee,mens_02,101010:01c5ca27c6,front,product_square,x600.jpg, 错误: HTTPSConnectionPool(host='ih1.redbubble.net', port=443): Max retries exceeded with url: /image.5817733044.3384/ssrco,classic_tee,mens_02,101010:01c5ca27c6,front,product_square,x600.jpg (Caused by ProxyError('Unable to connect to proxy', FileNotFoundError(2, 'No such file or directory')))
2025-07-25 00:35:12,975 - __main__ - INFO - 图片下载成功: False
2025-07-25 00:35:12,975 - __main__ - WARNING - 图片未下载成功: E:\Lab\redbubble_ai\backend\results\Lesbians_Eat_What!_Funny_Cat_Gay_Pride_L_60.jpg
2025-07-25 00:35:12,975 - __main__ - ERROR - 处理商品时出错: update_task_status() takes from 2 to 7 positional arguments but 8 were given
2025-07-25 00:35:12,975 - __main__ - INFO - 正在处理第 61/118 个商品: Cute Cat Riding Unicorn - Giddy Up, There’s Chaos ...
2025-07-25 00:35:12,978 - download_utils - INFO - 创建结果目录: E:\Lab\redbubble_ai\backend\results
2025-07-25 00:35:12,993 - download_utils - ERROR - 下载异常: https://ih1.redbubble.net/image.5413505811.1664/ssrco,classic_tee,womens_02,fafafa:ca443f4786,front,product_square,x600.1.jpg, 错误: HTTPSConnectionPool(host='ih1.redbubble.net', port=443): Max retries exceeded with url: /image.5413505811.1664/ssrco,classic_tee,womens_02,fafafa:ca443f4786,front,product_square,x600.1.jpg (Caused by ProxyError('Unable to connect to proxy', FileNotFoundError(2, 'No such file or directory')))
2025-07-25 00:35:12,993 - __main__ - INFO - 图片下载成功: False
2025-07-25 00:35:12,994 - __main__ - WARNING - 图片未下载成功: E:\Lab\redbubble_ai\backend\results\Cute_Cat_Riding_Unicorn_-_Giddy_Up,_Ther_61.jpg
2025-07-25 00:35:12,994 - __main__ - ERROR - 处理商品时出错: update_task_status() takes from 2 to 7 positional arguments but 8 were given
2025-07-25 00:35:12,994 - __main__ - INFO - 正在处理第 62/118 个商品: Death Rides A Black Cat designed and sold by obins...
2025-07-25 00:35:12,997 - download_utils - INFO - 创建结果目录: E:\Lab\redbubble_ai\backend\results
2025-07-25 00:35:13,011 - download_utils - ERROR - 下载异常: https://ih1.redbubble.net/image.4981122605.1846/ssrco,mhoodie,womens,101010:01c5ca27c6,front,square_product,x600-bg,f8f8f8.1u2.jpg, 错误: HTTPSConnectionPool(host='ih1.redbubble.net', port=443): Max retries exceeded with url: /image.4981122605.1846/ssrco,mhoodie,womens,101010:01c5ca27c6,front,square_product,x600-bg,f8f8f8.1u2.jpg (Caused by ProxyError('Unable to connect to proxy', FileNotFoundError(2, 'No such file or directory')))
2025-07-25 00:35:13,011 - __main__ - INFO - 图片下载成功: False
2025-07-25 00:35:13,011 - __main__ - WARNING - 图片未下载成功: E:\Lab\redbubble_ai\backend\results\Death_Rides_A_Black_Cat_designed_and_sol_62.jpg
2025-07-25 00:35:13,011 - __main__ - ERROR - 处理商品时出错: update_task_status() takes from 2 to 7 positional arguments but 8 were given
2025-07-25 00:35:13,012 - __main__ - INFO - 正在处理第 63/118 个商品: CAT STARRY NIGHT designed and sold by Sameart ⭐⭐⭐⭐...
2025-07-25 00:35:13,015 - download_utils - INFO - 创建结果目录: E:\Lab\redbubble_ai\backend\results
2025-07-25 00:35:13,020 - download_utils - ERROR - 下载异常: https://ih1.redbubble.net/image.4859933708.5736/ssrco,classic_tee,womens_02,101010:01c5ca27c6,front,product_square,x600.1u4.jpg, 错误: HTTPSConnectionPool(host='ih1.redbubble.net', port=443): Max retries exceeded with url: /image.4859933708.5736/ssrco,classic_tee,womens_02,101010:01c5ca27c6,front,product_square,x600.1u4.jpg (Caused by ProxyError('Unable to connect to proxy', FileNotFoundError(2, 'No such file or directory')))
2025-07-25 00:35:13,020 - __main__ - INFO - 图片下载成功: False
2025-07-25 00:35:13,020 - __main__ - WARNING - 图片未下载成功: E:\Lab\redbubble_ai\backend\results\CAT_STARRY_NIGHT_designed_and_sold_by_Sa_63.jpg
2025-07-25 00:35:13,021 - __main__ - ERROR - 处理商品时出错: update_task_status() takes from 2 to 7 positional arguments but 8 were given
2025-07-25 00:35:13,021 - __main__ - INFO - 正在处理第 64/118 个商品: Comrade Garf designed and sold by KennMila.
2025-07-25 00:35:13,024 - download_utils - INFO - 创建结果目录: E:\Lab\redbubble_ai\backend\results
2025-07-25 00:35:13,028 - download_utils - ERROR - 下载异常: https://ih1.redbubble.net/image.1577749156.7920/ssrco,oversize_tee,mens,ffffff:affd82b53f,front,product_square,x600.jpg, 错误: HTTPSConnectionPool(host='ih1.redbubble.net', port=443): Max retries exceeded with url: /image.1577749156.7920/ssrco,oversize_tee,mens,ffffff:affd82b53f,front,product_square,x600.jpg (Caused by ProxyError('Unable to connect to proxy', FileNotFoundError(2, 'No such file or directory')))
2025-07-25 00:35:13,028 - __main__ - INFO - 图片下载成功: False
2025-07-25 00:35:13,028 - __main__ - WARNING - 图片未下载成功: E:\Lab\redbubble_ai\backend\results\Comrade_Garf_designed_and_sold_by_KennMi_64.jpg
2025-07-25 00:35:13,029 - __main__ - ERROR - 处理商品时出错: update_task_status() takes from 2 to 7 positional arguments but 8 were given
2025-07-25 00:35:13,029 - __main__ - INFO - 正在处理第 65/118 个商品: Ew People designed and sold by artworkbyrihen.
2025-07-25 00:35:13,032 - download_utils - INFO - 创建结果目录: E:\Lab\redbubble_ai\backend\results
2025-07-25 00:35:13,048 - download_utils - ERROR - 下载异常: https://ih1.redbubble.net/image.1759530235.6233/ssrco,classic_tee,mens_02,101010:01c5ca27c6,front,product_square,x600.jpg, 错误: HTTPSConnectionPool(host='ih1.redbubble.net', port=443): Max retries exceeded with url: /image.1759530235.6233/ssrco,classic_tee,mens_02,101010:01c5ca27c6,front,product_square,x600.jpg (Caused by ProxyError('Unable to connect to proxy', FileNotFoundError(2, 'No such file or directory')))
2025-07-25 00:35:13,048 - __main__ - INFO - 图片下载成功: False
2025-07-25 00:35:13,049 - __main__ - WARNING - 图片未下载成功: E:\Lab\redbubble_ai\backend\results\Ew_People_designed_and_sold_by_artworkby_65.jpg
2025-07-25 00:35:13,049 - __main__ - ERROR - 处理商品时出错: update_task_status() takes from 2 to 7 positional arguments but 8 were given
2025-07-25 00:35:13,049 - __main__ - INFO - 正在处理第 66/118 个商品: Pussy Power Funny Cat designed and sold by Tomasau...
2025-07-25 00:35:13,053 - download_utils - INFO - 创建结果目录: E:\Lab\redbubble_ai\backend\results
2025-07-25 00:35:13,057 - download_utils - ERROR - 下载异常: https://ih1.redbubble.net/image.5509481884.9305/ssrco,essential_tee,mens_01,101010:01c5ca27c6,front,product_square,x600.jpg, 错误: HTTPSConnectionPool(host='ih1.redbubble.net', port=443): Max retries exceeded with url: /image.5509481884.9305/ssrco,essential_tee,mens_01,101010:01c5ca27c6,front,product_square,x600.jpg (Caused by ProxyError('Unable to connect to proxy', FileNotFoundError(2, 'No such file or directory')))
2025-07-25 00:35:13,057 - __main__ - INFO - 图片下载成功: False
2025-07-25 00:35:13,057 - __main__ - WARNING - 图片未下载成功: E:\Lab\redbubble_ai\backend\results\Pussy_Power_Funny_Cat_designed_and_sold__66.jpg
2025-07-25 00:35:13,057 - __main__ - ERROR - 处理商品时出错: update_task_status() takes from 2 to 7 positional arguments but 8 were given
2025-07-25 00:35:13,057 - __main__ - INFO - 正在处理第 67/118 个商品: American Shorthair happy designed and sold by Toru...
2025-07-25 00:35:13,060 - download_utils - INFO - 创建结果目录: E:\Lab\redbubble_ai\backend\results
2025-07-25 00:35:13,075 - download_utils - ERROR - 下载异常: https://ih1.redbubble.net/image.118555183.5061/ssrco,essential_tee,womens_01,fafafa:ca443f4786,front,product_square,x600.1u3.jpg, 错误: HTTPSConnectionPool(host='ih1.redbubble.net', port=443): Max retries exceeded with url: /image.118555183.5061/ssrco,essential_tee,womens_01,fafafa:ca443f4786,front,product_square,x600.1u3.jpg (Caused by ProxyError('Unable to connect to proxy', FileNotFoundError(2, 'No such file or directory')))
2025-07-25 00:35:13,075 - __main__ - INFO - 图片下载成功: False
2025-07-25 00:35:13,076 - __main__ - WARNING - 图片未下载成功: E:\Lab\redbubble_ai\backend\results\American_Shorthair_happy_designed_and_so_67.jpg
2025-07-25 00:35:13,076 - __main__ - ERROR - 处理商品时出错: update_task_status() takes from 2 to 7 positional arguments but 8 were given
2025-07-25 00:35:13,076 - __main__ - INFO - 正在处理第 68/118 个商品: I do not think therefore I do not am - cat meme po...
2025-07-25 00:35:13,079 - download_utils - INFO - 创建结果目录: E:\Lab\redbubble_ai\backend\results
2025-07-25 00:35:13,094 - download_utils - ERROR - 下载异常: https://ih1.redbubble.net/image.5157742005.2210/ssrco,lightweight_sweatshirt,mens,heather_mid_charcoal,front,square_product,x600-bg,f8f8f8.u1.jpg, 错误: HTTPSConnectionPool(host='ih1.redbubble.net', port=443): Max retries exceeded with url: /image.5157742005.2210/ssrco,lightweight_sweatshirt,mens,heather_mid_charcoal,front,square_product,x600-bg,f8f8f8.u1.jpg (Caused by ProxyError('Unable to connect to proxy', FileNotFoundError(2, 'No such file or directory')))
2025-07-25 00:35:13,095 - __main__ - INFO - 图片下载成功: False
2025-07-25 00:35:13,095 - __main__ - WARNING - 图片未下载成功: E:\Lab\redbubble_ai\backend\results\I_do_not_think_therefore_I_do_not_am_-_c_68.jpg
2025-07-25 00:35:13,095 - __main__ - ERROR - 处理商品时出错: update_task_status() takes from 2 to 7 positional arguments but 8 were given
2025-07-25 00:35:13,095 - __main__ - INFO - 正在处理第 69/118 个商品: Angus Rocks designed and sold by pierolda.
2025-07-25 00:35:13,099 - download_utils - INFO - 创建结果目录: E:\Lab\redbubble_ai\backend\results
2025-07-25 00:35:13,112 - download_utils - ERROR - 下载异常: https://ih1.redbubble.net/image.763724904.4237/ssrco,essential_tee,mens_01,fafafa:ca443f4786,front,product_square,x600.u3.jpg, 错误: HTTPSConnectionPool(host='ih1.redbubble.net', port=443): Max retries exceeded with url: /image.763724904.4237/ssrco,essential_tee,mens_01,fafafa:ca443f4786,front,product_square,x600.u3.jpg (Caused by ProxyError('Unable to connect to proxy', FileNotFoundError(2, 'No such file or directory')))
2025-07-25 00:35:13,113 - __main__ - INFO - 图片下载成功: False
2025-07-25 00:35:13,113 - __main__ - WARNING - 图片未下载成功: E:\Lab\redbubble_ai\backend\results\Angus_Rocks_designed_and_sold_by_pierold_69.jpg
2025-07-25 00:35:13,113 - __main__ - ERROR - 处理商品时出错: update_task_status() takes from 2 to 7 positional arguments but 8 were given
2025-07-25 00:35:13,113 - __main__ - INFO - 正在处理第 70/118 个商品: Cute Cat & Bird Jinu's Pets Demons designed and so...
2025-07-25 00:35:13,117 - download_utils - INFO - 创建结果目录: E:\Lab\redbubble_ai\backend\results
2025-07-25 00:35:13,131 - download_utils - ERROR - 下载异常: https://ih1.redbubble.net/image.5873353246.6208/ssrco,classic_tee,womens_02,101010:01c5ca27c6,front,product_square,x600.1.jpg, 错误: HTTPSConnectionPool(host='ih1.redbubble.net', port=443): Max retries exceeded with url: /image.5873353246.6208/ssrco,classic_tee,womens_02,101010:01c5ca27c6,front,product_square,x600.1.jpg (Caused by ProxyError('Unable to connect to proxy', FileNotFoundError(2, 'No such file or directory')))
2025-07-25 00:35:13,131 - __main__ - INFO - 图片下载成功: False
2025-07-25 00:35:13,131 - __main__ - WARNING - 图片未下载成功: E:\Lab\redbubble_ai\backend\results\Cute_Cat_&_Bird_Jinu's_Pets_Demons_desig_70.jpg
2025-07-25 00:35:13,131 - __main__ - ERROR - 处理商品时出错: update_task_status() takes from 2 to 7 positional arguments but 8 were given
2025-07-25 00:35:13,132 - __main__ - INFO - 正在处理第 71/118 个商品: A Quiet Spooky Spot (Book Reading Monster) designe...
2025-07-25 00:35:13,135 - download_utils - INFO - 创建结果目录: E:\Lab\redbubble_ai\backend\results
2025-07-25 00:35:13,140 - download_utils - ERROR - 下载异常: https://ih1.redbubble.net/image.5650617815.9854/ssrco,classic_tee,womens_02,101010:01c5ca27c6,front,product_square,x600.1.jpg, 错误: HTTPSConnectionPool(host='ih1.redbubble.net', port=443): Max retries exceeded with url: /image.5650617815.9854/ssrco,classic_tee,womens_02,101010:01c5ca27c6,front,product_square,x600.1.jpg (Caused by ProxyError('Unable to connect to proxy', FileNotFoundError(2, 'No such file or directory')))
2025-07-25 00:35:13,141 - __main__ - INFO - 图片下载成功: False
2025-07-25 00:35:13,141 - __main__ - WARNING - 图片未下载成功: E:\Lab\redbubble_ai\backend\results\A_Quiet_Spooky_Spot_(Book_Reading_Monste_71.jpg
2025-07-25 00:35:13,141 - __main__ - ERROR - 处理商品时出错: update_task_status() takes from 2 to 7 positional arguments but 8 were given
2025-07-25 00:35:13,141 - __main__ - INFO - 正在处理第 72/118 个商品: Vintage Japanese Cat "Kawaii" Anime designed and s...
2025-07-25 00:35:13,145 - download_utils - INFO - 创建结果目录: E:\Lab\redbubble_ai\backend\results
2025-07-25 00:35:13,160 - download_utils - ERROR - 下载异常: https://ih1.redbubble.net/image.1736297705.2303/ssrco,essential_tee,womens_01,05081f:66c8590f4e,front,product_square,x600.1.jpg, 错误: HTTPSConnectionPool(host='ih1.redbubble.net', port=443): Max retries exceeded with url: /image.1736297705.2303/ssrco,essential_tee,womens_01,05081f:66c8590f4e,front,product_square,x600.1.jpg (Caused by ProxyError('Unable to connect to proxy', FileNotFoundError(2, 'No such file or directory')))
2025-07-25 00:35:13,160 - __main__ - INFO - 图片下载成功: False
2025-07-25 00:35:13,161 - __main__ - WARNING - 图片未下载成功: E:\Lab\redbubble_ai\backend\results\Vintage_Japanese_Cat_Kawaii_Anime_design_72.jpg
2025-07-25 00:35:13,161 - __main__ - ERROR - 处理商品时出错: update_task_status() takes from 2 to 7 positional arguments but 8 were given
2025-07-25 00:35:13,161 - __main__ - INFO - 正在处理第 73/118 个商品: Microplastics in Balls Funny Cat Meme Gifts design...
2025-07-25 00:35:13,164 - download_utils - INFO - 创建结果目录: E:\Lab\redbubble_ai\backend\results
2025-07-25 00:35:13,179 - download_utils - ERROR - 下载异常: https://ih1.redbubble.net/image.5693026228.7036/ssrco,oversize_tee,mens,000000:44f0b734a5,front,product_square,x600.u1.jpg, 错误: HTTPSConnectionPool(host='ih1.redbubble.net', port=443): Max retries exceeded with url: /image.5693026228.7036/ssrco,oversize_tee,mens,000000:44f0b734a5,front,product_square,x600.u1.jpg (Caused by ProxyError('Unable to connect to proxy', FileNotFoundError(2, 'No such file or directory')))
2025-07-25 00:35:13,179 - __main__ - INFO - 图片下载成功: False
2025-07-25 00:35:13,180 - __main__ - WARNING - 图片未下载成功: E:\Lab\redbubble_ai\backend\results\Microplastics_in_Balls_Funny_Cat_Meme_Gi_73.jpg
2025-07-25 00:35:13,180 - __main__ - ERROR - 处理商品时出错: update_task_status() takes from 2 to 7 positional arguments but 8 were given
2025-07-25 00:35:13,180 - __main__ - INFO - 正在处理第 74/118 个商品: Soot studio ghibli designed and sold by LucieBeeAr...
2025-07-25 00:35:13,184 - download_utils - INFO - 创建结果目录: E:\Lab\redbubble_ai\backend\results
2025-07-25 00:35:13,188 - download_utils - ERROR - 下载异常: https://ih1.redbubble.net/image.5303477256.6152/ssrco,oversize_tee,womens,ffffff:affd82b53f,front,product_square,x600.1u1.jpg, 错误: HTTPSConnectionPool(host='ih1.redbubble.net', port=443): Max retries exceeded with url: /image.5303477256.6152/ssrco,oversize_tee,womens,ffffff:affd82b53f,front,product_square,x600.1u1.jpg (Caused by ProxyError('Unable to connect to proxy', FileNotFoundError(2, 'No such file or directory')))
2025-07-25 00:35:13,188 - __main__ - INFO - 图片下载成功: False
2025-07-25 00:35:13,189 - __main__ - WARNING - 图片未下载成功: E:\Lab\redbubble_ai\backend\results\Soot_studio_ghibli_designed_and_sold_by__74.jpg
2025-07-25 00:35:13,189 - __main__ - ERROR - 处理商品时出错: update_task_status() takes from 2 to 7 positional arguments but 8 were given
2025-07-25 00:35:13,189 - __main__ - INFO - 正在处理第 75/118 个商品: Ski-Doo Logo designed and sold by novinov.
2025-07-25 00:35:13,193 - download_utils - INFO - 创建结果目录: E:\Lab\redbubble_ai\backend\results
2025-07-25 00:35:13,208 - download_utils - ERROR - 下载异常: https://ih1.redbubble.net/image.1679246812.7646/ssrco,essential_tee,mens_01,101010:01c5ca27c6,front,product_square,x600.jpg, 错误: HTTPSConnectionPool(host='ih1.redbubble.net', port=443): Max retries exceeded with url: /image.1679246812.7646/ssrco,essential_tee,mens_01,101010:01c5ca27c6,front,product_square,x600.jpg (Caused by ProxyError('Unable to connect to proxy', FileNotFoundError(2, 'No such file or directory')))
2025-07-25 00:35:13,208 - __main__ - INFO - 图片下载成功: False
2025-07-25 00:35:13,208 - __main__ - WARNING - 图片未下载成功: E:\Lab\redbubble_ai\backend\results\Ski-Doo_Logo_designed_and_sold_by_novino_75.jpg
2025-07-25 00:35:13,208 - __main__ - ERROR - 处理商品时出错: update_task_status() takes from 2 to 7 positional arguments but 8 were given
2025-07-25 00:35:13,208 - __main__ - INFO - 正在处理第 76/118 个商品: Cathulhu: The feline that lurks in the shadows. de...
2025-07-25 00:35:13,211 - download_utils - INFO - 创建结果目录: E:\Lab\redbubble_ai\backend\results
2025-07-25 00:35:13,227 - download_utils - ERROR - 下载异常: https://ih1.redbubble.net/image.5352113588.4113/ssrco,classic_tee,womens_02,fafafa:ca443f4786,front,product_square,x600.1.jpg, 错误: HTTPSConnectionPool(host='ih1.redbubble.net', port=443): Max retries exceeded with url: /image.5352113588.4113/ssrco,classic_tee,womens_02,fafafa:ca443f4786,front,product_square,x600.1.jpg (Caused by ProxyError('Unable to connect to proxy', FileNotFoundError(2, 'No such file or directory')))
2025-07-25 00:35:13,227 - __main__ - INFO - 图片下载成功: False
2025-07-25 00:35:13,227 - __main__ - WARNING - 图片未下载成功: E:\Lab\redbubble_ai\backend\results\Cathulhu_The_feline_that_lurks_in_the_sh_76.jpg
2025-07-25 00:35:13,227 - __main__ - ERROR - 处理商品时出错: update_task_status() takes from 2 to 7 positional arguments but 8 were given
2025-07-25 00:35:13,227 - __main__ - INFO - 正在处理第 77/118 个商品: Cat People 97 designed and sold by deep-sea-birds.
2025-07-25 00:35:13,230 - download_utils - INFO - 创建结果目录: E:\Lab\redbubble_ai\backend\results
2025-07-25 00:35:13,245 - download_utils - ERROR - 下载异常: https://ih1.redbubble.net/image.5883826500.0031/ssrco,classic_tee,mens_02,fafafa:ca443f4786,front,product_square,x600.jpg, 错误: HTTPSConnectionPool(host='ih1.redbubble.net', port=443): Max retries exceeded with url: /image.5883826500.0031/ssrco,classic_tee,mens_02,fafafa:ca443f4786,front,product_square,x600.jpg (Caused by ProxyError('Unable to connect to proxy', FileNotFoundError(2, 'No such file or directory')))
2025-07-25 00:35:13,245 - __main__ - INFO - 图片下载成功: False
2025-07-25 00:35:13,246 - __main__ - WARNING - 图片未下载成功: E:\Lab\redbubble_ai\backend\results\Cat_People_97_designed_and_sold_by_deep-_77.jpg
2025-07-25 00:35:13,246 - __main__ - ERROR - 处理商品时出错: update_task_status() takes from 2 to 7 positional arguments but 8 were given
2025-07-25 00:35:13,246 - __main__ - INFO - 正在处理第 78/118 个商品: Freya Driving Her Cat Chariot designed and sold by...
2025-07-25 00:35:13,249 - download_utils - INFO - 创建结果目录: E:\Lab\redbubble_ai\backend\results
2025-07-25 00:35:13,263 - download_utils - ERROR - 下载异常: https://ih1.redbubble.net/image.1936628279.6996/ssrco,classic_tee,mens_02,heather_oatmeal,front,product_square,x600.u1.jpg, 错误: HTTPSConnectionPool(host='ih1.redbubble.net', port=443): Max retries exceeded with url: /image.1936628279.6996/ssrco,classic_tee,mens_02,heather_oatmeal,front,product_square,x600.u1.jpg (Caused by ProxyError('Unable to connect to proxy', FileNotFoundError(2, 'No such file or directory')))
2025-07-25 00:35:13,264 - __main__ - INFO - 图片下载成功: False
2025-07-25 00:35:13,264 - __main__ - WARNING - 图片未下载成功: E:\Lab\redbubble_ai\backend\results\Freya_Driving_Her_Cat_Chariot_designed_a_78.jpg
2025-07-25 00:35:13,264 - __main__ - ERROR - 处理商品时出错: update_task_status() takes from 2 to 7 positional arguments but 8 were given
2025-07-25 00:35:13,264 - __main__ - INFO - 正在处理第 79/118 个商品: Art History designed and sold by Thiago Corrêa.
2025-07-25 00:35:13,267 - download_utils - INFO - 创建结果目录: E:\Lab\redbubble_ai\backend\results
2025-07-25 00:35:13,271 - download_utils - ERROR - 下载异常: https://ih1.redbubble.net/image.1420956296.9112/ssrco,classic_tee,womens_02,fafafa:ca443f4786,front,product_square,x600.1u5.jpg, 错误: HTTPSConnectionPool(host='ih1.redbubble.net', port=443): Max retries exceeded with url: /image.1420956296.9112/ssrco,classic_tee,womens_02,fafafa:ca443f4786,front,product_square,x600.1u5.jpg (Caused by ProxyError('Unable to connect to proxy', FileNotFoundError(2, 'No such file or directory')))
2025-07-25 00:35:13,271 - __main__ - INFO - 图片下载成功: False
2025-07-25 00:35:13,271 - __main__ - WARNING - 图片未下载成功: E:\Lab\redbubble_ai\backend\results\Art_History_designed_and_sold_by_Thiago__79.jpg
2025-07-25 00:35:13,271 - __main__ - ERROR - 处理商品时出错: update_task_status() takes from 2 to 7 positional arguments but 8 were given
2025-07-25 00:35:13,272 - __main__ - INFO - 正在处理第 80/118 个商品: Schrodingers Cat Revenge designed and sold by t1n3...
2025-07-25 00:35:13,275 - download_utils - INFO - 创建结果目录: E:\Lab\redbubble_ai\backend\results
2025-07-25 00:35:13,280 - download_utils - ERROR - 下载异常: https://ih1.redbubble.net/image.4680830557.7897/ssrco,classic_tee,mens_02,2f4cb5:1dee1fd9b6,front,product_square,x600.jpg, 错误: HTTPSConnectionPool(host='ih1.redbubble.net', port=443): Max retries exceeded with url: /image.4680830557.7897/ssrco,classic_tee,mens_02,2f4cb5:1dee1fd9b6,front,product_square,x600.jpg (Caused by ProxyError('Unable to connect to proxy', FileNotFoundError(2, 'No such file or directory')))
2025-07-25 00:35:13,280 - __main__ - INFO - 图片下载成功: False
2025-07-25 00:35:13,280 - __main__ - WARNING - 图片未下载成功: E:\Lab\redbubble_ai\backend\results\Schrodingers_Cat_Revenge_designed_and_so_80.jpg
2025-07-25 00:35:13,281 - __main__ - ERROR - 处理商品时出错: update_task_status() takes from 2 to 7 positional arguments but 8 were given
2025-07-25 00:35:13,281 - __main__ - INFO - 正在处理第 81/118 个商品: more very  hideous cats designed and sold by crest...
2025-07-25 00:35:13,284 - download_utils - INFO - 创建结果目录: E:\Lab\redbubble_ai\backend\results
2025-07-25 00:35:13,298 - download_utils - ERROR - 下载异常: https://ih1.redbubble.net/image.5884326759.6078/ssrco,classic_tee,womens_02,bed4e8:ce5f86edd7,front,product_square,x600.1.jpg, 错误: HTTPSConnectionPool(host='ih1.redbubble.net', port=443): Max retries exceeded with url: /image.5884326759.6078/ssrco,classic_tee,womens_02,bed4e8:ce5f86edd7,front,product_square,x600.1.jpg (Caused by ProxyError('Unable to connect to proxy', FileNotFoundError(2, 'No such file or directory')))
2025-07-25 00:35:13,298 - __main__ - INFO - 图片下载成功: False
2025-07-25 00:35:13,299 - __main__ - WARNING - 图片未下载成功: E:\Lab\redbubble_ai\backend\results\more_very__hideous_cats_designed_and_sol_81.jpg
2025-07-25 00:35:13,299 - __main__ - ERROR - 处理商品时出错: update_task_status() takes from 2 to 7 positional arguments but 8 were given
2025-07-25 00:35:13,299 - __main__ - INFO - 正在处理第 82/118 个商品: the ameozing spider cat t - spider cat hoodies - s...
2025-07-25 00:35:13,302 - download_utils - INFO - 创建结果目录: E:\Lab\redbubble_ai\backend\results
2025-07-25 00:35:13,319 - download_utils - ERROR - 下载异常: https://ih1.redbubble.net/image.5052348119.7439/ssrco,classic_tee,womens_02,101010:01c5ca27c6,front,product_square,x600.1.jpg, 错误: HTTPSConnectionPool(host='ih1.redbubble.net', port=443): Max retries exceeded with url: /image.5052348119.7439/ssrco,classic_tee,womens_02,101010:01c5ca27c6,front,product_square,x600.1.jpg (Caused by ProxyError('Unable to connect to proxy', FileNotFoundError(2, 'No such file or directory')))
2025-07-25 00:35:13,319 - __main__ - INFO - 图片下载成功: False
2025-07-25 00:35:13,319 - __main__ - WARNING - 图片未下载成功: E:\Lab\redbubble_ai\backend\results\the_ameozing_spider_cat_t_-_spider_cat_h_82.jpg
2025-07-25 00:35:13,319 - __main__ - ERROR - 处理商品时出错: update_task_status() takes from 2 to 7 positional arguments but 8 were given
2025-07-25 00:35:13,319 - __main__ - INFO - 正在处理第 83/118 个商品: Hiss Funny Cat Lover designed and sold by BaiHeng.
2025-07-25 00:35:13,322 - download_utils - INFO - 创建结果目录: E:\Lab\redbubble_ai\backend\results
2025-07-25 00:35:13,338 - download_utils - ERROR - 下载异常: https://ih1.redbubble.net/image.2179900947.0160/ssrco,essential_tee,womens_01,101010:01c5ca27c6,front,product_square,x600.1.jpg, 错误: HTTPSConnectionPool(host='ih1.redbubble.net', port=443): Max retries exceeded with url: /image.2179900947.0160/ssrco,essential_tee,womens_01,101010:01c5ca27c6,front,product_square,x600.1.jpg (Caused by ProxyError('Unable to connect to proxy', FileNotFoundError(2, 'No such file or directory')))
2025-07-25 00:35:13,338 - __main__ - INFO - 图片下载成功: False
2025-07-25 00:35:13,338 - __main__ - WARNING - 图片未下载成功: E:\Lab\redbubble_ai\backend\results\Hiss_Funny_Cat_Lover_designed_and_sold_b_83.jpg
2025-07-25 00:35:13,338 - __main__ - ERROR - 处理商品时出错: update_task_status() takes from 2 to 7 positional arguments but 8 were given
2025-07-25 00:35:13,338 - __main__ - INFO - 正在处理第 84/118 个商品: Ronin Cat 5 designed and sold by TheSamuraiCat.
2025-07-25 00:35:13,342 - download_utils - INFO - 创建结果目录: E:\Lab\redbubble_ai\backend\results
2025-07-25 00:35:13,356 - download_utils - ERROR - 下载异常: https://ih1.redbubble.net/image.4970037273.3787/ssrco,essential_tee,mens_01,101010:01c5ca27c6,front,product_square,x600.u2.jpg, 错误: HTTPSConnectionPool(host='ih1.redbubble.net', port=443): Max retries exceeded with url: /image.4970037273.3787/ssrco,essential_tee,mens_01,101010:01c5ca27c6,front,product_square,x600.u2.jpg (Caused by ProxyError('Unable to connect to proxy', FileNotFoundError(2, 'No such file or directory')))
2025-07-25 00:35:13,356 - __main__ - INFO - 图片下载成功: False
2025-07-25 00:35:13,357 - __main__ - WARNING - 图片未下载成功: E:\Lab\redbubble_ai\backend\results\Ronin_Cat_5_designed_and_sold_by_TheSamu_84.jpg
2025-07-25 00:35:13,357 - __main__ - ERROR - 处理商品时出错: update_task_status() takes from 2 to 7 positional arguments but 8 were given
2025-07-25 00:35:13,357 - __main__ - INFO - 正在处理第 85/118 个商品: Cats Against Fascists designed and sold by Kilkenn...
2025-07-25 00:35:13,360 - download_utils - INFO - 创建结果目录: E:\Lab\redbubble_ai\backend\results
2025-07-25 00:35:13,375 - download_utils - ERROR - 下载异常: https://ih1.redbubble.net/image.5585979952.9070/ssrco,classic_tee,womens_02,101010:01c5ca27c6,front,product_square,x600.1.jpg, 错误: HTTPSConnectionPool(host='ih1.redbubble.net', port=443): Max retries exceeded with url: /image.5585979952.9070/ssrco,classic_tee,womens_02,101010:01c5ca27c6,front,product_square,x600.1.jpg (Caused by ProxyError('Unable to connect to proxy', FileNotFoundError(2, 'No such file or directory')))
2025-07-25 00:35:13,375 - __main__ - INFO - 图片下载成功: False
2025-07-25 00:35:13,375 - __main__ - WARNING - 图片未下载成功: E:\Lab\redbubble_ai\backend\results\Cats_Against_Fascists_designed_and_sold__85.jpg
2025-07-25 00:35:13,375 - __main__ - ERROR - 处理商品时出错: update_task_status() takes from 2 to 7 positional arguments but 8 were given
2025-07-25 00:35:13,375 - __main__ - INFO - 正在处理第 86/118 个商品: Social Interactions Limit Reached designed and sol...
2025-07-25 00:35:13,378 - download_utils - INFO - 创建结果目录: E:\Lab\redbubble_ai\backend\results
2025-07-25 00:35:13,393 - download_utils - ERROR - 下载异常: https://ih1.redbubble.net/image.3836319063.0339/ssrco,classic_tee,mens_02,101010:01c5ca27c6,front,product_square,x600.jpg, 错误: HTTPSConnectionPool(host='ih1.redbubble.net', port=443): Max retries exceeded with url: /image.3836319063.0339/ssrco,classic_tee,mens_02,101010:01c5ca27c6,front,product_square,x600.jpg (Caused by ProxyError('Unable to connect to proxy', FileNotFoundError(2, 'No such file or directory')))
2025-07-25 00:35:13,394 - __main__ - INFO - 图片下载成功: False
2025-07-25 00:35:13,394 - __main__ - WARNING - 图片未下载成功: E:\Lab\redbubble_ai\backend\results\Social_Interactions_Limit_Reached_design_86.jpg
2025-07-25 00:35:13,394 - __main__ - ERROR - 处理商品时出错: update_task_status() takes from 2 to 7 positional arguments but 8 were given
2025-07-25 00:35:13,394 - __main__ - INFO - 正在处理第 87/118 个商品: Shinobi Cat designed and sold by vincenttrinidad.
2025-07-25 00:35:13,398 - download_utils - INFO - 创建结果目录: E:\Lab\redbubble_ai\backend\results
2025-07-25 00:35:13,413 - download_utils - ERROR - 下载异常: https://ih1.redbubble.net/image.1531095321.1518/ssrco,classic_tee,womens_02,101010:01c5ca27c6,front,product_square,x600.1.jpg, 错误: HTTPSConnectionPool(host='ih1.redbubble.net', port=443): Max retries exceeded with url: /image.1531095321.1518/ssrco,classic_tee,womens_02,101010:01c5ca27c6,front,product_square,x600.1.jpg (Caused by ProxyError('Unable to connect to proxy', FileNotFoundError(2, 'No such file or directory')))
2025-07-25 00:35:13,413 - __main__ - INFO - 图片下载成功: False
2025-07-25 00:35:13,413 - __main__ - WARNING - 图片未下载成功: E:\Lab\redbubble_ai\backend\results\Shinobi_Cat_designed_and_sold_by_vincent_87.jpg
2025-07-25 00:35:13,413 - __main__ - ERROR - 处理商品时出错: update_task_status() takes from 2 to 7 positional arguments but 8 were given
2025-07-25 00:35:13,413 - __main__ - INFO - 正在处理第 88/118 个商品: No. You do it. designed and sold by Martin Jay.
2025-07-25 00:35:13,417 - download_utils - INFO - 创建结果目录: E:\Lab\redbubble_ai\backend\results
2025-07-25 00:35:13,422 - download_utils - ERROR - 下载异常: https://ih1.redbubble.net/image.5430190723.6511/ssrco,classic_tee,mens_02,fafafa:ca443f4786,front,product_square,x600.jpg, 错误: HTTPSConnectionPool(host='ih1.redbubble.net', port=443): Max retries exceeded with url: /image.5430190723.6511/ssrco,classic_tee,mens_02,fafafa:ca443f4786,front,product_square,x600.jpg (Caused by ProxyError('Unable to connect to proxy', FileNotFoundError(2, 'No such file or directory')))
2025-07-25 00:35:13,423 - __main__ - INFO - 图片下载成功: False
2025-07-25 00:35:13,423 - __main__ - WARNING - 图片未下载成功: E:\Lab\redbubble_ai\backend\results\No._You_do_it._designed_and_sold_by_Mart_88.jpg
2025-07-25 00:35:13,423 - __main__ - ERROR - 处理商品时出错: update_task_status() takes from 2 to 7 positional arguments but 8 were given
2025-07-25 00:35:13,423 - __main__ - INFO - 正在处理第 89/118 个商品: Across The Street studio ghibli designed and sold ...
2025-07-25 00:35:13,427 - download_utils - INFO - 创建结果目录: E:\Lab\redbubble_ai\backend\results
2025-07-25 00:35:13,442 - download_utils - ERROR - 下载异常: https://ih1.redbubble.net/image.5294908429.6006/ssrco,classic_tee,mens_02,0f8c37:180c02d0db,front,product_square,x600.u1.jpg, 错误: HTTPSConnectionPool(host='ih1.redbubble.net', port=443): Max retries exceeded with url: /image.5294908429.6006/ssrco,classic_tee,mens_02,0f8c37:180c02d0db,front,product_square,x600.u1.jpg (Caused by ProxyError('Unable to connect to proxy', FileNotFoundError(2, 'No such file or directory')))
2025-07-25 00:35:13,442 - __main__ - INFO - 图片下载成功: False
2025-07-25 00:35:13,442 - __main__ - WARNING - 图片未下载成功: E:\Lab\redbubble_ai\backend\results\Across_The_Street_studio_ghibli_designed_89.jpg
2025-07-25 00:35:13,442 - __main__ - ERROR - 处理商品时出错: update_task_status() takes from 2 to 7 positional arguments but 8 were given
2025-07-25 00:35:13,442 - __main__ - INFO - 正在处理第 90/118 个商品: More Espresso Less Depresso Meme - Funny Coffee Ca...
2025-07-25 00:35:13,446 - download_utils - INFO - 创建结果目录: E:\Lab\redbubble_ai\backend\results
2025-07-25 00:35:13,450 - download_utils - ERROR - 下载异常: https://ih1.redbubble.net/image.5810608731.8666/ssrco,classic_tee,mens_02,101010:01c5ca27c6,front,product_square,x600.u2.jpg, 错误: HTTPSConnectionPool(host='ih1.redbubble.net', port=443): Max retries exceeded with url: /image.5810608731.8666/ssrco,classic_tee,mens_02,101010:01c5ca27c6,front,product_square,x600.u2.jpg (Caused by ProxyError('Unable to connect to proxy', FileNotFoundError(2, 'No such file or directory')))
2025-07-25 00:35:13,450 - __main__ - INFO - 图片下载成功: False
2025-07-25 00:35:13,450 - __main__ - WARNING - 图片未下载成功: E:\Lab\redbubble_ai\backend\results\More_Espresso_Less_Depresso_Meme_-_Funny_90.jpg
2025-07-25 00:35:13,451 - __main__ - ERROR - 处理商品时出错: update_task_status() takes from 2 to 7 positional arguments but 8 were given
2025-07-25 00:35:13,451 - __main__ - INFO - 正在处理第 91/118 个商品: Doom Cat designed and sold by obinsun.
2025-07-25 00:35:13,454 - download_utils - INFO - 创建结果目录: E:\Lab\redbubble_ai\backend\results
2025-07-25 00:35:13,459 - download_utils - ERROR - 下载异常: https://ih1.redbubble.net/image.4946037883.1105/ssrco,classic_tee,mens_02,101010:01c5ca27c6,front,product_square,x600.u2.jpg, 错误: HTTPSConnectionPool(host='ih1.redbubble.net', port=443): Max retries exceeded with url: /image.4946037883.1105/ssrco,classic_tee,mens_02,101010:01c5ca27c6,front,product_square,x600.u2.jpg (Caused by ProxyError('Unable to connect to proxy', FileNotFoundError(2, 'No such file or directory')))
2025-07-25 00:35:13,459 - __main__ - INFO - 图片下载成功: False
2025-07-25 00:35:13,459 - __main__ - WARNING - 图片未下载成功: E:\Lab\redbubble_ai\backend\results\Doom_Cat_designed_and_sold_by_obinsun._91.jpg
2025-07-25 00:35:13,459 - __main__ - ERROR - 处理商品时出错: update_task_status() takes from 2 to 7 positional arguments but 8 were given
2025-07-25 00:35:13,459 - __main__ - INFO - 正在处理第 92/118 个商品: cat ramen japan designed and sold by IAPICTURE.
2025-07-25 00:35:13,462 - download_utils - INFO - 创建结果目录: E:\Lab\redbubble_ai\backend\results
2025-07-25 00:35:13,477 - download_utils - ERROR - 下载异常: https://ih1.redbubble.net/image.5312563261.9092/ssrco,classic_tee,mens_02,fafafa:ca443f4786,front,product_square,x600.u5.jpg, 错误: HTTPSConnectionPool(host='ih1.redbubble.net', port=443): Max retries exceeded with url: /image.5312563261.9092/ssrco,classic_tee,mens_02,fafafa:ca443f4786,front,product_square,x600.u5.jpg (Caused by ProxyError('Unable to connect to proxy', FileNotFoundError(2, 'No such file or directory')))
2025-07-25 00:35:13,477 - __main__ - INFO - 图片下载成功: False
2025-07-25 00:35:13,477 - __main__ - WARNING - 图片未下载成功: E:\Lab\redbubble_ai\backend\results\cat_ramen_japan_designed_and_sold_by_IAP_92.jpg
2025-07-25 00:35:13,477 - __main__ - ERROR - 处理商品时出错: update_task_status() takes from 2 to 7 positional arguments but 8 were given
2025-07-25 00:35:13,477 - __main__ - INFO - 正在处理第 93/118 个商品: Yamato transport (ヤマト運輸) logo classic t shirt desi...
2025-07-25 00:35:13,480 - download_utils - INFO - 创建结果目录: E:\Lab\redbubble_ai\backend\results
2025-07-25 00:35:13,485 - download_utils - ERROR - 下载异常: https://ih1.redbubble.net/image.3463548680.1648/ssrco,essential_tee,womens_01,101010:01c5ca27c6,front,product_square,x600.1.jpg, 错误: HTTPSConnectionPool(host='ih1.redbubble.net', port=443): Max retries exceeded with url: /image.3463548680.1648/ssrco,essential_tee,womens_01,101010:01c5ca27c6,front,product_square,x600.1.jpg (Caused by ProxyError('Unable to connect to proxy', FileNotFoundError(2, 'No such file or directory')))
2025-07-25 00:35:13,485 - __main__ - INFO - 图片下载成功: False
2025-07-25 00:35:13,486 - __main__ - WARNING - 图片未下载成功: E:\Lab\redbubble_ai\backend\results\Yamato_transport_(ヤマト運輸)_logo_classic_t__93.jpg
2025-07-25 00:35:13,486 - __main__ - ERROR - 处理商品时出错: update_task_status() takes from 2 to 7 positional arguments but 8 were given
2025-07-25 00:35:13,486 - __main__ - INFO - 正在处理第 94/118 个商品: Retro Vintage Halloween Black Cat Winking Face des...
2025-07-25 00:35:13,489 - download_utils - INFO - 创建结果目录: E:\Lab\redbubble_ai\backend\results
2025-07-25 00:35:13,504 - download_utils - ERROR - 下载异常: https://ih1.redbubble.net/image.1710097570.7653/ssrco,lightweight_sweatshirt,mens,101010:01c5ca27c6,front,square_product,x600-bg,f8f8f8.jpg, 错误: HTTPSConnectionPool(host='ih1.redbubble.net', port=443): Max retries exceeded with url: /image.1710097570.7653/ssrco,lightweight_sweatshirt,mens,101010:01c5ca27c6,front,square_product,x600-bg,f8f8f8.jpg (Caused by ProxyError('Unable to connect to proxy', FileNotFoundError(2, 'No such file or directory')))
2025-07-25 00:35:13,504 - __main__ - INFO - 图片下载成功: False
2025-07-25 00:35:13,505 - __main__ - WARNING - 图片未下载成功: E:\Lab\redbubble_ai\backend\results\Retro_Vintage_Halloween_Black_Cat_Winkin_94.jpg
2025-07-25 00:35:13,505 - __main__ - ERROR - 处理商品时出错: update_task_status() takes from 2 to 7 positional arguments but 8 were given
2025-07-25 00:35:13,505 - __main__ - INFO - 正在处理第 95/118 个商品: Palestine Cat designed and sold by Riv9.
2025-07-25 00:35:13,508 - download_utils - INFO - 创建结果目录: E:\Lab\redbubble_ai\backend\results
2025-07-25 00:35:13,512 - download_utils - ERROR - 下载异常: https://ih1.redbubble.net/image.5380789671.6889/ssrco,classic_tee,mens_02,fafafa:ca443f4786,front,product_square,x600.jpg, 错误: HTTPSConnectionPool(host='ih1.redbubble.net', port=443): Max retries exceeded with url: /image.5380789671.6889/ssrco,classic_tee,mens_02,fafafa:ca443f4786,front,product_square,x600.jpg (Caused by ProxyError('Unable to connect to proxy', FileNotFoundError(2, 'No such file or directory')))
2025-07-25 00:35:13,513 - __main__ - INFO - 图片下载成功: False
2025-07-25 00:35:13,513 - __main__ - WARNING - 图片未下载成功: E:\Lab\redbubble_ai\backend\results\Palestine_Cat_designed_and_sold_by_Riv9._95.jpg
2025-07-25 00:35:13,513 - __main__ - ERROR - 处理商品时出错: update_task_status() takes from 2 to 7 positional arguments but 8 were given
2025-07-25 00:35:13,513 - __main__ - INFO - 正在处理第 96/118 个商品: Cat with Wrench | Playful and Mechanically-Inspire...
2025-07-25 00:35:13,516 - download_utils - INFO - 创建结果目录: E:\Lab\redbubble_ai\backend\results
2025-07-25 00:35:13,520 - download_utils - ERROR - 下载异常: https://ih1.redbubble.net/image.5884258738.3862/ssrco,classic_tee,mens_02,fafafa:ca443f4786,front,product_square,x600.jpg, 错误: HTTPSConnectionPool(host='ih1.redbubble.net', port=443): Max retries exceeded with url: /image.5884258738.3862/ssrco,classic_tee,mens_02,fafafa:ca443f4786,front,product_square,x600.jpg (Caused by ProxyError('Unable to connect to proxy', FileNotFoundError(2, 'No such file or directory')))
2025-07-25 00:35:13,520 - __main__ - INFO - 图片下载成功: False
2025-07-25 00:35:13,520 - __main__ - WARNING - 图片未下载成功: E:\Lab\redbubble_ai\backend\results\Cat_with_Wrench__Playful_and_Mechanicall_96.jpg
2025-07-25 00:35:13,520 - __main__ - ERROR - 处理商品时出错: update_task_status() takes from 2 to 7 positional arguments but 8 were given
2025-07-25 00:35:13,521 - __main__ - INFO - 正在处理第 97/118 个商品: FUR ANTIDEPRESSANT . Cute black cat illustration. ...
2025-07-25 00:35:13,524 - download_utils - INFO - 创建结果目录: E:\Lab\redbubble_ai\backend\results
2025-07-25 00:35:13,539 - download_utils - ERROR - 下载异常: https://ih1.redbubble.net/image.257625347.2669/ssrco,classic_tee,womens_02,heather_light_grey,front,product_square,x600.1u3.jpg, 错误: HTTPSConnectionPool(host='ih1.redbubble.net', port=443): Max retries exceeded with url: /image.257625347.2669/ssrco,classic_tee,womens_02,heather_light_grey,front,product_square,x600.1u3.jpg (Caused by ProxyError('Unable to connect to proxy', FileNotFoundError(2, 'No such file or directory')))
2025-07-25 00:35:13,539 - __main__ - INFO - 图片下载成功: False
2025-07-25 00:35:13,539 - __main__ - WARNING - 图片未下载成功: E:\Lab\redbubble_ai\backend\results\FUR_ANTIDEPRESSANT_._Cute_black_cat_illu_97.jpg
2025-07-25 00:35:13,539 - __main__ - ERROR - 处理商品时出错: update_task_status() takes from 2 to 7 positional arguments but 8 were given
2025-07-25 00:35:13,539 - __main__ - INFO - 正在处理第 98/118 个商品: A White Hole: So What is It? designed and sold by ...
2025-07-25 00:35:13,543 - download_utils - INFO - 创建结果目录: E:\Lab\redbubble_ai\backend\results
2025-07-25 00:35:13,547 - download_utils - ERROR - 下载异常: https://ih1.redbubble.net/image.662083653.7707/ssrco,essential_tee,womens_01,101010:01c5ca27c6,front,product_square,x600.1u2.jpg, 错误: HTTPSConnectionPool(host='ih1.redbubble.net', port=443): Max retries exceeded with url: /image.662083653.7707/ssrco,essential_tee,womens_01,101010:01c5ca27c6,front,product_square,x600.1u2.jpg (Caused by ProxyError('Unable to connect to proxy', FileNotFoundError(2, 'No such file or directory')))
2025-07-25 00:35:13,547 - __main__ - INFO - 图片下载成功: False
2025-07-25 00:35:13,548 - __main__ - WARNING - 图片未下载成功: E:\Lab\redbubble_ai\backend\results\A_White_Hole_So_What_is_It_designed_and__98.jpg
2025-07-25 00:35:13,548 - __main__ - ERROR - 处理商品时出错: update_task_status() takes from 2 to 7 positional arguments but 8 were given
2025-07-25 00:35:13,548 - __main__ - INFO - 正在处理第 99/118 个商品: Cat Tree by Tobe Fonseca designed and sold by Tobe...
2025-07-25 00:35:13,551 - download_utils - INFO - 创建结果目录: E:\Lab\redbubble_ai\backend\results
2025-07-25 00:35:13,566 - download_utils - ERROR - 下载异常: https://ih1.redbubble.net/image.1166109062.3936/ssrco,classic_tee,mens_02,101010:01c5ca27c6,front,product_square,x600.jpg, 错误: HTTPSConnectionPool(host='ih1.redbubble.net', port=443): Max retries exceeded with url: /image.1166109062.3936/ssrco,classic_tee,mens_02,101010:01c5ca27c6,front,product_square,x600.jpg (Caused by ProxyError('Unable to connect to proxy', FileNotFoundError(2, 'No such file or directory')))
2025-07-25 00:35:13,566 - __main__ - INFO - 图片下载成功: False
2025-07-25 00:35:13,567 - __main__ - WARNING - 图片未下载成功: E:\Lab\redbubble_ai\backend\results\Cat_Tree_by_Tobe_Fonseca_designed_and_so_99.jpg
2025-07-25 00:35:13,567 - __main__ - ERROR - 处理商品时出错: update_task_status() takes from 2 to 7 positional arguments but 8 were given
2025-07-25 00:35:13,567 - __main__ - INFO - 正在处理第 100/118 个商品: Triple Thurston Moon Cats! designed and sold by Th...
2025-07-25 00:35:13,570 - download_utils - INFO - 创建结果目录: E:\Lab\redbubble_ai\backend\results
2025-07-25 00:35:13,574 - download_utils - ERROR - 下载异常: https://ih1.redbubble.net/image.996719788.7620/ra,sweatshirt,x1800,101010:01c5ca27c6,front-c,281,327,600,600-bg,f8f8f8.jpg, 错误: HTTPSConnectionPool(host='ih1.redbubble.net', port=443): Max retries exceeded with url: /image.996719788.7620/ra,sweatshirt,x1800,101010:01c5ca27c6,front-c,281,327,600,600-bg,f8f8f8.jpg (Caused by ProxyError('Unable to connect to proxy', FileNotFoundError(2, 'No such file or directory')))
2025-07-25 00:35:13,574 - __main__ - INFO - 图片下载成功: False
2025-07-25 00:35:13,575 - __main__ - WARNING - 图片未下载成功: E:\Lab\redbubble_ai\backend\results\Triple_Thurston_Moon_Cats!_designed_and__100.jpg
2025-07-25 00:35:13,575 - __main__ - ERROR - 处理商品时出错: update_task_status() takes from 2 to 7 positional arguments but 8 were given
2025-07-25 00:35:13,575 - __main__ - INFO - 正在处理第 101/118 个商品: Cats and Metal designed and sold by obinsun.
2025-07-25 00:35:13,578 - download_utils - INFO - 创建结果目录: E:\Lab\redbubble_ai\backend\results
2025-07-25 00:35:13,592 - download_utils - ERROR - 下载异常: https://ih1.redbubble.net/image.4958335897.1588/ssrco,classic_tee,womens_02,fafafa:ca443f4786,front,product_square,x600.1u4.jpg, 错误: HTTPSConnectionPool(host='ih1.redbubble.net', port=443): Max retries exceeded with url: /image.4958335897.1588/ssrco,classic_tee,womens_02,fafafa:ca443f4786,front,product_square,x600.1u4.jpg (Caused by ProxyError('Unable to connect to proxy', FileNotFoundError(2, 'No such file or directory')))
2025-07-25 00:35:13,593 - __main__ - INFO - 图片下载成功: False
2025-07-25 00:35:13,593 - __main__ - WARNING - 图片未下载成功: E:\Lab\redbubble_ai\backend\results\Cats_and_Metal_designed_and_sold_by_obin_101.jpg
2025-07-25 00:35:13,593 - __main__ - ERROR - 处理商品时出错: update_task_status() takes from 2 to 7 positional arguments but 8 were given
2025-07-25 00:35:13,593 - __main__ - INFO - 正在处理第 102/118 个商品: What A Guy! designed and sold by Everdreamer.
2025-07-25 00:35:13,597 - download_utils - INFO - 创建结果目录: E:\Lab\redbubble_ai\backend\results
2025-07-25 00:35:13,610 - download_utils - ERROR - 下载异常: https://ih1.redbubble.net/image.2564689800.3789/ssrco,classic_tee,womens_02,101010:01c5ca27c6,front,product_square,x600.1u2.jpg, 错误: HTTPSConnectionPool(host='ih1.redbubble.net', port=443): Max retries exceeded with url: /image.2564689800.3789/ssrco,classic_tee,womens_02,101010:01c5ca27c6,front,product_square,x600.1u2.jpg (Caused by ProxyError('Unable to connect to proxy', FileNotFoundError(2, 'No such file or directory')))
2025-07-25 00:35:13,610 - __main__ - INFO - 图片下载成功: False
2025-07-25 00:35:13,611 - __main__ - WARNING - 图片未下载成功: E:\Lab\redbubble_ai\backend\results\What_A_Guy!_designed_and_sold_by_Everdre_102.jpg
2025-07-25 00:35:13,611 - __main__ - ERROR - 处理商品时出错: update_task_status() takes from 2 to 7 positional arguments but 8 were given
2025-07-25 00:35:13,611 - __main__ - INFO - 正在处理第 103/118 个商品: Samurai Cat Rides a Dino – Cheers to Chaos designe...
2025-07-25 00:35:13,614 - download_utils - INFO - 创建结果目录: E:\Lab\redbubble_ai\backend\results
2025-07-25 00:35:13,619 - download_utils - ERROR - 下载异常: https://ih1.redbubble.net/image.5878092944.1414/ssrco,essential_tee,womens_01,fafafa:ca443f4786,front,product_square,x600.1.jpg, 错误: HTTPSConnectionPool(host='ih1.redbubble.net', port=443): Max retries exceeded with url: /image.5878092944.1414/ssrco,essential_tee,womens_01,fafafa:ca443f4786,front,product_square,x600.1.jpg (Caused by ProxyError('Unable to connect to proxy', FileNotFoundError(2, 'No such file or directory')))
2025-07-25 00:35:13,619 - __main__ - INFO - 图片下载成功: False
2025-07-25 00:35:13,619 - __main__ - WARNING - 图片未下载成功: E:\Lab\redbubble_ai\backend\results\Samurai_Cat_Rides_a_Dino_–_Cheers_to_Cha_103.jpg
2025-07-25 00:35:13,619 - __main__ - ERROR - 处理商品时出错: update_task_status() takes from 2 to 7 positional arguments but 8 were given
2025-07-25 00:35:13,619 - __main__ - INFO - 正在处理第 104/118 个商品: Black Cat Peeking Sunset Vintage designed and sold...
2025-07-25 00:35:13,622 - download_utils - INFO - 创建结果目录: E:\Lab\redbubble_ai\backend\results
2025-07-25 00:35:13,637 - download_utils - ERROR - 下载异常: https://ih1.redbubble.net/image.930134257.8805/ssrco,mhoodiez,mens,101010:01c5ca27c6,front,square_product,600x600-bg,f8f8f8.jpg, 错误: HTTPSConnectionPool(host='ih1.redbubble.net', port=443): Max retries exceeded with url: /image.930134257.8805/ssrco,mhoodiez,mens,101010:01c5ca27c6,front,square_product,600x600-bg,f8f8f8.jpg (Caused by ProxyError('Unable to connect to proxy', FileNotFoundError(2, 'No such file or directory')))
2025-07-25 00:35:13,637 - __main__ - INFO - 图片下载成功: False
2025-07-25 00:35:13,637 - __main__ - WARNING - 图片未下载成功: E:\Lab\redbubble_ai\backend\results\Black_Cat_Peeking_Sunset_Vintage_designe_104.jpg
2025-07-25 00:35:13,637 - __main__ - ERROR - 处理商品时出错: update_task_status() takes from 2 to 7 positional arguments but 8 were given
2025-07-25 00:35:13,637 - __main__ - INFO - 正在处理第 105/118 个商品: Indoor Cat designed and sold by DinoMike.
2025-07-25 00:35:13,640 - download_utils - INFO - 创建结果目录: E:\Lab\redbubble_ai\backend\results
2025-07-25 00:35:13,656 - download_utils - ERROR - 下载异常: https://ih1.redbubble.net/image.863142810.2229/ssrco,oversize_tee,womens,000000:44f0b734a5,front,product_square,x600.1.jpg, 错误: HTTPSConnectionPool(host='ih1.redbubble.net', port=443): Max retries exceeded with url: /image.863142810.2229/ssrco,oversize_tee,womens,000000:44f0b734a5,front,product_square,x600.1.jpg (Caused by ProxyError('Unable to connect to proxy', FileNotFoundError(2, 'No such file or directory')))
2025-07-25 00:35:13,656 - __main__ - INFO - 图片下载成功: False
2025-07-25 00:35:13,657 - __main__ - WARNING - 图片未下载成功: E:\Lab\redbubble_ai\backend\results\Indoor_Cat_designed_and_sold_by_DinoMike_105.jpg
2025-07-25 00:35:13,657 - __main__ - ERROR - 处理商品时出错: update_task_status() takes from 2 to 7 positional arguments but 8 were given
2025-07-25 00:35:13,657 - __main__ - INFO - 正在处理第 106/118 个商品: Samurai cat riding a dinosaur designed and sold by...
2025-07-25 00:35:13,660 - download_utils - INFO - 创建结果目录: E:\Lab\redbubble_ai\backend\results
2025-07-25 00:35:13,675 - download_utils - ERROR - 下载异常: https://ih1.redbubble.net/image.5771760323.0509/ssrco,essential_tee,mens_01,heather_oatmeal,front,product_square,x600.u2.jpg, 错误: HTTPSConnectionPool(host='ih1.redbubble.net', port=443): Max retries exceeded with url: /image.5771760323.0509/ssrco,essential_tee,mens_01,heather_oatmeal,front,product_square,x600.u2.jpg (Caused by ProxyError('Unable to connect to proxy', FileNotFoundError(2, 'No such file or directory')))
2025-07-25 00:35:13,675 - __main__ - INFO - 图片下载成功: False
2025-07-25 00:35:13,675 - __main__ - WARNING - 图片未下载成功: E:\Lab\redbubble_ai\backend\results\Samurai_cat_riding_a_dinosaur_designed_a_106.jpg
2025-07-25 00:35:13,675 - __main__ - ERROR - 处理商品时出错: update_task_status() takes from 2 to 7 positional arguments but 8 were given
2025-07-25 00:35:13,675 - __main__ - INFO - 正在处理第 107/118 个商品: Music Lover Cat designed and sold by clingcling.
2025-07-25 00:35:13,678 - download_utils - INFO - 创建结果目录: E:\Lab\redbubble_ai\backend\results
2025-07-25 00:35:13,694 - download_utils - ERROR - 下载异常: https://ih1.redbubble.net/image.333541463.4856/ssrco,classic_tee,mens_02,101010:01c5ca27c6,front,product_square,x600.u3.jpg, 错误: HTTPSConnectionPool(host='ih1.redbubble.net', port=443): Max retries exceeded with url: /image.333541463.4856/ssrco,classic_tee,mens_02,101010:01c5ca27c6,front,product_square,x600.u3.jpg (Caused by ProxyError('Unable to connect to proxy', FileNotFoundError(2, 'No such file or directory')))
2025-07-25 00:35:13,694 - __main__ - INFO - 图片下载成功: False
2025-07-25 00:35:13,694 - __main__ - WARNING - 图片未下载成功: E:\Lab\redbubble_ai\backend\results\Music_Lover_Cat_designed_and_sold_by_cli_107.jpg
2025-07-25 00:35:13,694 - __main__ - ERROR - 处理商品时出错: update_task_status() takes from 2 to 7 positional arguments but 8 were given
2025-07-25 00:35:13,694 - __main__ - INFO - 正在处理第 108/118 个商品: Nature witch kitty designed and sold by Rihnlin.
2025-07-25 00:35:13,697 - download_utils - INFO - 创建结果目录: E:\Lab\redbubble_ai\backend\results
2025-07-25 00:35:13,711 - download_utils - ERROR - 下载异常: https://ih1.redbubble.net/image.3530025097.5152/ssrco,classic_tee,mens_02,101010:01c5ca27c6,front,product_square,x600.u7.jpg, 错误: HTTPSConnectionPool(host='ih1.redbubble.net', port=443): Max retries exceeded with url: /image.3530025097.5152/ssrco,classic_tee,mens_02,101010:01c5ca27c6,front,product_square,x600.u7.jpg (Caused by ProxyError('Unable to connect to proxy', FileNotFoundError(2, 'No such file or directory')))
2025-07-25 00:35:13,711 - __main__ - INFO - 图片下载成功: False
2025-07-25 00:35:13,711 - __main__ - WARNING - 图片未下载成功: E:\Lab\redbubble_ai\backend\results\Nature_witch_kitty_designed_and_sold_by__108.jpg
2025-07-25 00:35:13,712 - __main__ - ERROR - 处理商品时出错: update_task_status() takes from 2 to 7 positional arguments but 8 were given
2025-07-25 00:35:13,712 - __main__ - INFO - 正在处理第 109/118 个商品: Suspicious Cats designed and sold by littleclyde.
2025-07-25 00:35:13,715 - download_utils - INFO - 创建结果目录: E:\Lab\redbubble_ai\backend\results
2025-07-25 00:35:13,730 - download_utils - ERROR - 下载异常: https://ih1.redbubble.net/image.817190129.6406/ssrco,mhoodie,womens,fafafa:ca443f4786,front,square_product,x600-bg,f8f8f8.1u3.jpg, 错误: HTTPSConnectionPool(host='ih1.redbubble.net', port=443): Max retries exceeded with url: /image.817190129.6406/ssrco,mhoodie,womens,fafafa:ca443f4786,front,square_product,x600-bg,f8f8f8.1u3.jpg (Caused by ProxyError('Unable to connect to proxy', FileNotFoundError(2, 'No such file or directory')))
2025-07-25 00:35:13,730 - __main__ - INFO - 图片下载成功: False
2025-07-25 00:35:13,730 - __main__ - WARNING - 图片未下载成功: E:\Lab\redbubble_ai\backend\results\Suspicious_Cats_designed_and_sold_by_lit_109.jpg
2025-07-25 00:35:13,730 - __main__ - ERROR - 处理商品时出错: update_task_status() takes from 2 to 7 positional arguments but 8 were given
2025-07-25 00:35:13,730 - __main__ - INFO - 正在处理第 110/118 个商品: WindClan Pride designed and sold by chimeraarts.
2025-07-25 00:35:13,733 - download_utils - INFO - 创建结果目录: E:\Lab\redbubble_ai\backend\results
2025-07-25 00:35:13,748 - download_utils - ERROR - 下载异常: https://ih1.redbubble.net/image.214671602.2750/ra,fitted_scoop,x1860,322e3f:696a94a5d4,front-c,327,372,600,600-bg,f8f8f8.u1.jpg, 错误: HTTPSConnectionPool(host='ih1.redbubble.net', port=443): Max retries exceeded with url: /image.214671602.2750/ra,fitted_scoop,x1860,322e3f:696a94a5d4,front-c,327,372,600,600-bg,f8f8f8.u1.jpg (Caused by ProxyError('Unable to connect to proxy', FileNotFoundError(2, 'No such file or directory')))
2025-07-25 00:35:13,748 - __main__ - INFO - 图片下载成功: False
2025-07-25 00:35:13,748 - __main__ - WARNING - 图片未下载成功: E:\Lab\redbubble_ai\backend\results\WindClan_Pride_designed_and_sold_by_chim_110.jpg
2025-07-25 00:35:13,748 - __main__ - ERROR - 处理商品时出错: update_task_status() takes from 2 to 7 positional arguments but 8 were given
2025-07-25 00:35:13,748 - __main__ - INFO - 正在处理第 111/118 个商品: i eat cement funny cat meme designed and sold by M...
2025-07-25 00:35:13,751 - download_utils - INFO - 创建结果目录: E:\Lab\redbubble_ai\backend\results
2025-07-25 00:35:13,757 - download_utils - ERROR - 下载异常: https://ih1.redbubble.net/image.5638187045.3664/ssrco,classic_tee,womens_02,101010:01c5ca27c6,front,product_square,x600.1u3.jpg, 错误: HTTPSConnectionPool(host='ih1.redbubble.net', port=443): Max retries exceeded with url: /image.5638187045.3664/ssrco,classic_tee,womens_02,101010:01c5ca27c6,front,product_square,x600.1u3.jpg (Caused by ProxyError('Unable to connect to proxy', FileNotFoundError(2, 'No such file or directory')))
2025-07-25 00:35:13,757 - __main__ - INFO - 图片下载成功: False
2025-07-25 00:35:13,757 - __main__ - WARNING - 图片未下载成功: E:\Lab\redbubble_ai\backend\results\i_eat_cement_funny_cat_meme_designed_and_111.jpg
2025-07-25 00:35:13,758 - __main__ - ERROR - 处理商品时出错: update_task_status() takes from 2 to 7 positional arguments but 8 were given
2025-07-25 00:35:13,758 - __main__ - INFO - 正在处理第 112/118 个商品: Become Ungovernable Cat Drink designed and sold by...
2025-07-25 00:35:13,761 - download_utils - INFO - 创建结果目录: E:\Lab\redbubble_ai\backend\results
2025-07-25 00:35:13,775 - download_utils - ERROR - 下载异常: https://ih1.redbubble.net/image.3553800995.4269/ssrco,essential_tee,womens_01,101010:01c5ca27c6,front,product_square,x600.1.jpg, 错误: HTTPSConnectionPool(host='ih1.redbubble.net', port=443): Max retries exceeded with url: /image.3553800995.4269/ssrco,essential_tee,womens_01,101010:01c5ca27c6,front,product_square,x600.1.jpg (Caused by ProxyError('Unable to connect to proxy', FileNotFoundError(2, 'No such file or directory')))
2025-07-25 00:35:13,775 - __main__ - INFO - 图片下载成功: False
2025-07-25 00:35:13,775 - __main__ - WARNING - 图片未下载成功: E:\Lab\redbubble_ai\backend\results\Become_Ungovernable_Cat_Drink_designed_a_112.jpg
2025-07-25 00:35:13,775 - __main__ - ERROR - 处理商品时出错: update_task_status() takes from 2 to 7 positional arguments but 8 were given
2025-07-25 00:35:13,775 - __main__ - INFO - 正在处理第 113/118 个商品: Hard Pill to Swallow Essential    designed and sol...
2025-07-25 00:35:13,778 - download_utils - INFO - 创建结果目录: E:\Lab\redbubble_ai\backend\results
2025-07-25 00:35:13,793 - download_utils - ERROR - 下载异常: https://ih1.redbubble.net/image.4180444354.8384/ssrco,essential_tee,mens_01,101010:01c5ca27c6,front,product_square,x600.jpg, 错误: HTTPSConnectionPool(host='ih1.redbubble.net', port=443): Max retries exceeded with url: /image.4180444354.8384/ssrco,essential_tee,mens_01,101010:01c5ca27c6,front,product_square,x600.jpg (Caused by ProxyError('Unable to connect to proxy', FileNotFoundError(2, 'No such file or directory')))
2025-07-25 00:35:13,794 - __main__ - INFO - 图片下载成功: False
2025-07-25 00:35:13,794 - __main__ - WARNING - 图片未下载成功: E:\Lab\redbubble_ai\backend\results\Hard_Pill_to_Swallow_Essential____design_113.jpg
2025-07-25 00:35:13,794 - __main__ - ERROR - 处理商品时出错: update_task_status() takes from 2 to 7 positional arguments but 8 were given
2025-07-25 00:35:13,794 - __main__ - INFO - 正在处理第 114/118 个商品: Black Cat designed and sold by Jenn Inashvili.
2025-07-25 00:35:13,797 - download_utils - INFO - 创建结果目录: E:\Lab\redbubble_ai\backend\results
2025-07-25 00:35:13,811 - download_utils - ERROR - 下载异常: https://ih1.redbubble.net/image.93309972.4452/ra,sweatshirt,x1800,heather_mid_grey,front-c,281,327,600,600-bg,f8f8f8.jpg, 错误: HTTPSConnectionPool(host='ih1.redbubble.net', port=443): Max retries exceeded with url: /image.93309972.4452/ra,sweatshirt,x1800,heather_mid_grey,front-c,281,327,600,600-bg,f8f8f8.jpg (Caused by ProxyError('Unable to connect to proxy', FileNotFoundError(2, 'No such file or directory')))
2025-07-25 00:35:13,811 - __main__ - INFO - 图片下载成功: False
2025-07-25 00:35:13,811 - __main__ - WARNING - 图片未下载成功: E:\Lab\redbubble_ai\backend\results\Black_Cat_designed_and_sold_by_Jenn_Inas_114.jpg
2025-07-25 00:35:13,811 - __main__ - ERROR - 处理商品时出错: update_task_status() takes from 2 to 7 positional arguments but 8 were given
2025-07-25 00:35:13,811 - __main__ - INFO - 正在处理第 115/118 个商品: BOC Beachy Orange Cat 11 - BOC and His Beachy Frie...
2025-07-25 00:35:13,815 - download_utils - INFO - 创建结果目录: E:\Lab\redbubble_ai\backend\results
2025-07-25 00:35:13,830 - download_utils - ERROR - 下载异常: https://ih1.redbubble.net/image.5883857441.1097/ssrco,oversize_tee,womens,000000:44f0b734a5,front,product_square,x600.1.jpg, 错误: HTTPSConnectionPool(host='ih1.redbubble.net', port=443): Max retries exceeded with url: /image.5883857441.1097/ssrco,oversize_tee,womens,000000:44f0b734a5,front,product_square,x600.1.jpg (Caused by ProxyError('Unable to connect to proxy', FileNotFoundError(2, 'No such file or directory')))
2025-07-25 00:35:13,830 - __main__ - INFO - 图片下载成功: False
2025-07-25 00:35:13,831 - __main__ - WARNING - 图片未下载成功: E:\Lab\redbubble_ai\backend\results\BOC_Beachy_Orange_Cat_11_-_BOC_and_His_B_115.jpg
2025-07-25 00:35:13,831 - __main__ - ERROR - 处理商品时出错: update_task_status() takes from 2 to 7 positional arguments but 8 were given
2025-07-25 00:35:13,831 - __main__ - INFO - 正在处理第 116/118 个商品: Charm Clairo Cat Best Friends Drawing designed and...
2025-07-25 00:35:13,834 - download_utils - INFO - 创建结果目录: E:\Lab\redbubble_ai\backend\results
2025-07-25 00:35:13,850 - download_utils - ERROR - 下载异常: https://ih1.redbubble.net/image.5606755206.6649/ssrco,classic_tee,womens_02,fafafa:ca443f4786,front,product_square,x600.1.jpg, 错误: HTTPSConnectionPool(host='ih1.redbubble.net', port=443): Max retries exceeded with url: /image.5606755206.6649/ssrco,classic_tee,womens_02,fafafa:ca443f4786,front,product_square,x600.1.jpg (Caused by ProxyError('Unable to connect to proxy', FileNotFoundError(2, 'No such file or directory')))
2025-07-25 00:35:13,850 - __main__ - INFO - 图片下载成功: False
2025-07-25 00:35:13,851 - __main__ - WARNING - 图片未下载成功: E:\Lab\redbubble_ai\backend\results\Charm_Clairo_Cat_Best_Friends_Drawing_de_116.jpg
2025-07-25 00:35:13,851 - __main__ - ERROR - 处理商品时出错: update_task_status() takes from 2 to 7 positional arguments but 8 were given
2025-07-25 00:35:13,851 - __main__ - INFO - 正在处理第 117/118 个商品: LUCKY CAT designed and sold by Vicvama.
2025-07-25 00:35:13,854 - download_utils - INFO - 创建结果目录: E:\Lab\redbubble_ai\backend\results
2025-07-25 00:35:13,869 - download_utils - ERROR - 下载异常: https://ih1.redbubble.net/image.2277768338.8211/ssrco,classic_tee,mens_02,fafafa:ca443f4786,front,product_square,x600.jpg, 错误: HTTPSConnectionPool(host='ih1.redbubble.net', port=443): Max retries exceeded with url: /image.2277768338.8211/ssrco,classic_tee,mens_02,fafafa:ca443f4786,front,product_square,x600.jpg (Caused by ProxyError('Unable to connect to proxy', FileNotFoundError(2, 'No such file or directory')))
2025-07-25 00:35:13,869 - __main__ - INFO - 图片下载成功: False
2025-07-25 00:35:13,870 - __main__ - WARNING - 图片未下载成功: E:\Lab\redbubble_ai\backend\results\LUCKY_CAT_designed_and_sold_by_Vicvama._117.jpg
2025-07-25 00:35:13,870 - __main__ - ERROR - 处理商品时出错: update_task_status() takes from 2 to 7 positional arguments but 8 were given
2025-07-25 00:35:13,870 - __main__ - INFO - 正在处理第 118/118 个商品: Aint this a great cat gift?  designed and sold by ...
2025-07-25 00:35:13,874 - download_utils - INFO - 创建结果目录: E:\Lab\redbubble_ai\backend\results
2025-07-25 00:35:13,889 - download_utils - ERROR - 下载异常: https://ih1.redbubble.net/image.5883764311.7895/ssrco,classic_tee,mens_02,101010:01c5ca27c6,front,product_square,x600.jpg, 错误: HTTPSConnectionPool(host='ih1.redbubble.net', port=443): Max retries exceeded with url: /image.5883764311.7895/ssrco,classic_tee,mens_02,101010:01c5ca27c6,front,product_square,x600.jpg (Caused by ProxyError('Unable to connect to proxy', FileNotFoundError(2, 'No such file or directory')))
2025-07-25 00:35:13,889 - __main__ - INFO - 图片下载成功: False
2025-07-25 00:35:13,889 - __main__ - WARNING - 图片未下载成功: E:\Lab\redbubble_ai\backend\results\Aint_this_a_great_cat_gift__designed_and_118.jpg
2025-07-25 00:35:13,889 - __main__ - ERROR - 处理商品时出错: update_task_status() takes from 2 to 7 positional arguments but 8 were given
2025-07-25 00:35:13,889 - __main__ - ERROR - 没有成功处理任何商品
2025-07-25 00:36:15,753 - __main__ - INFO - 开始爬虫任务: 123, 关键词: cat, 页数: 1, 类目: u-clothing
2025-07-25 00:36:16,096 - crawler_utils - INFO - 正在爬取第1页: https://www.redbubble.com/shop/?iaCode=u-clothing&query=cat&ref=search_box&page=1
2025-07-25 00:36:30,671 - crawler_utils - INFO - 第1页找到119个商品
2025-07-25 00:36:32,808 - crawler_utils - INFO - 爬取完成，共获取118个商品
2025-07-25 00:36:32,808 - __main__ - INFO - 找到 118 个商品
2025-07-25 00:36:32,808 - __main__ - INFO - 正在处理第 1/118 个商品: Black Cat Holding On designed and sold by Jenn Ina...
2025-07-25 00:36:32,812 - download_utils - INFO - 创建结果目录: E:\Lab\redbubble_ai\backend\results
2025-07-25 00:36:32,817 - download_utils - ERROR - 下载异常: https://ih1.redbubble.net/image.215047620.4430/ssrco,essential_tee,womens_01,e0e1dd:064437a66d,front,product_square,x600.1u1.jpg, 错误: HTTPSConnectionPool(host='ih1.redbubble.net', port=443): Max retries exceeded with url: /image.215047620.4430/ssrco,essential_tee,womens_01,e0e1dd:064437a66d,front,product_square,x600.1u1.jpg (Caused by ProxyError('Unable to connect to proxy', FileNotFoundError(2, 'No such file or directory')))
2025-07-25 00:36:32,817 - __main__ - INFO - 图片下载成功: False
2025-07-25 00:36:32,818 - __main__ - WARNING - 图片未下载成功: E:\Lab\redbubble_ai\backend\results\Black_Cat_Holding_On_designed_and_sold_b_1.jpg
2025-07-25 00:36:32,818 - __main__ - ERROR - 处理商品时出错: update_task_status() takes from 2 to 7 positional arguments but 8 were given
2025-07-25 00:36:32,818 - __main__ - INFO - 正在处理第 2/118 个商品: Believe me Bro Funny Cat designed and sold by ENJO...
2025-07-25 00:36:32,821 - download_utils - INFO - 创建结果目录: E:\Lab\redbubble_ai\backend\results
2025-07-25 00:36:32,826 - download_utils - ERROR - 下载异常: https://ih1.redbubble.net/image.4872099588.2024/ssrco,oversize_tee,mens,000000:44f0b734a5,front,product_square,x600.jpg, 错误: HTTPSConnectionPool(host='ih1.redbubble.net', port=443): Max retries exceeded with url: /image.4872099588.2024/ssrco,oversize_tee,mens,000000:44f0b734a5,front,product_square,x600.jpg (Caused by ProxyError('Unable to connect to proxy', FileNotFoundError(2, 'No such file or directory')))
2025-07-25 00:36:32,826 - __main__ - INFO - 图片下载成功: False
2025-07-25 00:36:32,826 - __main__ - WARNING - 图片未下载成功: E:\Lab\redbubble_ai\backend\results\Believe_me_Bro_Funny_Cat_designed_and_so_2.jpg
2025-07-25 00:36:32,826 - __main__ - ERROR - 处理商品时出错: update_task_status() takes from 2 to 7 positional arguments but 8 were given
2025-07-25 00:36:32,826 - __main__ - INFO - 正在处理第 3/118 个商品: Catzilla designed and sold by Le-Freak.
2025-07-25 00:36:32,829 - download_utils - INFO - 创建结果目录: E:\Lab\redbubble_ai\backend\results
2025-07-25 00:36:32,844 - download_utils - ERROR - 下载异常: https://ih1.redbubble.net/image.5858657263.5508/ssrco,essential_tee,mens_01,101010:01c5ca27c6,front,product_square,x600.u6.jpg, 错误: HTTPSConnectionPool(host='ih1.redbubble.net', port=443): Max retries exceeded with url: /image.5858657263.5508/ssrco,essential_tee,mens_01,101010:01c5ca27c6,front,product_square,x600.u6.jpg (Caused by ProxyError('Unable to connect to proxy', FileNotFoundError(2, 'No such file or directory')))
2025-07-25 00:36:32,844 - __main__ - INFO - 图片下载成功: False
2025-07-25 00:36:32,844 - __main__ - WARNING - 图片未下载成功: E:\Lab\redbubble_ai\backend\results\Catzilla_designed_and_sold_by_Le-Freak._3.jpg
2025-07-25 00:36:32,844 - __main__ - ERROR - 处理商品时出错: update_task_status() takes from 2 to 7 positional arguments but 8 were given
2025-07-25 00:36:32,844 - __main__ - INFO - 正在处理第 4/118 个商品: Huh Cat Chonky Ben Meme 90s Bootleg Vintage design...
2025-07-25 00:36:32,847 - download_utils - INFO - 创建结果目录: E:\Lab\redbubble_ai\backend\results
2025-07-25 00:36:32,862 - download_utils - ERROR - 下载异常: https://ih1.redbubble.net/image.5579923964.7951/ssrco,classic_tee,womens_02,101010:01c5ca27c6,front,product_square,x600.1u8.jpg, 错误: HTTPSConnectionPool(host='ih1.redbubble.net', port=443): Max retries exceeded with url: /image.5579923964.7951/ssrco,classic_tee,womens_02,101010:01c5ca27c6,front,product_square,x600.1u8.jpg (Caused by ProxyError('Unable to connect to proxy', FileNotFoundError(2, 'No such file or directory')))
2025-07-25 00:36:32,862 - __main__ - INFO - 图片下载成功: False
2025-07-25 00:36:32,862 - __main__ - WARNING - 图片未下载成功: E:\Lab\redbubble_ai\backend\results\Huh_Cat_Chonky_Ben_Meme_90s_Bootleg_Vint_4.jpg
2025-07-25 00:36:32,862 - __main__ - ERROR - 处理商品时出错: update_task_status() takes from 2 to 7 positional arguments but 8 were given
2025-07-25 00:36:32,862 - __main__ - INFO - 正在处理第 5/118 个商品: Rage Consumes Me Funny Vintage Kitten designed and...
2025-07-25 00:36:32,865 - download_utils - INFO - 创建结果目录: E:\Lab\redbubble_ai\backend\results
2025-07-25 00:36:32,870 - download_utils - ERROR - 下载异常: https://ih1.redbubble.net/image.5727455810.5968/ssrco,classic_tee,mens_02,fafafa:ca443f4786,front,product_square,x600.jpg, 错误: HTTPSConnectionPool(host='ih1.redbubble.net', port=443): Max retries exceeded with url: /image.5727455810.5968/ssrco,classic_tee,mens_02,fafafa:ca443f4786,front,product_square,x600.jpg (Caused by ProxyError('Unable to connect to proxy', FileNotFoundError(2, 'No such file or directory')))
2025-07-25 00:36:32,870 - __main__ - INFO - 图片下载成功: False
2025-07-25 00:36:32,870 - __main__ - WARNING - 图片未下载成功: E:\Lab\redbubble_ai\backend\results\Rage_Consumes_Me_Funny_Vintage_Kitten_de_5.jpg
2025-07-25 00:36:32,870 - __main__ - ERROR - 处理商品时出错: update_task_status() takes from 2 to 7 positional arguments but 8 were given
2025-07-25 00:36:32,870 - __main__ - INFO - 正在处理第 6/118 个商品: Not Today designed and sold by FoxShiver.
2025-07-25 00:36:32,873 - download_utils - INFO - 创建结果目录: E:\Lab\redbubble_ai\backend\results
2025-07-25 00:36:32,888 - download_utils - ERROR - 下载异常: https://ih1.redbubble.net/image.2962651341.1169/ssrco,classic_tee,womens_02,101010:01c5ca27c6,front,product_square,x600.1.jpg, 错误: HTTPSConnectionPool(host='ih1.redbubble.net', port=443): Max retries exceeded with url: /image.2962651341.1169/ssrco,classic_tee,womens_02,101010:01c5ca27c6,front,product_square,x600.1.jpg (Caused by ProxyError('Unable to connect to proxy', FileNotFoundError(2, 'No such file or directory')))
2025-07-25 00:36:32,888 - __main__ - INFO - 图片下载成功: False
2025-07-25 00:36:32,888 - __main__ - WARNING - 图片未下载成功: E:\Lab\redbubble_ai\backend\results\Not_Today_designed_and_sold_by_FoxShiver_6.jpg
2025-07-25 00:36:32,888 - __main__ - ERROR - 处理商品时出错: update_task_status() takes from 2 to 7 positional arguments but 8 were given
2025-07-25 00:36:32,888 - __main__ - INFO - 正在处理第 7/118 个商品: Catzilla vintage designed and sold by Le-Freak.
2025-07-25 00:36:32,892 - download_utils - INFO - 创建结果目录: E:\Lab\redbubble_ai\backend\results
2025-07-25 00:36:32,906 - download_utils - ERROR - 下载异常: https://ih1.redbubble.net/image.5832198202.6759/ssrco,essential_tee,mens_01,101010:01c5ca27c6,front,product_square,x600.u6.jpg, 错误: HTTPSConnectionPool(host='ih1.redbubble.net', port=443): Max retries exceeded with url: /image.5832198202.6759/ssrco,essential_tee,mens_01,101010:01c5ca27c6,front,product_square,x600.u6.jpg (Caused by ProxyError('Unable to connect to proxy', FileNotFoundError(2, 'No such file or directory')))
2025-07-25 00:36:32,906 - __main__ - INFO - 图片下载成功: False
2025-07-25 00:36:32,906 - __main__ - WARNING - 图片未下载成功: E:\Lab\redbubble_ai\backend\results\Catzilla_vintage_designed_and_sold_by_Le_7.jpg
2025-07-25 00:36:32,906 - __main__ - ERROR - 处理商品时出错: update_task_status() takes from 2 to 7 positional arguments but 8 were given
2025-07-25 00:36:32,906 - __main__ - INFO - 正在处理第 8/118 个商品: Well, this is a cool and wet day. designed and sol...
2025-07-25 00:36:32,910 - download_utils - INFO - 创建结果目录: E:\Lab\redbubble_ai\backend\results
2025-07-25 00:36:32,925 - download_utils - ERROR - 下载异常: https://ih1.redbubble.net/image.5883398627.5565/ssrco,classic_tee,womens_02,fafafa:ca443f4786,front,product_square,x600.1.jpg, 错误: HTTPSConnectionPool(host='ih1.redbubble.net', port=443): Max retries exceeded with url: /image.5883398627.5565/ssrco,classic_tee,womens_02,fafafa:ca443f4786,front,product_square,x600.1.jpg (Caused by ProxyError('Unable to connect to proxy', FileNotFoundError(2, 'No such file or directory')))
2025-07-25 00:36:32,925 - __main__ - INFO - 图片下载成功: False
2025-07-25 00:36:32,925 - __main__ - WARNING - 图片未下载成功: E:\Lab\redbubble_ai\backend\results\Well,_this_is_a_cool_and_wet_day._design_8.jpg
2025-07-25 00:36:32,925 - __main__ - ERROR - 处理商品时出错: update_task_status() takes from 2 to 7 positional arguments but 8 were given
2025-07-25 00:36:32,925 - __main__ - INFO - 正在处理第 9/118 个商品: Cat What? Murderous Black Cat With Knife Gift Prem...
2025-07-25 00:36:32,930 - download_utils - INFO - 创建结果目录: E:\Lab\redbubble_ai\backend\results
2025-07-25 00:36:32,944 - download_utils - ERROR - 下载异常: https://ih1.redbubble.net/image.3650090745.3705/ssrco,classic_tee,mens_02,fafafa:ca443f4786,front,product_square,x600.u1.jpg, 错误: HTTPSConnectionPool(host='ih1.redbubble.net', port=443): Max retries exceeded with url: /image.3650090745.3705/ssrco,classic_tee,mens_02,fafafa:ca443f4786,front,product_square,x600.u1.jpg (Caused by ProxyError('Unable to connect to proxy', FileNotFoundError(2, 'No such file or directory')))
2025-07-25 00:36:32,944 - __main__ - INFO - 图片下载成功: False
2025-07-25 00:36:32,945 - __main__ - WARNING - 图片未下载成功: E:\Lab\redbubble_ai\backend\results\Cat_What_Murderous_Black_Cat_With_Knife__9.jpg
2025-07-25 00:36:32,945 - __main__ - ERROR - 处理商品时出错: update_task_status() takes from 2 to 7 positional arguments but 8 were given
2025-07-25 00:36:32,945 - __main__ - INFO - 正在处理第 10/118 个商品: Street Cats designed and sold by wytrab8.
2025-07-25 00:36:32,948 - download_utils - INFO - 创建结果目录: E:\Lab\redbubble_ai\backend\results
2025-07-25 00:36:32,964 - download_utils - ERROR - 下载异常: https://ih1.redbubble.net/image.785374828.2310/ssrco,essential_tee,mens_01,e0e1dd:064437a66d,front,product_square,x600.u5.jpg, 错误: HTTPSConnectionPool(host='ih1.redbubble.net', port=443): Max retries exceeded with url: /image.785374828.2310/ssrco,essential_tee,mens_01,e0e1dd:064437a66d,front,product_square,x600.u5.jpg (Caused by ProxyError('Unable to connect to proxy', FileNotFoundError(2, 'No such file or directory')))
2025-07-25 00:36:32,964 - __main__ - INFO - 图片下载成功: False
2025-07-25 00:36:32,964 - __main__ - WARNING - 图片未下载成功: E:\Lab\redbubble_ai\backend\results\Street_Cats_designed_and_sold_by_wytrab8_10.jpg
2025-07-25 00:36:32,964 - __main__ - ERROR - 处理商品时出错: update_task_status() takes from 2 to 7 positional arguments but 8 were given
2025-07-25 00:36:32,964 - __main__ - INFO - 正在处理第 11/118 个商品: Meme Cats 2.0 designed and sold by How-Do-U-Art.
2025-07-25 00:36:32,968 - download_utils - INFO - 创建结果目录: E:\Lab\redbubble_ai\backend\results
2025-07-25 00:36:32,981 - download_utils - ERROR - 下载异常: https://ih1.redbubble.net/image.892745515.5903/ssrco,classic_tee,mens_02,101010:01c5ca27c6,front,product_square,x600.jpg, 错误: HTTPSConnectionPool(host='ih1.redbubble.net', port=443): Max retries exceeded with url: /image.892745515.5903/ssrco,classic_tee,mens_02,101010:01c5ca27c6,front,product_square,x600.jpg (Caused by ProxyError('Unable to connect to proxy', FileNotFoundError(2, 'No such file or directory')))
2025-07-25 00:36:32,981 - __main__ - INFO - 图片下载成功: False
2025-07-25 00:36:32,982 - __main__ - WARNING - 图片未下载成功: E:\Lab\redbubble_ai\backend\results\Meme_Cats_2.0_designed_and_sold_by_How-D_11.jpg
2025-07-25 00:36:32,982 - __main__ - ERROR - 处理商品时出错: update_task_status() takes from 2 to 7 positional arguments but 8 were given
2025-07-25 00:36:32,982 - __main__ - INFO - 正在处理第 12/118 个商品: Black Cat Face designed and sold by Jenn Inashvili...
2025-07-25 00:36:32,985 - download_utils - INFO - 创建结果目录: E:\Lab\redbubble_ai\backend\results
2025-07-25 00:36:32,999 - download_utils - ERROR - 下载异常: https://ih1.redbubble.net/image.987609789.4496/ssrco,classic_tee,mens_02,heather_light_grey,front,product_square,x600.jpg, 错误: HTTPSConnectionPool(host='ih1.redbubble.net', port=443): Max retries exceeded with url: /image.987609789.4496/ssrco,classic_tee,mens_02,heather_light_grey,front,product_square,x600.jpg (Caused by ProxyError('Unable to connect to proxy', FileNotFoundError(2, 'No such file or directory')))
2025-07-25 00:36:32,999 - __main__ - INFO - 图片下载成功: False
2025-07-25 00:36:32,999 - __main__ - WARNING - 图片未下载成功: E:\Lab\redbubble_ai\backend\results\Black_Cat_Face_designed_and_sold_by_Jenn_12.jpg
2025-07-25 00:36:32,999 - __main__ - ERROR - 处理商品时出错: update_task_status() takes from 2 to 7 positional arguments but 8 were given
2025-07-25 00:36:32,999 - __main__ - INFO - 正在处理第 13/118 个商品: Aint this a great cat gift?  designed and sold by ...
2025-07-25 00:36:33,002 - download_utils - INFO - 创建结果目录: E:\Lab\redbubble_ai\backend\results
2025-07-25 00:36:33,017 - download_utils - ERROR - 下载异常: https://ih1.redbubble.net/image.5883764311.7895/ssrco,classic_tee,womens_02,101010:01c5ca27c6,front,product_square,x600.1.jpg, 错误: HTTPSConnectionPool(host='ih1.redbubble.net', port=443): Max retries exceeded with url: /image.5883764311.7895/ssrco,classic_tee,womens_02,101010:01c5ca27c6,front,product_square,x600.1.jpg (Caused by ProxyError('Unable to connect to proxy', FileNotFoundError(2, 'No such file or directory')))
2025-07-25 00:36:33,017 - __main__ - INFO - 图片下载成功: False
2025-07-25 00:36:33,017 - __main__ - WARNING - 图片未下载成功: E:\Lab\redbubble_ai\backend\results\Aint_this_a_great_cat_gift__designed_and_13.jpg
2025-07-25 00:36:33,017 - __main__ - ERROR - 处理商品时出错: update_task_status() takes from 2 to 7 positional arguments but 8 were given
2025-07-25 00:36:33,017 - __main__ - INFO - 正在处理第 14/118 个商品: Mischief designed and sold by TinkM.
2025-07-25 00:36:33,020 - download_utils - INFO - 创建结果目录: E:\Lab\redbubble_ai\backend\results
2025-07-25 00:36:33,036 - download_utils - ERROR - 下载异常: https://ih1.redbubble.net/image.233508402.8978/ssrco,classic_tee,womens_02,fafafa:ca443f4786,front,product_square,x600.1u2.jpg, 错误: HTTPSConnectionPool(host='ih1.redbubble.net', port=443): Max retries exceeded with url: /image.233508402.8978/ssrco,classic_tee,womens_02,fafafa:ca443f4786,front,product_square,x600.1u2.jpg (Caused by ProxyError('Unable to connect to proxy', FileNotFoundError(2, 'No such file or directory')))
2025-07-25 00:36:33,036 - __main__ - INFO - 图片下载成功: False
2025-07-25 00:36:33,037 - __main__ - WARNING - 图片未下载成功: E:\Lab\redbubble_ai\backend\results\Mischief_designed_and_sold_by_TinkM._14.jpg
2025-07-25 00:36:33,037 - __main__ - ERROR - 处理商品时出错: update_task_status() takes from 2 to 7 positional arguments but 8 were given
2025-07-25 00:36:33,037 - __main__ - INFO - 正在处理第 15/118 个商品: Cathulhu designed and sold by Ilustrata®.
2025-07-25 00:36:33,041 - download_utils - INFO - 创建结果目录: E:\Lab\redbubble_ai\backend\results
2025-07-25 00:36:33,054 - download_utils - ERROR - 下载异常: https://ih1.redbubble.net/image.1640671377.8795/aldr,x1440,front-c,168,326,600,600-bg,f8f8f8.u2.jpg, 错误: HTTPSConnectionPool(host='ih1.redbubble.net', port=443): Max retries exceeded with url: /image.1640671377.8795/aldr,x1440,front-c,168,326,600,600-bg,f8f8f8.u2.jpg (Caused by ProxyError('Unable to connect to proxy', FileNotFoundError(2, 'No such file or directory')))
2025-07-25 00:36:33,054 - __main__ - INFO - 图片下载成功: False
2025-07-25 00:36:33,055 - __main__ - WARNING - 图片未下载成功: E:\Lab\redbubble_ai\backend\results\Cathulhu_designed_and_sold_by_Ilustrata®_15.jpg
2025-07-25 00:36:33,055 - __main__ - ERROR - 处理商品时出错: update_task_status() takes from 2 to 7 positional arguments but 8 were given
2025-07-25 00:36:33,055 - __main__ - INFO - 正在处理第 16/118 个商品: It's Fine I'm Fine Everything Is Fine Funny cat  d...
2025-07-25 00:36:33,059 - download_utils - INFO - 创建结果目录: E:\Lab\redbubble_ai\backend\results
2025-07-25 00:36:33,063 - download_utils - ERROR - 下载异常: https://ih1.redbubble.net/image.3175911229.1946/ssrco,essential_tee,womens_01,heather_mid_grey,front,product_square,x600.1.jpg, 错误: HTTPSConnectionPool(host='ih1.redbubble.net', port=443): Max retries exceeded with url: /image.3175911229.1946/ssrco,essential_tee,womens_01,heather_mid_grey,front,product_square,x600.1.jpg (Caused by ProxyError('Unable to connect to proxy', FileNotFoundError(2, 'No such file or directory')))
2025-07-25 00:36:33,063 - __main__ - INFO - 图片下载成功: False
2025-07-25 00:36:33,063 - __main__ - WARNING - 图片未下载成功: E:\Lab\redbubble_ai\backend\results\It's_Fine_I'm_Fine_Everything_Is_Fine_Fu_16.jpg
2025-07-25 00:36:33,063 - __main__ - ERROR - 处理商品时出错: update_task_status() takes from 2 to 7 positional arguments but 8 were given
2025-07-25 00:36:33,063 - __main__ - INFO - 正在处理第 17/118 个商品: Cat People 97 designed and sold by deep-sea-birds.
2025-07-25 00:36:33,067 - download_utils - INFO - 创建结果目录: E:\Lab\redbubble_ai\backend\results
2025-07-25 00:36:33,081 - download_utils - ERROR - 下载异常: https://ih1.redbubble.net/image.5883826500.0031/ssrco,oversize_tee,womens,ffffff:affd82b53f,front,product_square,x600.1.jpg, 错误: HTTPSConnectionPool(host='ih1.redbubble.net', port=443): Max retries exceeded with url: /image.5883826500.0031/ssrco,oversize_tee,womens,ffffff:affd82b53f,front,product_square,x600.1.jpg (Caused by ProxyError('Unable to connect to proxy', FileNotFoundError(2, 'No such file or directory')))
2025-07-25 00:36:33,081 - __main__ - INFO - 图片下载成功: False
2025-07-25 00:36:33,082 - __main__ - WARNING - 图片未下载成功: E:\Lab\redbubble_ai\backend\results\Cat_People_97_designed_and_sold_by_deep-_17.jpg
2025-07-25 00:36:33,082 - __main__ - ERROR - 处理商品时出错: update_task_status() takes from 2 to 7 positional arguments but 8 were given
2025-07-25 00:36:33,082 - __main__ - INFO - 正在处理第 18/118 个商品: Meowdy Partner Whiskers in the Wind designed and s...
2025-07-25 00:36:33,085 - download_utils - INFO - 创建结果目录: E:\Lab\redbubble_ai\backend\results
2025-07-25 00:36:33,099 - download_utils - ERROR - 下载异常: https://ih1.redbubble.net/image.5544650250.0575/ssrco,essential_tee,womens_01,heather_oatmeal,front,product_square,x600.1u4.jpg, 错误: HTTPSConnectionPool(host='ih1.redbubble.net', port=443): Max retries exceeded with url: /image.5544650250.0575/ssrco,essential_tee,womens_01,heather_oatmeal,front,product_square,x600.1u4.jpg (Caused by ProxyError('Unable to connect to proxy', FileNotFoundError(2, 'No such file or directory')))
2025-07-25 00:36:33,099 - __main__ - INFO - 图片下载成功: False
2025-07-25 00:36:33,099 - __main__ - WARNING - 图片未下载成功: E:\Lab\redbubble_ai\backend\results\Meowdy_Partner_Whiskers_in_the_Wind_desi_18.jpg
2025-07-25 00:36:33,099 - __main__ - ERROR - 处理商品时出错: update_task_status() takes from 2 to 7 positional arguments but 8 were given
2025-07-25 00:36:33,099 - __main__ - INFO - 正在处理第 19/118 个商品: Catana designed and sold by vincenttrinidad.
2025-07-25 00:36:33,102 - download_utils - INFO - 创建结果目录: E:\Lab\redbubble_ai\backend\results
2025-07-25 00:36:33,117 - download_utils - ERROR - 下载异常: https://ih1.redbubble.net/image.1016776812.8443/ssrco,oversize_tee,mens,000000:44f0b734a5,front,product_square,x600.jpg, 错误: HTTPSConnectionPool(host='ih1.redbubble.net', port=443): Max retries exceeded with url: /image.1016776812.8443/ssrco,oversize_tee,mens,000000:44f0b734a5,front,product_square,x600.jpg (Caused by ProxyError('Unable to connect to proxy', FileNotFoundError(2, 'No such file or directory')))
2025-07-25 00:36:33,117 - __main__ - INFO - 图片下载成功: False
2025-07-25 00:36:33,117 - __main__ - WARNING - 图片未下载成功: E:\Lab\redbubble_ai\backend\results\Catana_designed_and_sold_by_vincenttrini_19.jpg
2025-07-25 00:36:33,117 - __main__ - ERROR - 处理商品时出错: update_task_status() takes from 2 to 7 positional arguments but 8 were given
2025-07-25 00:36:33,117 - __main__ - INFO - 正在处理第 20/118 个商品: You asleep yet? designed and sold by lauragraves.
2025-07-25 00:36:33,121 - download_utils - INFO - 创建结果目录: E:\Lab\redbubble_ai\backend\results
2025-07-25 00:36:33,137 - download_utils - ERROR - 下载异常: https://ih1.redbubble.net/image.1093994420.9250/ssrco,mhoodie,womens,fafafa:ca443f4786,front,square_product,x600-bg,f8f8f8.1.jpg, 错误: HTTPSConnectionPool(host='ih1.redbubble.net', port=443): Max retries exceeded with url: /image.1093994420.9250/ssrco,mhoodie,womens,fafafa:ca443f4786,front,square_product,x600-bg,f8f8f8.1.jpg (Caused by ProxyError('Unable to connect to proxy', FileNotFoundError(2, 'No such file or directory')))
2025-07-25 00:36:33,137 - __main__ - INFO - 图片下载成功: False
2025-07-25 00:36:33,137 - __main__ - WARNING - 图片未下载成功: E:\Lab\redbubble_ai\backend\results\You_asleep_yet_designed_and_sold_by_laur_20.jpg
2025-07-25 00:36:33,137 - __main__ - ERROR - 处理商品时出错: update_task_status() takes from 2 to 7 positional arguments but 8 were given
2025-07-25 00:36:33,137 - __main__ - INFO - 正在处理第 21/118 个商品: I Eat Cement Cursed Cat Funny Oddly Specific Meme ...
2025-07-25 00:36:33,141 - download_utils - INFO - 创建结果目录: E:\Lab\redbubble_ai\backend\results
2025-07-25 00:36:33,156 - download_utils - ERROR - 下载异常: https://ih1.redbubble.net/image.5521427461.1736/ssrco,essential_tee,mens_01,101010:01c5ca27c6,front,product_square,x600.jpg, 错误: HTTPSConnectionPool(host='ih1.redbubble.net', port=443): Max retries exceeded with url: /image.5521427461.1736/ssrco,essential_tee,mens_01,101010:01c5ca27c6,front,product_square,x600.jpg (Caused by ProxyError('Unable to connect to proxy', FileNotFoundError(2, 'No such file or directory')))
2025-07-25 00:36:33,156 - __main__ - INFO - 图片下载成功: False
2025-07-25 00:36:33,156 - __main__ - WARNING - 图片未下载成功: E:\Lab\redbubble_ai\backend\results\I_Eat_Cement_Cursed_Cat_Funny_Oddly_Spec_21.jpg
2025-07-25 00:36:33,156 - __main__ - ERROR - 处理商品时出错: update_task_status() takes from 2 to 7 positional arguments but 8 were given
2025-07-25 00:36:33,156 - __main__ - INFO - 正在处理第 22/118 个商品: Dungeons and Cats designed and sold by Domiichan.
2025-07-25 00:36:33,159 - download_utils - INFO - 创建结果目录: E:\Lab\redbubble_ai\backend\results
2025-07-25 00:36:33,173 - download_utils - ERROR - 下载异常: https://ih1.redbubble.net/image.471166471.9960/ssrco,essential_tee,womens_01,05081f:66c8590f4e,front,product_square,x600.1u3.jpg, 错误: HTTPSConnectionPool(host='ih1.redbubble.net', port=443): Max retries exceeded with url: /image.471166471.9960/ssrco,essential_tee,womens_01,05081f:66c8590f4e,front,product_square,x600.1u3.jpg (Caused by ProxyError('Unable to connect to proxy', FileNotFoundError(2, 'No such file or directory')))
2025-07-25 00:36:33,173 - __main__ - INFO - 图片下载成功: False
2025-07-25 00:36:33,174 - __main__ - WARNING - 图片未下载成功: E:\Lab\redbubble_ai\backend\results\Dungeons_and_Cats_designed_and_sold_by_D_22.jpg
2025-07-25 00:36:33,174 - __main__ - ERROR - 处理商品时出错: update_task_status() takes from 2 to 7 positional arguments but 8 were given
2025-07-25 00:36:33,174 - __main__ - INFO - 正在处理第 23/118 个商品: Van Gogh Cat Starry Night Van Gogh Cat Lovers desi...
2025-07-25 00:36:33,177 - download_utils - INFO - 创建结果目录: E:\Lab\redbubble_ai\backend\results
2025-07-25 00:36:33,192 - download_utils - ERROR - 下载异常: https://ih1.redbubble.net/image.4837601478.3648/ssrco,classic_tee,womens_02,101010:01c5ca27c6,front,product_square,x600.1u2.jpg, 错误: HTTPSConnectionPool(host='ih1.redbubble.net', port=443): Max retries exceeded with url: /image.4837601478.3648/ssrco,classic_tee,womens_02,101010:01c5ca27c6,front,product_square,x600.1u2.jpg (Caused by ProxyError('Unable to connect to proxy', FileNotFoundError(2, 'No such file or directory')))
2025-07-25 00:36:33,192 - __main__ - INFO - 图片下载成功: False
2025-07-25 00:36:33,193 - __main__ - WARNING - 图片未下载成功: E:\Lab\redbubble_ai\backend\results\Van_Gogh_Cat_Starry_Night_Van_Gogh_Cat_L_23.jpg
2025-07-25 00:36:33,193 - __main__ - ERROR - 处理商品时出错: update_task_status() takes from 2 to 7 positional arguments but 8 were given
2025-07-25 00:36:33,193 - __main__ - INFO - 正在处理第 24/118 个商品: Cat Got Your Soul? designed and sold by obinsun.
2025-07-25 00:36:33,196 - download_utils - INFO - 创建结果目录: E:\Lab\redbubble_ai\backend\results
2025-07-25 00:36:33,210 - download_utils - ERROR - 下载异常: https://ih1.redbubble.net/image.4940093085.5964/ssrco,oversize_tee,womens,000000:44f0b734a5,front,product_square,x600.1u2.jpg, 错误: HTTPSConnectionPool(host='ih1.redbubble.net', port=443): Max retries exceeded with url: /image.4940093085.5964/ssrco,oversize_tee,womens,000000:44f0b734a5,front,product_square,x600.1u2.jpg (Caused by ProxyError('Unable to connect to proxy', FileNotFoundError(2, 'No such file or directory')))
2025-07-25 00:36:33,210 - __main__ - INFO - 图片下载成功: False
2025-07-25 00:36:33,211 - __main__ - WARNING - 图片未下载成功: E:\Lab\redbubble_ai\backend\results\Cat_Got_Your_Soul_designed_and_sold_by_o_24.jpg
2025-07-25 00:36:33,211 - __main__ - ERROR - 处理商品时出错: update_task_status() takes from 2 to 7 positional arguments but 8 were given
2025-07-25 00:36:33,211 - __main__ - INFO - 正在处理第 25/118 个商品: How to Chill Like a Cat designed and sold by mickl...
2025-07-25 00:36:33,214 - download_utils - INFO - 创建结果目录: E:\Lab\redbubble_ai\backend\results
2025-07-25 00:36:33,228 - download_utils - ERROR - 下载异常: https://ih1.redbubble.net/image.209996122.0564/ssrco,classic_tee,mens_02,heather_denim,front,product_square,x600.jpg, 错误: HTTPSConnectionPool(host='ih1.redbubble.net', port=443): Max retries exceeded with url: /image.209996122.0564/ssrco,classic_tee,mens_02,heather_denim,front,product_square,x600.jpg (Caused by ProxyError('Unable to connect to proxy', FileNotFoundError(2, 'No such file or directory')))
2025-07-25 00:36:33,229 - __main__ - INFO - 图片下载成功: False
2025-07-25 00:36:33,229 - __main__ - WARNING - 图片未下载成功: E:\Lab\redbubble_ai\backend\results\How_to_Chill_Like_a_Cat_designed_and_sol_25.jpg
2025-07-25 00:36:33,229 - __main__ - ERROR - 处理商品时出错: update_task_status() takes from 2 to 7 positional arguments but 8 were given
2025-07-25 00:36:33,229 - __main__ - INFO - 正在处理第 26/118 个商品: Sushi Chef Cat - Funny Restaurant Kitty - Japanese...
2025-07-25 00:36:33,232 - download_utils - INFO - 创建结果目录: E:\Lab\redbubble_ai\backend\results
2025-07-25 00:36:33,247 - download_utils - ERROR - 下载异常: https://ih1.redbubble.net/image.1204159901.5860/ssrco,classic_tee,mens_02,4a4440:cc103efb7a,front,product_square,x600.jpg, 错误: HTTPSConnectionPool(host='ih1.redbubble.net', port=443): Max retries exceeded with url: /image.1204159901.5860/ssrco,classic_tee,mens_02,4a4440:cc103efb7a,front,product_square,x600.jpg (Caused by ProxyError('Unable to connect to proxy', FileNotFoundError(2, 'No such file or directory')))
2025-07-25 00:36:33,247 - __main__ - INFO - 图片下载成功: False
2025-07-25 00:36:33,248 - __main__ - WARNING - 图片未下载成功: E:\Lab\redbubble_ai\backend\results\Sushi_Chef_Cat_-_Funny_Restaurant_Kitty__26.jpg
2025-07-25 00:36:33,248 - __main__ - ERROR - 处理商品时出错: update_task_status() takes from 2 to 7 positional arguments but 8 were given
2025-07-25 00:36:33,248 - __main__ - INFO - 正在处理第 27/118 个商品: Akira Cat designed and sold by Akram Ghazali.
2025-07-25 00:36:33,251 - download_utils - INFO - 创建结果目录: E:\Lab\redbubble_ai\backend\results
2025-07-25 00:36:33,265 - download_utils - ERROR - 下载异常: https://ih1.redbubble.net/image.1039436599.8749/ssrco,classic_tee,womens_02,101010:01c5ca27c6,front,product_square,x600.1.jpg, 错误: HTTPSConnectionPool(host='ih1.redbubble.net', port=443): Max retries exceeded with url: /image.1039436599.8749/ssrco,classic_tee,womens_02,101010:01c5ca27c6,front,product_square,x600.1.jpg (Caused by ProxyError('Unable to connect to proxy', FileNotFoundError(2, 'No such file or directory')))
2025-07-25 00:36:33,265 - __main__ - INFO - 图片下载成功: False
2025-07-25 00:36:33,265 - __main__ - WARNING - 图片未下载成功: E:\Lab\redbubble_ai\backend\results\Akira_Cat_designed_and_sold_by_Akram_Gha_27.jpg
2025-07-25 00:36:33,265 - __main__ - ERROR - 处理商品时出错: update_task_status() takes from 2 to 7 positional arguments but 8 were given
2025-07-25 00:36:33,265 - __main__ - INFO - 正在处理第 28/118 个商品: Funny Cat Rock Music Gift  designed and sold by Ks...
2025-07-25 00:36:33,269 - download_utils - INFO - 创建结果目录: E:\Lab\redbubble_ai\backend\results
2025-07-25 00:36:33,273 - download_utils - ERROR - 下载异常: https://ih1.redbubble.net/image.5309154027.2081/ssrco,classic_tee,mens_02,101010:01c5ca27c6,front,product_square,x600.jpg, 错误: HTTPSConnectionPool(host='ih1.redbubble.net', port=443): Max retries exceeded with url: /image.5309154027.2081/ssrco,classic_tee,mens_02,101010:01c5ca27c6,front,product_square,x600.jpg (Caused by ProxyError('Unable to connect to proxy', FileNotFoundError(2, 'No such file or directory')))
2025-07-25 00:36:33,273 - __main__ - INFO - 图片下载成功: False
2025-07-25 00:36:33,273 - __main__ - WARNING - 图片未下载成功: E:\Lab\redbubble_ai\backend\results\Funny_Cat_Rock_Music_Gift__designed_and__28.jpg
2025-07-25 00:36:33,274 - __main__ - ERROR - 处理商品时出错: update_task_status() takes from 2 to 7 positional arguments but 8 were given
2025-07-25 00:36:33,274 - __main__ - INFO - 正在处理第 29/118 个商品: Astronaut Cat designed and sold by clingcling.
2025-07-25 00:36:33,277 - download_utils - INFO - 创建结果目录: E:\Lab\redbubble_ai\backend\results
2025-07-25 00:36:33,291 - download_utils - ERROR - 下载异常: https://ih1.redbubble.net/image.333550477.2968/ssrco,classic_tee,mens_02,101010:01c5ca27c6,front,product_square,x600.u5.jpg, 错误: HTTPSConnectionPool(host='ih1.redbubble.net', port=443): Max retries exceeded with url: /image.333550477.2968/ssrco,classic_tee,mens_02,101010:01c5ca27c6,front,product_square,x600.u5.jpg (Caused by ProxyError('Unable to connect to proxy', FileNotFoundError(2, 'No such file or directory')))
2025-07-25 00:36:33,291 - __main__ - INFO - 图片下载成功: False
2025-07-25 00:36:33,291 - __main__ - WARNING - 图片未下载成功: E:\Lab\redbubble_ai\backend\results\Astronaut_Cat_designed_and_sold_by_cling_29.jpg
2025-07-25 00:36:33,291 - __main__ - ERROR - 处理商品时出错: update_task_status() takes from 2 to 7 positional arguments but 8 were given
2025-07-25 00:36:33,291 - __main__ - INFO - 正在处理第 30/118 个商品: The Cat Dimension designed and sold by Steven Rhod...
2025-07-25 00:36:33,294 - download_utils - INFO - 创建结果目录: E:\Lab\redbubble_ai\backend\results
2025-07-25 00:36:33,308 - download_utils - ERROR - 下载异常: https://ih1.redbubble.net/image.2018564418.0190/ssrco,classic_tee,mens_02,0d162e:9880ee6111,front,product_square,x600.jpg, 错误: HTTPSConnectionPool(host='ih1.redbubble.net', port=443): Max retries exceeded with url: /image.2018564418.0190/ssrco,classic_tee,mens_02,0d162e:9880ee6111,front,product_square,x600.jpg (Caused by ProxyError('Unable to connect to proxy', FileNotFoundError(2, 'No such file or directory')))
2025-07-25 00:36:33,309 - __main__ - INFO - 图片下载成功: False
2025-07-25 00:36:33,309 - __main__ - WARNING - 图片未下载成功: E:\Lab\redbubble_ai\backend\results\The_Cat_Dimension_designed_and_sold_by_S_30.jpg
2025-07-25 00:36:33,309 - __main__ - ERROR - 处理商品时出错: update_task_status() takes from 2 to 7 positional arguments but 8 were given
2025-07-25 00:36:33,309 - __main__ - INFO - 正在处理第 31/118 个商品: Skulls are for Pussies designed and sold by harebr...
2025-07-25 00:36:33,313 - download_utils - INFO - 创建结果目录: E:\Lab\redbubble_ai\backend\results
2025-07-25 00:36:33,328 - download_utils - ERROR - 下载异常: https://ih1.redbubble.net/image.795363686.5452/ssrco,essential_tee,mens_01,101010:01c5ca27c6,front,product_square,x600.u11.jpg, 错误: HTTPSConnectionPool(host='ih1.redbubble.net', port=443): Max retries exceeded with url: /image.795363686.5452/ssrco,essential_tee,mens_01,101010:01c5ca27c6,front,product_square,x600.u11.jpg (Caused by ProxyError('Unable to connect to proxy', FileNotFoundError(2, 'No such file or directory')))
2025-07-25 00:36:33,329 - __main__ - INFO - 图片下载成功: False
2025-07-25 00:36:33,329 - __main__ - WARNING - 图片未下载成功: E:\Lab\redbubble_ai\backend\results\Skulls_are_for_Pussies_designed_and_sold_31.jpg
2025-07-25 00:36:33,329 - __main__ - ERROR - 处理商品时出错: update_task_status() takes from 2 to 7 positional arguments but 8 were given
2025-07-25 00:36:33,329 - __main__ - INFO - 正在处理第 32/118 个商品: Just Do It Later Black Cat designed and sold by ri...
2025-07-25 00:36:33,333 - download_utils - INFO - 创建结果目录: E:\Lab\redbubble_ai\backend\results
2025-07-25 00:36:33,346 - download_utils - ERROR - 下载异常: https://ih1.redbubble.net/image.2522798892.7557/ssrco,classic_tee,mens_02,fafafa:ca443f4786,front,product_square,x600.jpg, 错误: HTTPSConnectionPool(host='ih1.redbubble.net', port=443): Max retries exceeded with url: /image.2522798892.7557/ssrco,classic_tee,mens_02,fafafa:ca443f4786,front,product_square,x600.jpg (Caused by ProxyError('Unable to connect to proxy', FileNotFoundError(2, 'No such file or directory')))
2025-07-25 00:36:33,346 - __main__ - INFO - 图片下载成功: False
2025-07-25 00:36:33,347 - __main__ - WARNING - 图片未下载成功: E:\Lab\redbubble_ai\backend\results\Just_Do_It_Later_Black_Cat_designed_and__32.jpg
2025-07-25 00:36:33,347 - __main__ - ERROR - 处理商品时出错: update_task_status() takes from 2 to 7 positional arguments but 8 were given
2025-07-25 00:36:33,347 - __main__ - INFO - 正在处理第 33/118 个商品: Coffee Cat in Mt. Fuji designed and sold by vincen...
2025-07-25 00:36:33,350 - download_utils - INFO - 创建结果目录: E:\Lab\redbubble_ai\backend\results
2025-07-25 00:36:33,364 - download_utils - ERROR - 下载异常: https://ih1.redbubble.net/image.4274853376.9959/ssrco,classic_tee,womens_02,101010:01c5ca27c6,front,product_square,x600.1.jpg, 错误: HTTPSConnectionPool(host='ih1.redbubble.net', port=443): Max retries exceeded with url: /image.4274853376.9959/ssrco,classic_tee,womens_02,101010:01c5ca27c6,front,product_square,x600.1.jpg (Caused by ProxyError('Unable to connect to proxy', FileNotFoundError(2, 'No such file or directory')))
2025-07-25 00:36:33,364 - __main__ - INFO - 图片下载成功: False
2025-07-25 00:36:33,365 - __main__ - WARNING - 图片未下载成功: E:\Lab\redbubble_ai\backend\results\Coffee_Cat_in_Mt._Fuji_designed_and_sold_33.jpg
2025-07-25 00:36:33,365 - __main__ - ERROR - 处理商品时出错: update_task_status() takes from 2 to 7 positional arguments but 8 were given
2025-07-25 00:36:33,365 - __main__ - INFO - 正在处理第 34/118 个商品: HOUSE CAT (Rainbow DJ Kitty) designed and sold by ...
2025-07-25 00:36:33,368 - download_utils - INFO - 创建结果目录: E:\Lab\redbubble_ai\backend\results
2025-07-25 00:36:33,383 - download_utils - ERROR - 下载异常: https://ih1.redbubble.net/image.283758601.2630/ssrco,essential_tee,mens_01,101010:01c5ca27c6,front,product_square,x600.u5.jpg, 错误: HTTPSConnectionPool(host='ih1.redbubble.net', port=443): Max retries exceeded with url: /image.283758601.2630/ssrco,essential_tee,mens_01,101010:01c5ca27c6,front,product_square,x600.u5.jpg (Caused by ProxyError('Unable to connect to proxy', FileNotFoundError(2, 'No such file or directory')))
2025-07-25 00:36:33,383 - __main__ - INFO - 图片下载成功: False
2025-07-25 00:36:33,383 - __main__ - WARNING - 图片未下载成功: E:\Lab\redbubble_ai\backend\results\HOUSE_CAT_(Rainbow_DJ_Kitty)_designed_an_34.jpg
2025-07-25 00:36:33,383 - __main__ - ERROR - 处理商品时出错: update_task_status() takes from 2 to 7 positional arguments but 8 were given
2025-07-25 00:36:33,383 - __main__ - INFO - 正在处理第 35/118 个商品: Cat silhouette designed and sold by NVDesigns.
2025-07-25 00:36:33,386 - download_utils - INFO - 创建结果目录: E:\Lab\redbubble_ai\backend\results
2025-07-25 00:36:33,401 - download_utils - ERROR - 下载异常: https://ih1.redbubble.net/image.3982802598.3490/ssrco,classic_tee,womens_02,101010:01c5ca27c6,front,product_square,x600.1.jpg, 错误: HTTPSConnectionPool(host='ih1.redbubble.net', port=443): Max retries exceeded with url: /image.3982802598.3490/ssrco,classic_tee,womens_02,101010:01c5ca27c6,front,product_square,x600.1.jpg (Caused by ProxyError('Unable to connect to proxy', FileNotFoundError(2, 'No such file or directory')))
2025-07-25 00:36:33,402 - __main__ - INFO - 图片下载成功: False
2025-07-25 00:36:33,402 - __main__ - WARNING - 图片未下载成功: E:\Lab\redbubble_ai\backend\results\Cat_silhouette_designed_and_sold_by_NVDe_35.jpg
2025-07-25 00:36:33,402 - __main__ - ERROR - 处理商品时出错: update_task_status() takes from 2 to 7 positional arguments but 8 were given
2025-07-25 00:36:33,402 - __main__ - INFO - 正在处理第 36/118 个商品: Spirit Animal Cat designed and sold by Dan Elijah ...
2025-07-25 00:36:33,405 - download_utils - INFO - 创建结果目录: E:\Lab\redbubble_ai\backend\results
2025-07-25 00:36:33,419 - download_utils - ERROR - 下载异常: https://ih1.redbubble.net/image.771410250.0799/ra,sweatshirt,x1800,fcfcfa:e7fde99dd4,front-c,281,327,600,600-bg,f8f8f8.u3.jpg, 错误: HTTPSConnectionPool(host='ih1.redbubble.net', port=443): Max retries exceeded with url: /image.771410250.0799/ra,sweatshirt,x1800,fcfcfa:e7fde99dd4,front-c,281,327,600,600-bg,f8f8f8.u3.jpg (Caused by ProxyError('Unable to connect to proxy', FileNotFoundError(2, 'No such file or directory')))
2025-07-25 00:36:33,419 - __main__ - INFO - 图片下载成功: False
2025-07-25 00:36:33,419 - __main__ - WARNING - 图片未下载成功: E:\Lab\redbubble_ai\backend\results\Spirit_Animal_Cat_designed_and_sold_by_D_36.jpg
2025-07-25 00:36:33,419 - __main__ - ERROR - 处理商品时出错: update_task_status() takes from 2 to 7 positional arguments but 8 were given
2025-07-25 00:36:33,419 - __main__ - INFO - 正在处理第 37/118 个商品: NO Funny Cat  designed and sold by BrownHorse90s.
2025-07-25 00:36:33,423 - download_utils - INFO - 创建结果目录: E:\Lab\redbubble_ai\backend\results
2025-07-25 00:36:33,439 - download_utils - ERROR - 下载异常: https://ih1.redbubble.net/image.5883935883.3714/ssrco,classic_tee,mens_02,fafafa:ca443f4786,front,product_square,x600.jpg, 错误: HTTPSConnectionPool(host='ih1.redbubble.net', port=443): Max retries exceeded with url: /image.5883935883.3714/ssrco,classic_tee,mens_02,fafafa:ca443f4786,front,product_square,x600.jpg (Caused by ProxyError('Unable to connect to proxy', FileNotFoundError(2, 'No such file or directory')))
2025-07-25 00:36:33,439 - __main__ - INFO - 图片下载成功: False
2025-07-25 00:36:33,439 - __main__ - WARNING - 图片未下载成功: E:\Lab\redbubble_ai\backend\results\NO_Funny_Cat__designed_and_sold_by_Brown_37.jpg
2025-07-25 00:36:33,439 - __main__ - ERROR - 处理商品时出错: update_task_status() takes from 2 to 7 positional arguments but 8 were given
2025-07-25 00:36:33,439 - __main__ - INFO - 正在处理第 38/118 个商品: The Cure Cat Moon 90s Alt Indie Rock band For Men,...
2025-07-25 00:36:33,442 - download_utils - INFO - 创建结果目录: E:\Lab\redbubble_ai\backend\results
2025-07-25 00:36:33,457 - download_utils - ERROR - 下载异常: https://ih1.redbubble.net/image.5660196195.5587/ssrco,classic_tee,mens_02,101010:01c5ca27c6,front,product_square,x600.jpg, 错误: HTTPSConnectionPool(host='ih1.redbubble.net', port=443): Max retries exceeded with url: /image.5660196195.5587/ssrco,classic_tee,mens_02,101010:01c5ca27c6,front,product_square,x600.jpg (Caused by ProxyError('Unable to connect to proxy', FileNotFoundError(2, 'No such file or directory')))
2025-07-25 00:36:33,457 - __main__ - INFO - 图片下载成功: False
2025-07-25 00:36:33,457 - __main__ - WARNING - 图片未下载成功: E:\Lab\redbubble_ai\backend\results\The_Cure_Cat_Moon_90s_Alt_Indie_Rock_ban_38.jpg
2025-07-25 00:36:33,457 - __main__ - ERROR - 处理商品时出错: update_task_status() takes from 2 to 7 positional arguments but 8 were given
2025-07-25 00:36:33,457 - __main__ - INFO - 正在处理第 39/118 个商品: SCREAM MASK designed and sold by kevincharles.
2025-07-25 00:36:33,460 - download_utils - INFO - 创建结果目录: E:\Lab\redbubble_ai\backend\results
2025-07-25 00:36:33,475 - download_utils - ERROR - 下载异常: https://ih1.redbubble.net/image.5646239851.2005/ra,sweatshirt,x1800,101010:01c5ca27c6,front-c,281,327,600,600-bg,f8f8f8.u2.jpg, 错误: HTTPSConnectionPool(host='ih1.redbubble.net', port=443): Max retries exceeded with url: /image.5646239851.2005/ra,sweatshirt,x1800,101010:01c5ca27c6,front-c,281,327,600,600-bg,f8f8f8.u2.jpg (Caused by ProxyError('Unable to connect to proxy', FileNotFoundError(2, 'No such file or directory')))
2025-07-25 00:36:33,475 - __main__ - INFO - 图片下载成功: False
2025-07-25 00:36:33,475 - __main__ - WARNING - 图片未下载成功: E:\Lab\redbubble_ai\backend\results\SCREAM_MASK_designed_and_sold_by_kevinch_39.jpg
2025-07-25 00:36:33,475 - __main__ - ERROR - 处理商品时出错: update_task_status() takes from 2 to 7 positional arguments but 8 were given
2025-07-25 00:36:33,475 - __main__ - INFO - 正在处理第 40/118 个商品: Adopt A Familiar designed and sold by Steven Rhode...
2025-07-25 00:36:33,479 - download_utils - INFO - 创建结果目录: E:\Lab\redbubble_ai\backend\results
2025-07-25 00:36:33,494 - download_utils - ERROR - 下载异常: https://ih1.redbubble.net/image.2404192733.1765/ra,sweatshirt,x1800,101010:01c5ca27c6,front-c,281,327,600,600-bg,f8f8f8.jpg, 错误: HTTPSConnectionPool(host='ih1.redbubble.net', port=443): Max retries exceeded with url: /image.2404192733.1765/ra,sweatshirt,x1800,101010:01c5ca27c6,front-c,281,327,600,600-bg,f8f8f8.jpg (Caused by ProxyError('Unable to connect to proxy', FileNotFoundError(2, 'No such file or directory')))
2025-07-25 00:36:33,494 - __main__ - INFO - 图片下载成功: False
2025-07-25 00:36:33,495 - __main__ - WARNING - 图片未下载成功: E:\Lab\redbubble_ai\backend\results\Adopt_A_Familiar_designed_and_sold_by_St_40.jpg
2025-07-25 00:36:33,495 - __main__ - ERROR - 处理商品时出错: update_task_status() takes from 2 to 7 positional arguments but 8 were given
2025-07-25 00:36:33,495 - __main__ - INFO - 正在处理第 41/118 个商品: Caring For Your Demon Cat designed and sold by Ste...
2025-07-25 00:36:33,498 - download_utils - INFO - 创建结果目录: E:\Lab\redbubble_ai\backend\results
2025-07-25 00:36:33,512 - download_utils - ERROR - 下载异常: https://ih1.redbubble.net/image.725032975.8956/ssrco,classic_tee,womens_02,101010:01c5ca27c6,front,product_square,x600.1u3.jpg, 错误: HTTPSConnectionPool(host='ih1.redbubble.net', port=443): Max retries exceeded with url: /image.725032975.8956/ssrco,classic_tee,womens_02,101010:01c5ca27c6,front,product_square,x600.1u3.jpg (Caused by ProxyError('Unable to connect to proxy', FileNotFoundError(2, 'No such file or directory')))
2025-07-25 00:36:33,512 - __main__ - INFO - 图片下载成功: False
2025-07-25 00:36:33,513 - __main__ - WARNING - 图片未下载成功: E:\Lab\redbubble_ai\backend\results\Caring_For_Your_Demon_Cat_designed_and_s_41.jpg
2025-07-25 00:36:33,513 - __main__ - ERROR - 处理商品时出错: update_task_status() takes from 2 to 7 positional arguments but 8 were given
2025-07-25 00:36:33,513 - __main__ - INFO - 正在处理第 42/118 个商品: Agnetha's Cat Dress (ABBA) designed and sold by le...
2025-07-25 00:36:33,516 - download_utils - INFO - 创建结果目录: E:\Lab\redbubble_ai\backend\results
2025-07-25 00:36:33,532 - download_utils - ERROR - 下载异常: https://ih1.redbubble.net/image.5824403301.0915/ssrco,classic_tee,mens_02,fafafa:ca443f4786,front,product_square,x600.jpg, 错误: HTTPSConnectionPool(host='ih1.redbubble.net', port=443): Max retries exceeded with url: /image.5824403301.0915/ssrco,classic_tee,mens_02,fafafa:ca443f4786,front,product_square,x600.jpg (Caused by ProxyError('Unable to connect to proxy', FileNotFoundError(2, 'No such file or directory')))
2025-07-25 00:36:33,532 - __main__ - INFO - 图片下载成功: False
2025-07-25 00:36:33,532 - __main__ - WARNING - 图片未下载成功: E:\Lab\redbubble_ai\backend\results\Agnetha's_Cat_Dress_(ABBA)_designed_and__42.jpg
2025-07-25 00:36:33,532 - __main__ - ERROR - 处理商品时出错: update_task_status() takes from 2 to 7 positional arguments but 8 were given
2025-07-25 00:36:33,532 - __main__ - INFO - 正在处理第 43/118 个商品: Recipes For Children designed and sold by Steven R...
2025-07-25 00:36:33,535 - download_utils - INFO - 创建结果目录: E:\Lab\redbubble_ai\backend\results
2025-07-25 00:36:33,549 - download_utils - ERROR - 下载异常: https://ih1.redbubble.net/image.5000221684.3694/ssrco,boxy_tee,womens_01,060606:b41fecf593,front,product_square,x600.jpg, 错误: HTTPSConnectionPool(host='ih1.redbubble.net', port=443): Max retries exceeded with url: /image.5000221684.3694/ssrco,boxy_tee,womens_01,060606:b41fecf593,front,product_square,x600.jpg (Caused by ProxyError('Unable to connect to proxy', FileNotFoundError(2, 'No such file or directory')))
2025-07-25 00:36:33,550 - __main__ - INFO - 图片下载成功: False
2025-07-25 00:36:33,550 - __main__ - WARNING - 图片未下载成功: E:\Lab\redbubble_ai\backend\results\Recipes_For_Children_designed_and_sold_b_43.jpg
2025-07-25 00:36:33,550 - __main__ - ERROR - 处理商品时出错: update_task_status() takes from 2 to 7 positional arguments but 8 were given
2025-07-25 00:36:33,550 - __main__ - INFO - 正在处理第 44/118 个商品: Funny Ramen designed and sold by LucieBeeArt.
2025-07-25 00:36:33,553 - download_utils - INFO - 创建结果目录: E:\Lab\redbubble_ai\backend\results
2025-07-25 00:36:33,568 - download_utils - ERROR - 下载异常: https://ih1.redbubble.net/image.5320684920.2971/ssrco,classic_tee,womens_02,101010:01c5ca27c6,front,product_square,x600.1.jpg, 错误: HTTPSConnectionPool(host='ih1.redbubble.net', port=443): Max retries exceeded with url: /image.5320684920.2971/ssrco,classic_tee,womens_02,101010:01c5ca27c6,front,product_square,x600.1.jpg (Caused by ProxyError('Unable to connect to proxy', FileNotFoundError(2, 'No such file or directory')))
2025-07-25 00:36:33,568 - __main__ - INFO - 图片下载成功: False
2025-07-25 00:36:33,568 - __main__ - WARNING - 图片未下载成功: E:\Lab\redbubble_ai\backend\results\Funny_Ramen_designed_and_sold_by_LucieBe_44.jpg
2025-07-25 00:36:33,568 - __main__ - ERROR - 处理商品时出错: update_task_status() takes from 2 to 7 positional arguments but 8 were given
2025-07-25 00:36:33,568 - __main__ - INFO - 正在处理第 45/118 个商品: Jonesy The Space Cat  designed and sold by sachpic...
2025-07-25 00:36:33,571 - download_utils - INFO - 创建结果目录: E:\Lab\redbubble_ai\backend\results
2025-07-25 00:36:33,576 - download_utils - ERROR - 下载异常: https://ih1.redbubble.net/image.5715903492.6917/ssrco,essential_tee,womens_01,101010:01c5ca27c6,front,product_square,x600.1.jpg, 错误: HTTPSConnectionPool(host='ih1.redbubble.net', port=443): Max retries exceeded with url: /image.5715903492.6917/ssrco,essential_tee,womens_01,101010:01c5ca27c6,front,product_square,x600.1.jpg (Caused by ProxyError('Unable to connect to proxy', FileNotFoundError(2, 'No such file or directory')))
2025-07-25 00:36:33,576 - __main__ - INFO - 图片下载成功: False
2025-07-25 00:36:33,576 - __main__ - WARNING - 图片未下载成功: E:\Lab\redbubble_ai\backend\results\Jonesy_The_Space_Cat__designed_and_sold__45.jpg
2025-07-25 00:36:33,576 - __main__ - ERROR - 处理商品时出错: update_task_status() takes from 2 to 7 positional arguments but 8 were given
2025-07-25 00:36:33,576 - __main__ - INFO - 正在处理第 46/118 个商品: Jaws - Paws, funny cat catching a mouse designed a...
2025-07-25 00:36:33,579 - download_utils - INFO - 创建结果目录: E:\Lab\redbubble_ai\backend\results
2025-07-25 00:36:33,593 - download_utils - ERROR - 下载异常: https://ih1.redbubble.net/image.5836453925.2081/ssrco,classic_tee,mens_02,0d162e:9880ee6111,front,product_square,x600.u1.jpg, 错误: HTTPSConnectionPool(host='ih1.redbubble.net', port=443): Max retries exceeded with url: /image.5836453925.2081/ssrco,classic_tee,mens_02,0d162e:9880ee6111,front,product_square,x600.u1.jpg (Caused by ProxyError('Unable to connect to proxy', FileNotFoundError(2, 'No such file or directory')))
2025-07-25 00:36:33,593 - __main__ - INFO - 图片下载成功: False
2025-07-25 00:36:33,594 - __main__ - WARNING - 图片未下载成功: E:\Lab\redbubble_ai\backend\results\Jaws_-_Paws,_funny_cat_catching_a_mouse__46.jpg
2025-07-25 00:36:33,594 - __main__ - ERROR - 处理商品时出错: update_task_status() takes from 2 to 7 positional arguments but 8 were given
2025-07-25 00:36:33,594 - __main__ - INFO - 正在处理第 47/118 个商品: Anni-Frid’s Cat Dress (ABBA) designed and sold by ...
2025-07-25 00:36:33,597 - download_utils - INFO - 创建结果目录: E:\Lab\redbubble_ai\backend\results
2025-07-25 00:36:33,611 - download_utils - ERROR - 下载异常: https://ih1.redbubble.net/image.5824401771.0868/ssrco,classic_tee,mens_02,fafafa:ca443f4786,front,product_square,x600.jpg, 错误: HTTPSConnectionPool(host='ih1.redbubble.net', port=443): Max retries exceeded with url: /image.5824401771.0868/ssrco,classic_tee,mens_02,fafafa:ca443f4786,front,product_square,x600.jpg (Caused by ProxyError('Unable to connect to proxy', FileNotFoundError(2, 'No such file or directory')))
2025-07-25 00:36:33,611 - __main__ - INFO - 图片下载成功: False
2025-07-25 00:36:33,612 - __main__ - WARNING - 图片未下载成功: E:\Lab\redbubble_ai\backend\results\Anni-Frid’s_Cat_Dress_(ABBA)_designed_an_47.jpg
2025-07-25 00:36:33,612 - __main__ - ERROR - 处理商品时出错: update_task_status() takes from 2 to 7 positional arguments but 8 were given
2025-07-25 00:36:33,612 - __main__ - INFO - 正在处理第 48/118 个商品: The Purrfect Alien  designed and sold by TigaTiga.
2025-07-25 00:36:33,615 - download_utils - INFO - 创建结果目录: E:\Lab\redbubble_ai\backend\results
2025-07-25 00:36:33,630 - download_utils - ERROR - 下载异常: https://ih1.redbubble.net/image.1200446472.2356/ssrco,boxy_tee,womens_01,ffffff:affd82b53f,front,product_square,x600.jpg, 错误: HTTPSConnectionPool(host='ih1.redbubble.net', port=443): Max retries exceeded with url: /image.1200446472.2356/ssrco,boxy_tee,womens_01,ffffff:affd82b53f,front,product_square,x600.jpg (Caused by ProxyError('Unable to connect to proxy', FileNotFoundError(2, 'No such file or directory')))
2025-07-25 00:36:33,630 - __main__ - INFO - 图片下载成功: False
2025-07-25 00:36:33,630 - __main__ - WARNING - 图片未下载成功: E:\Lab\redbubble_ai\backend\results\The_Purrfect_Alien__designed_and_sold_by_48.jpg
2025-07-25 00:36:33,630 - __main__ - ERROR - 处理商品时出错: update_task_status() takes from 2 to 7 positional arguments but 8 were given
2025-07-25 00:36:33,630 - __main__ - INFO - 正在处理第 49/118 个商品: Bottled Menace - Evil Black Cat designed and sold ...
2025-07-25 00:36:33,633 - download_utils - INFO - 创建结果目录: E:\Lab\redbubble_ai\backend\results
2025-07-25 00:36:33,648 - download_utils - ERROR - 下载异常: https://ih1.redbubble.net/image.4804011655.4815/ssrco,classic_tee,mens_02,101010:01c5ca27c6,front,product_square,x600.u2.jpg, 错误: HTTPSConnectionPool(host='ih1.redbubble.net', port=443): Max retries exceeded with url: /image.4804011655.4815/ssrco,classic_tee,mens_02,101010:01c5ca27c6,front,product_square,x600.u2.jpg (Caused by ProxyError('Unable to connect to proxy', FileNotFoundError(2, 'No such file or directory')))
2025-07-25 00:36:33,649 - __main__ - INFO - 图片下载成功: False
2025-07-25 00:36:33,649 - __main__ - WARNING - 图片未下载成功: E:\Lab\redbubble_ai\backend\results\Bottled_Menace_-_Evil_Black_Cat_designed_49.jpg
2025-07-25 00:36:33,649 - __main__ - ERROR - 处理商品时出错: update_task_status() takes from 2 to 7 positional arguments but 8 were given
2025-07-25 00:36:33,649 - __main__ - INFO - 正在处理第 50/118 个商品: Too Lazy to Be Purr-fect – Funny Cat Quote designe...
2025-07-25 00:36:33,653 - download_utils - INFO - 创建结果目录: E:\Lab\redbubble_ai\backend\results
2025-07-25 00:36:33,668 - download_utils - ERROR - 下载异常: https://ih1.redbubble.net/image.5883282535.1906/ssrco,classic_tee,womens_02,101010:01c5ca27c6,front,product_square,x600.1.jpg, 错误: HTTPSConnectionPool(host='ih1.redbubble.net', port=443): Max retries exceeded with url: /image.5883282535.1906/ssrco,classic_tee,womens_02,101010:01c5ca27c6,front,product_square,x600.1.jpg (Caused by ProxyError('Unable to connect to proxy', FileNotFoundError(2, 'No such file or directory')))
2025-07-25 00:36:33,669 - __main__ - INFO - 图片下载成功: False
2025-07-25 00:36:33,669 - __main__ - WARNING - 图片未下载成功: E:\Lab\redbubble_ai\backend\results\Too_Lazy_to_Be_Purr-fect_–_Funny_Cat_Quo_50.jpg
2025-07-25 00:36:33,669 - __main__ - ERROR - 处理商品时出错: update_task_status() takes from 2 to 7 positional arguments but 8 were given
2025-07-25 00:36:33,669 - __main__ - INFO - 正在处理第 51/118 个商品: I saw that cat  designed and sold by art.paperplan...
2025-07-25 00:36:33,673 - download_utils - INFO - 创建结果目录: E:\Lab\redbubble_ai\backend\results
2025-07-25 00:36:33,687 - download_utils - ERROR - 下载异常: https://ih1.redbubble.net/image.5883379951.4964/ssrco,classic_tee,mens_02,fafafa:ca443f4786,front,product_square,x600.jpg, 错误: HTTPSConnectionPool(host='ih1.redbubble.net', port=443): Max retries exceeded with url: /image.5883379951.4964/ssrco,classic_tee,mens_02,fafafa:ca443f4786,front,product_square,x600.jpg (Caused by ProxyError('Unable to connect to proxy', FileNotFoundError(2, 'No such file or directory')))
2025-07-25 00:36:33,687 - __main__ - INFO - 图片下载成功: False
2025-07-25 00:36:33,688 - __main__ - WARNING - 图片未下载成功: E:\Lab\redbubble_ai\backend\results\I_saw_that_cat__designed_and_sold_by_art_51.jpg
2025-07-25 00:36:33,688 - __main__ - ERROR - 处理商品时出错: update_task_status() takes from 2 to 7 positional arguments but 8 were given
2025-07-25 00:36:33,688 - __main__ - INFO - 正在处理第 52/118 个商品: Fast and Furious designed and sold by LucieBeeArt.
2025-07-25 00:36:33,691 - download_utils - INFO - 创建结果目录: E:\Lab\redbubble_ai\backend\results
2025-07-25 00:36:33,705 - download_utils - ERROR - 下载异常: https://ih1.redbubble.net/image.5320677262.3012/ssrco,classic_tee,mens_02,fafafa:ca443f4786,front,product_square,x600.jpg, 错误: HTTPSConnectionPool(host='ih1.redbubble.net', port=443): Max retries exceeded with url: /image.5320677262.3012/ssrco,classic_tee,mens_02,fafafa:ca443f4786,front,product_square,x600.jpg (Caused by ProxyError('Unable to connect to proxy', FileNotFoundError(2, 'No such file or directory')))
2025-07-25 00:36:33,705 - __main__ - INFO - 图片下载成功: False
2025-07-25 00:36:33,705 - __main__ - WARNING - 图片未下载成功: E:\Lab\redbubble_ai\backend\results\Fast_and_Furious_designed_and_sold_by_Lu_52.jpg
2025-07-25 00:36:33,706 - __main__ - ERROR - 处理商品时出错: update_task_status() takes from 2 to 7 positional arguments but 8 were given
2025-07-25 00:36:33,706 - __main__ - INFO - 正在处理第 53/118 个商品: Ukiyo e Samurai Cat  designed and sold by TheSamur...
2025-07-25 00:36:33,709 - download_utils - INFO - 创建结果目录: E:\Lab\redbubble_ai\backend\results
2025-07-25 00:36:33,724 - download_utils - ERROR - 下载异常: https://ih1.redbubble.net/image.5829357390.1754/ssrco,essential_tee,womens_01,101010:01c5ca27c6,front,product_square,x600.1u2.jpg, 错误: HTTPSConnectionPool(host='ih1.redbubble.net', port=443): Max retries exceeded with url: /image.5829357390.1754/ssrco,essential_tee,womens_01,101010:01c5ca27c6,front,product_square,x600.1u2.jpg (Caused by ProxyError('Unable to connect to proxy', FileNotFoundError(2, 'No such file or directory')))
2025-07-25 00:36:33,724 - __main__ - INFO - 图片下载成功: False
2025-07-25 00:36:33,724 - __main__ - WARNING - 图片未下载成功: E:\Lab\redbubble_ai\backend\results\Ukiyo_e_Samurai_Cat__designed_and_sold_b_53.jpg
2025-07-25 00:36:33,724 - __main__ - ERROR - 处理商品时出错: update_task_status() takes from 2 to 7 positional arguments but 8 were given
2025-07-25 00:36:33,724 - __main__ - INFO - 正在处理第 54/118 个商品: Disrespect Your Surroundings! (ORIGINAL) designed ...
2025-07-25 00:36:33,728 - download_utils - INFO - 创建结果目录: E:\Lab\redbubble_ai\backend\results
2025-07-25 00:36:33,744 - download_utils - ERROR - 下载异常: https://ih1.redbubble.net/image.5620080462.7257/ra,tank,x1860,101010:01c5ca27c6,front-c,288,321,600,600-bg,f8f8f8.jpg, 错误: HTTPSConnectionPool(host='ih1.redbubble.net', port=443): Max retries exceeded with url: /image.5620080462.7257/ra,tank,x1860,101010:01c5ca27c6,front-c,288,321,600,600-bg,f8f8f8.jpg (Caused by ProxyError('Unable to connect to proxy', FileNotFoundError(2, 'No such file or directory')))
2025-07-25 00:36:33,744 - __main__ - INFO - 图片下载成功: False
2025-07-25 00:36:33,744 - __main__ - WARNING - 图片未下载成功: E:\Lab\redbubble_ai\backend\results\Disrespect_Your_Surroundings!_(ORIGINAL)_54.jpg
2025-07-25 00:36:33,744 - __main__ - ERROR - 处理商品时出错: update_task_status() takes from 2 to 7 positional arguments but 8 were given
2025-07-25 00:36:33,744 - __main__ - INFO - 正在处理第 55/118 个商品: Swedish Folk Cats designed and sold by kostolom300...
2025-07-25 00:36:33,747 - download_utils - INFO - 创建结果目录: E:\Lab\redbubble_ai\backend\results
2025-07-25 00:36:33,762 - download_utils - ERROR - 下载异常: https://ih1.redbubble.net/image.415475307.3864/ssrco,classic_tee,womens_02,heather_denim,front,product_square,x600.1u5.jpg, 错误: HTTPSConnectionPool(host='ih1.redbubble.net', port=443): Max retries exceeded with url: /image.415475307.3864/ssrco,classic_tee,womens_02,heather_denim,front,product_square,x600.1u5.jpg (Caused by ProxyError('Unable to connect to proxy', FileNotFoundError(2, 'No such file or directory')))
2025-07-25 00:36:33,762 - __main__ - INFO - 图片下载成功: False
2025-07-25 00:36:33,762 - __main__ - WARNING - 图片未下载成功: E:\Lab\redbubble_ai\backend\results\Swedish_Folk_Cats_designed_and_sold_by_k_55.jpg
2025-07-25 00:36:33,762 - __main__ - ERROR - 处理商品时出错: update_task_status() takes from 2 to 7 positional arguments but 8 were given
2025-07-25 00:36:33,762 - __main__ - INFO - 正在处理第 56/118 个商品: Meowy Christmas designed and sold by irmirx.
2025-07-25 00:36:33,765 - download_utils - INFO - 创建结果目录: E:\Lab\redbubble_ai\backend\results
2025-07-25 00:36:33,770 - download_utils - ERROR - 下载异常: https://ih1.redbubble.net/image.463275449.9350/ssrco,lightweight_sweatshirt,womens,heather_dark_grey,front,square_product,x600-bg,f8f8f8.1.jpg, 错误: HTTPSConnectionPool(host='ih1.redbubble.net', port=443): Max retries exceeded with url: /image.463275449.9350/ssrco,lightweight_sweatshirt,womens,heather_dark_grey,front,square_product,x600-bg,f8f8f8.1.jpg (Caused by ProxyError('Unable to connect to proxy', FileNotFoundError(2, 'No such file or directory')))
2025-07-25 00:36:33,770 - __main__ - INFO - 图片下载成功: False
2025-07-25 00:36:33,770 - __main__ - WARNING - 图片未下载成功: E:\Lab\redbubble_ai\backend\results\Meowy_Christmas_designed_and_sold_by_irm_56.jpg
2025-07-25 00:36:33,770 - __main__ - ERROR - 处理商品时出错: update_task_status() takes from 2 to 7 positional arguments but 8 were given
2025-07-25 00:36:33,770 - __main__ - INFO - 正在处理第 57/118 个商品: Catzilla designed and sold by Le-Freak.
2025-07-25 00:36:33,773 - download_utils - INFO - 创建结果目录: E:\Lab\redbubble_ai\backend\results
2025-07-25 00:36:33,788 - download_utils - ERROR - 下载异常: https://ih1.redbubble.net/image.2418474740.7442/ssrco,essential_tee,womens_01,101010:01c5ca27c6,front,product_square,x600.1u6.jpg, 错误: HTTPSConnectionPool(host='ih1.redbubble.net', port=443): Max retries exceeded with url: /image.2418474740.7442/ssrco,essential_tee,womens_01,101010:01c5ca27c6,front,product_square,x600.1u6.jpg (Caused by ProxyError('Unable to connect to proxy', FileNotFoundError(2, 'No such file or directory')))
2025-07-25 00:36:33,788 - __main__ - INFO - 图片下载成功: False
2025-07-25 00:36:33,788 - __main__ - WARNING - 图片未下载成功: E:\Lab\redbubble_ai\backend\results\Catzilla_designed_and_sold_by_Le-Freak._57.jpg
2025-07-25 00:36:33,788 - __main__ - ERROR - 处理商品时出错: update_task_status() takes from 2 to 7 positional arguments but 8 were given
2025-07-25 00:36:33,788 - __main__ - INFO - 正在处理第 58/118 个商品: PURRFECT CREATION: And GOD Created Cats designed a...
2025-07-25 00:36:33,791 - download_utils - INFO - 创建结果目录: E:\Lab\redbubble_ai\backend\results
2025-07-25 00:36:33,806 - download_utils - ERROR - 下载异常: https://ih1.redbubble.net/image.5537591741.8681/ssrco,classic_tee,mens_02,101010:01c5ca27c6,front,product_square,x600.jpg, 错误: HTTPSConnectionPool(host='ih1.redbubble.net', port=443): Max retries exceeded with url: /image.5537591741.8681/ssrco,classic_tee,mens_02,101010:01c5ca27c6,front,product_square,x600.jpg (Caused by ProxyError('Unable to connect to proxy', FileNotFoundError(2, 'No such file or directory')))
2025-07-25 00:36:33,806 - __main__ - INFO - 图片下载成功: False
2025-07-25 00:36:33,806 - __main__ - WARNING - 图片未下载成功: E:\Lab\redbubble_ai\backend\results\PURRFECT_CREATION_And_GOD_Created_Cats_d_58.jpg
2025-07-25 00:36:33,806 - __main__ - ERROR - 处理商品时出错: update_task_status() takes from 2 to 7 positional arguments but 8 were given
2025-07-25 00:36:33,806 - __main__ - INFO - 正在处理第 59/118 个商品: nu metal music band designed and sold by serriltow...
2025-07-25 00:36:33,809 - download_utils - INFO - 创建结果目录: E:\Lab\redbubble_ai\backend\results
2025-07-25 00:36:33,815 - download_utils - ERROR - 下载异常: https://ih1.redbubble.net/image.5646846018.0025/ssrco,classic_tee,mens_02,101010:01c5ca27c6,front,product_square,x600.jpg, 错误: HTTPSConnectionPool(host='ih1.redbubble.net', port=443): Max retries exceeded with url: /image.5646846018.0025/ssrco,classic_tee,mens_02,101010:01c5ca27c6,front,product_square,x600.jpg (Caused by ProxyError('Unable to connect to proxy', FileNotFoundError(2, 'No such file or directory')))
2025-07-25 00:36:33,815 - __main__ - INFO - 图片下载成功: False
2025-07-25 00:36:33,815 - __main__ - WARNING - 图片未下载成功: E:\Lab\redbubble_ai\backend\results\nu_metal_music_band_designed_and_sold_by_59.jpg
2025-07-25 00:36:33,815 - __main__ - ERROR - 处理商品时出错: update_task_status() takes from 2 to 7 positional arguments but 8 were given
2025-07-25 00:36:33,815 - __main__ - INFO - 正在处理第 60/118 个商品: Lesbians Eat What?! Funny Cat Gay Pride LGBTQ Pun ...
2025-07-25 00:36:33,818 - download_utils - INFO - 创建结果目录: E:\Lab\redbubble_ai\backend\results
2025-07-25 00:36:33,833 - download_utils - ERROR - 下载异常: https://ih1.redbubble.net/image.5817733044.3384/ssrco,classic_tee,mens_02,101010:01c5ca27c6,front,product_square,x600.jpg, 错误: HTTPSConnectionPool(host='ih1.redbubble.net', port=443): Max retries exceeded with url: /image.5817733044.3384/ssrco,classic_tee,mens_02,101010:01c5ca27c6,front,product_square,x600.jpg (Caused by ProxyError('Unable to connect to proxy', FileNotFoundError(2, 'No such file or directory')))
2025-07-25 00:36:33,833 - __main__ - INFO - 图片下载成功: False
2025-07-25 00:36:33,834 - __main__ - WARNING - 图片未下载成功: E:\Lab\redbubble_ai\backend\results\Lesbians_Eat_What!_Funny_Cat_Gay_Pride_L_60.jpg
2025-07-25 00:36:33,834 - __main__ - ERROR - 处理商品时出错: update_task_status() takes from 2 to 7 positional arguments but 8 were given
2025-07-25 00:36:33,834 - __main__ - INFO - 正在处理第 61/118 个商品: Cute Cat Riding Unicorn - Giddy Up, There’s Chaos ...
2025-07-25 00:36:33,837 - download_utils - INFO - 创建结果目录: E:\Lab\redbubble_ai\backend\results
2025-07-25 00:36:33,851 - download_utils - ERROR - 下载异常: https://ih1.redbubble.net/image.5413505811.1664/ssrco,classic_tee,womens_02,fafafa:ca443f4786,front,product_square,x600.1.jpg, 错误: HTTPSConnectionPool(host='ih1.redbubble.net', port=443): Max retries exceeded with url: /image.5413505811.1664/ssrco,classic_tee,womens_02,fafafa:ca443f4786,front,product_square,x600.1.jpg (Caused by ProxyError('Unable to connect to proxy', FileNotFoundError(2, 'No such file or directory')))
2025-07-25 00:36:33,851 - __main__ - INFO - 图片下载成功: False
2025-07-25 00:36:33,851 - __main__ - WARNING - 图片未下载成功: E:\Lab\redbubble_ai\backend\results\Cute_Cat_Riding_Unicorn_-_Giddy_Up,_Ther_61.jpg
2025-07-25 00:36:33,851 - __main__ - ERROR - 处理商品时出错: update_task_status() takes from 2 to 7 positional arguments but 8 were given
2025-07-25 00:36:33,851 - __main__ - INFO - 正在处理第 62/118 个商品: Death Rides A Black Cat designed and sold by obins...
2025-07-25 00:36:33,855 - download_utils - INFO - 创建结果目录: E:\Lab\redbubble_ai\backend\results
2025-07-25 00:36:33,869 - download_utils - ERROR - 下载异常: https://ih1.redbubble.net/image.4981122605.1846/ssrco,mhoodie,mens,101010:01c5ca27c6,front,square_product,x600-bg,f8f8f8.1u2.jpg, 错误: HTTPSConnectionPool(host='ih1.redbubble.net', port=443): Max retries exceeded with url: /image.4981122605.1846/ssrco,mhoodie,mens,101010:01c5ca27c6,front,square_product,x600-bg,f8f8f8.1u2.jpg (Caused by ProxyError('Unable to connect to proxy', FileNotFoundError(2, 'No such file or directory')))
2025-07-25 00:36:33,869 - __main__ - INFO - 图片下载成功: False
2025-07-25 00:36:33,870 - __main__ - WARNING - 图片未下载成功: E:\Lab\redbubble_ai\backend\results\Death_Rides_A_Black_Cat_designed_and_sol_62.jpg
2025-07-25 00:36:33,870 - __main__ - ERROR - 处理商品时出错: update_task_status() takes from 2 to 7 positional arguments but 8 were given
2025-07-25 00:36:33,870 - __main__ - INFO - 正在处理第 63/118 个商品: CAT STARRY NIGHT designed and sold by Sameart ⭐⭐⭐⭐...
2025-07-25 00:36:33,873 - download_utils - INFO - 创建结果目录: E:\Lab\redbubble_ai\backend\results
2025-07-25 00:36:33,887 - download_utils - ERROR - 下载异常: https://ih1.redbubble.net/image.4859933708.5736/ssrco,classic_tee,mens_02,101010:01c5ca27c6,front,product_square,x600.u4.jpg, 错误: HTTPSConnectionPool(host='ih1.redbubble.net', port=443): Max retries exceeded with url: /image.4859933708.5736/ssrco,classic_tee,mens_02,101010:01c5ca27c6,front,product_square,x600.u4.jpg (Caused by ProxyError('Unable to connect to proxy', FileNotFoundError(2, 'No such file or directory')))
2025-07-25 00:36:33,887 - __main__ - INFO - 图片下载成功: False
2025-07-25 00:36:33,887 - __main__ - WARNING - 图片未下载成功: E:\Lab\redbubble_ai\backend\results\CAT_STARRY_NIGHT_designed_and_sold_by_Sa_63.jpg
2025-07-25 00:36:33,887 - __main__ - ERROR - 处理商品时出错: update_task_status() takes from 2 to 7 positional arguments but 8 were given
2025-07-25 00:36:33,887 - __main__ - INFO - 正在处理第 64/118 个商品: Comrade Garf designed and sold by KennMila.
2025-07-25 00:36:33,890 - download_utils - INFO - 创建结果目录: E:\Lab\redbubble_ai\backend\results
2025-07-25 00:36:33,905 - download_utils - ERROR - 下载异常: https://ih1.redbubble.net/image.1577749156.7920/ssrco,oversize_tee,mens,ffffff:affd82b53f,front,product_square,x600.jpg, 错误: HTTPSConnectionPool(host='ih1.redbubble.net', port=443): Max retries exceeded with url: /image.1577749156.7920/ssrco,oversize_tee,mens,ffffff:affd82b53f,front,product_square,x600.jpg (Caused by ProxyError('Unable to connect to proxy', FileNotFoundError(2, 'No such file or directory')))
2025-07-25 00:36:33,905 - __main__ - INFO - 图片下载成功: False
2025-07-25 00:36:33,905 - __main__ - WARNING - 图片未下载成功: E:\Lab\redbubble_ai\backend\results\Comrade_Garf_designed_and_sold_by_KennMi_64.jpg
2025-07-25 00:36:33,905 - __main__ - ERROR - 处理商品时出错: update_task_status() takes from 2 to 7 positional arguments but 8 were given
2025-07-25 00:36:33,905 - __main__ - INFO - 正在处理第 65/118 个商品: Ew People designed and sold by artworkbyrihen.
2025-07-25 00:36:33,909 - download_utils - INFO - 创建结果目录: E:\Lab\redbubble_ai\backend\results
2025-07-25 00:36:33,925 - download_utils - ERROR - 下载异常: https://ih1.redbubble.net/image.1759530235.6233/ssrco,classic_tee,mens_02,101010:01c5ca27c6,front,product_square,x600.jpg, 错误: HTTPSConnectionPool(host='ih1.redbubble.net', port=443): Max retries exceeded with url: /image.1759530235.6233/ssrco,classic_tee,mens_02,101010:01c5ca27c6,front,product_square,x600.jpg (Caused by ProxyError('Unable to connect to proxy', FileNotFoundError(2, 'No such file or directory')))
2025-07-25 00:36:33,925 - __main__ - INFO - 图片下载成功: False
2025-07-25 00:36:33,925 - __main__ - WARNING - 图片未下载成功: E:\Lab\redbubble_ai\backend\results\Ew_People_designed_and_sold_by_artworkby_65.jpg
2025-07-25 00:36:33,925 - __main__ - ERROR - 处理商品时出错: update_task_status() takes from 2 to 7 positional arguments but 8 were given
2025-07-25 00:36:33,925 - __main__ - INFO - 正在处理第 66/118 个商品: Pussy Power Funny Cat designed and sold by Tomasau...
2025-07-25 00:36:33,929 - download_utils - INFO - 创建结果目录: E:\Lab\redbubble_ai\backend\results
2025-07-25 00:36:33,946 - download_utils - ERROR - 下载异常: https://ih1.redbubble.net/image.5509481884.9305/ssrco,essential_tee,mens_01,101010:01c5ca27c6,front,product_square,x600.jpg, 错误: HTTPSConnectionPool(host='ih1.redbubble.net', port=443): Max retries exceeded with url: /image.5509481884.9305/ssrco,essential_tee,mens_01,101010:01c5ca27c6,front,product_square,x600.jpg (Caused by ProxyError('Unable to connect to proxy', FileNotFoundError(2, 'No such file or directory')))
2025-07-25 00:36:33,947 - __main__ - INFO - 图片下载成功: False
2025-07-25 00:36:33,947 - __main__ - WARNING - 图片未下载成功: E:\Lab\redbubble_ai\backend\results\Pussy_Power_Funny_Cat_designed_and_sold__66.jpg
2025-07-25 00:36:33,947 - __main__ - ERROR - 处理商品时出错: update_task_status() takes from 2 to 7 positional arguments but 8 were given
2025-07-25 00:36:33,947 - __main__ - INFO - 正在处理第 67/118 个商品: American Shorthair happy designed and sold by Toru...
2025-07-25 00:36:33,951 - download_utils - INFO - 创建结果目录: E:\Lab\redbubble_ai\backend\results
2025-07-25 00:36:33,958 - download_utils - ERROR - 下载异常: https://ih1.redbubble.net/image.118555183.5061/ssrco,essential_tee,mens_01,fafafa:ca443f4786,front,product_square,x600.u3.jpg, 错误: HTTPSConnectionPool(host='ih1.redbubble.net', port=443): Max retries exceeded with url: /image.118555183.5061/ssrco,essential_tee,mens_01,fafafa:ca443f4786,front,product_square,x600.u3.jpg (Caused by ProxyError('Unable to connect to proxy', FileNotFoundError(2, 'No such file or directory')))
2025-07-25 00:36:33,959 - __main__ - INFO - 图片下载成功: False
2025-07-25 00:36:33,959 - __main__ - WARNING - 图片未下载成功: E:\Lab\redbubble_ai\backend\results\American_Shorthair_happy_designed_and_so_67.jpg
2025-07-25 00:36:33,959 - __main__ - ERROR - 处理商品时出错: update_task_status() takes from 2 to 7 positional arguments but 8 were given
2025-07-25 00:36:33,959 - __main__ - INFO - 正在处理第 68/118 个商品: Angus Rocks designed and sold by pierolda.
2025-07-25 00:36:33,965 - download_utils - INFO - 创建结果目录: E:\Lab\redbubble_ai\backend\results
2025-07-25 00:36:33,970 - download_utils - ERROR - 下载异常: https://ih1.redbubble.net/image.763724904.4237/ssrco,essential_tee,mens_01,fafafa:ca443f4786,front,product_square,x600.u3.jpg, 错误: HTTPSConnectionPool(host='ih1.redbubble.net', port=443): Max retries exceeded with url: /image.763724904.4237/ssrco,essential_tee,mens_01,fafafa:ca443f4786,front,product_square,x600.u3.jpg (Caused by ProxyError('Unable to connect to proxy', FileNotFoundError(2, 'No such file or directory')))
2025-07-25 00:36:33,971 - __main__ - INFO - 图片下载成功: False
2025-07-25 00:36:33,971 - __main__ - WARNING - 图片未下载成功: E:\Lab\redbubble_ai\backend\results\Angus_Rocks_designed_and_sold_by_pierold_68.jpg
2025-07-25 00:36:33,971 - __main__ - ERROR - 处理商品时出错: update_task_status() takes from 2 to 7 positional arguments but 8 were given
2025-07-25 00:36:33,971 - __main__ - INFO - 正在处理第 69/118 个商品: I do not think therefore I do not am - cat meme po...
2025-07-25 00:36:33,974 - download_utils - INFO - 创建结果目录: E:\Lab\redbubble_ai\backend\results
2025-07-25 00:36:33,979 - download_utils - ERROR - 下载异常: https://ih1.redbubble.net/image.5157742005.2210/ssrco,lightweight_sweatshirt,mens,heather_mid_charcoal,front,square_product,x600-bg,f8f8f8.u1.jpg, 错误: HTTPSConnectionPool(host='ih1.redbubble.net', port=443): Max retries exceeded with url: /image.5157742005.2210/ssrco,lightweight_sweatshirt,mens,heather_mid_charcoal,front,square_product,x600-bg,f8f8f8.u1.jpg (Caused by ProxyError('Unable to connect to proxy', FileNotFoundError(2, 'No such file or directory')))
2025-07-25 00:36:33,980 - __main__ - INFO - 图片下载成功: False
2025-07-25 00:36:33,980 - __main__ - WARNING - 图片未下载成功: E:\Lab\redbubble_ai\backend\results\I_do_not_think_therefore_I_do_not_am_-_c_69.jpg
2025-07-25 00:36:33,980 - __main__ - ERROR - 处理商品时出错: update_task_status() takes from 2 to 7 positional arguments but 8 were given
2025-07-25 00:36:33,980 - __main__ - INFO - 正在处理第 70/118 个商品: Cute Cat & Bird Jinu's Pets Demons designed and so...
2025-07-25 00:36:33,985 - download_utils - INFO - 创建结果目录: E:\Lab\redbubble_ai\backend\results
2025-07-25 00:36:33,990 - download_utils - ERROR - 下载异常: https://ih1.redbubble.net/image.5873353246.6208/ssrco,classic_tee,mens_02,101010:01c5ca27c6,front,product_square,x600.jpg, 错误: HTTPSConnectionPool(host='ih1.redbubble.net', port=443): Max retries exceeded with url: /image.5873353246.6208/ssrco,classic_tee,mens_02,101010:01c5ca27c6,front,product_square,x600.jpg (Caused by ProxyError('Unable to connect to proxy', FileNotFoundError(2, 'No such file or directory')))
2025-07-25 00:36:33,990 - __main__ - INFO - 图片下载成功: False
2025-07-25 00:36:33,990 - __main__ - WARNING - 图片未下载成功: E:\Lab\redbubble_ai\backend\results\Cute_Cat_&_Bird_Jinu's_Pets_Demons_desig_70.jpg
2025-07-25 00:36:33,990 - __main__ - ERROR - 处理商品时出错: update_task_status() takes from 2 to 7 positional arguments but 8 were given
2025-07-25 00:36:33,990 - __main__ - INFO - 正在处理第 71/118 个商品: A Quiet Spooky Spot (Book Reading Monster) designe...
2025-07-25 00:36:33,993 - download_utils - INFO - 创建结果目录: E:\Lab\redbubble_ai\backend\results
2025-07-25 00:36:34,009 - download_utils - ERROR - 下载异常: https://ih1.redbubble.net/image.5650617815.9854/ssrco,classic_tee,womens_02,101010:01c5ca27c6,front,product_square,x600.1.jpg, 错误: HTTPSConnectionPool(host='ih1.redbubble.net', port=443): Max retries exceeded with url: /image.5650617815.9854/ssrco,classic_tee,womens_02,101010:01c5ca27c6,front,product_square,x600.1.jpg (Caused by ProxyError('Unable to connect to proxy', FileNotFoundError(2, 'No such file or directory')))
2025-07-25 00:36:34,009 - __main__ - INFO - 图片下载成功: False
2025-07-25 00:36:34,009 - __main__ - WARNING - 图片未下载成功: E:\Lab\redbubble_ai\backend\results\A_Quiet_Spooky_Spot_(Book_Reading_Monste_71.jpg
2025-07-25 00:36:34,009 - __main__ - ERROR - 处理商品时出错: update_task_status() takes from 2 to 7 positional arguments but 8 were given
2025-07-25 00:36:34,009 - __main__ - INFO - 正在处理第 72/118 个商品: Vintage Japanese Cat "Kawaii" Anime designed and s...
2025-07-25 00:36:34,012 - download_utils - INFO - 创建结果目录: E:\Lab\redbubble_ai\backend\results
2025-07-25 00:36:34,027 - download_utils - ERROR - 下载异常: https://ih1.redbubble.net/image.1736297705.2303/ssrco,essential_tee,womens_01,05081f:66c8590f4e,front,product_square,x600.1.jpg, 错误: HTTPSConnectionPool(host='ih1.redbubble.net', port=443): Max retries exceeded with url: /image.1736297705.2303/ssrco,essential_tee,womens_01,05081f:66c8590f4e,front,product_square,x600.1.jpg (Caused by ProxyError('Unable to connect to proxy', FileNotFoundError(2, 'No such file or directory')))
2025-07-25 00:36:34,027 - __main__ - INFO - 图片下载成功: False
2025-07-25 00:36:34,027 - __main__ - WARNING - 图片未下载成功: E:\Lab\redbubble_ai\backend\results\Vintage_Japanese_Cat_Kawaii_Anime_design_72.jpg
2025-07-25 00:36:34,028 - __main__ - ERROR - 处理商品时出错: update_task_status() takes from 2 to 7 positional arguments but 8 were given
2025-07-25 00:36:34,028 - __main__ - INFO - 正在处理第 73/118 个商品: Microplastics in Balls Funny Cat Meme Gifts design...
2025-07-25 00:36:34,031 - download_utils - INFO - 创建结果目录: E:\Lab\redbubble_ai\backend\results
2025-07-25 00:36:34,035 - download_utils - ERROR - 下载异常: https://ih1.redbubble.net/image.5693026228.7036/ssrco,oversize_tee,mens,000000:44f0b734a5,front,product_square,x600.u1.jpg, 错误: HTTPSConnectionPool(host='ih1.redbubble.net', port=443): Max retries exceeded with url: /image.5693026228.7036/ssrco,oversize_tee,mens,000000:44f0b734a5,front,product_square,x600.u1.jpg (Caused by ProxyError('Unable to connect to proxy', FileNotFoundError(2, 'No such file or directory')))
2025-07-25 00:36:34,035 - __main__ - INFO - 图片下载成功: False
2025-07-25 00:36:34,035 - __main__ - WARNING - 图片未下载成功: E:\Lab\redbubble_ai\backend\results\Microplastics_in_Balls_Funny_Cat_Meme_Gi_73.jpg
2025-07-25 00:36:34,035 - __main__ - ERROR - 处理商品时出错: update_task_status() takes from 2 to 7 positional arguments but 8 were given
2025-07-25 00:36:34,036 - __main__ - INFO - 正在处理第 74/118 个商品: Soot studio ghibli designed and sold by LucieBeeAr...
2025-07-25 00:36:34,038 - download_utils - INFO - 创建结果目录: E:\Lab\redbubble_ai\backend\results
2025-07-25 00:36:34,043 - download_utils - ERROR - 下载异常: https://ih1.redbubble.net/image.5303477256.6152/ra,sweatshirt,x1800,fcfcfa:e7fde99dd4,front-c,281,327,600,600-bg,f8f8f8.u1.jpg, 错误: HTTPSConnectionPool(host='ih1.redbubble.net', port=443): Max retries exceeded with url: /image.5303477256.6152/ra,sweatshirt,x1800,fcfcfa:e7fde99dd4,front-c,281,327,600,600-bg,f8f8f8.u1.jpg (Caused by ProxyError('Unable to connect to proxy', FileNotFoundError(2, 'No such file or directory')))
2025-07-25 00:36:34,043 - __main__ - INFO - 图片下载成功: False
2025-07-25 00:36:34,043 - __main__ - WARNING - 图片未下载成功: E:\Lab\redbubble_ai\backend\results\Soot_studio_ghibli_designed_and_sold_by__74.jpg
2025-07-25 00:36:34,043 - __main__ - ERROR - 处理商品时出错: update_task_status() takes from 2 to 7 positional arguments but 8 were given
2025-07-25 00:36:34,043 - __main__ - INFO - 正在处理第 75/118 个商品: Ski-Doo Logo designed and sold by novinov.
2025-07-25 00:36:34,046 - download_utils - INFO - 创建结果目录: E:\Lab\redbubble_ai\backend\results
2025-07-25 00:36:34,051 - download_utils - ERROR - 下载异常: https://ih1.redbubble.net/image.1679246812.7646/ssrco,essential_tee,mens_01,101010:01c5ca27c6,front,product_square,x600.jpg, 错误: HTTPSConnectionPool(host='ih1.redbubble.net', port=443): Max retries exceeded with url: /image.1679246812.7646/ssrco,essential_tee,mens_01,101010:01c5ca27c6,front,product_square,x600.jpg (Caused by ProxyError('Unable to connect to proxy', FileNotFoundError(2, 'No such file or directory')))
2025-07-25 00:36:34,051 - __main__ - INFO - 图片下载成功: False
2025-07-25 00:36:34,051 - __main__ - WARNING - 图片未下载成功: E:\Lab\redbubble_ai\backend\results\Ski-Doo_Logo_designed_and_sold_by_novino_75.jpg
2025-07-25 00:36:34,051 - __main__ - ERROR - 处理商品时出错: update_task_status() takes from 2 to 7 positional arguments but 8 were given
2025-07-25 00:36:34,051 - __main__ - INFO - 正在处理第 76/118 个商品: Cathulhu: The feline that lurks in the shadows. de...
2025-07-25 00:36:34,054 - download_utils - INFO - 创建结果目录: E:\Lab\redbubble_ai\backend\results
2025-07-25 00:36:34,059 - download_utils - ERROR - 下载异常: https://ih1.redbubble.net/image.5352113588.4113/ssrco,classic_tee,mens_02,fafafa:ca443f4786,front,product_square,x600.jpg, 错误: HTTPSConnectionPool(host='ih1.redbubble.net', port=443): Max retries exceeded with url: /image.5352113588.4113/ssrco,classic_tee,mens_02,fafafa:ca443f4786,front,product_square,x600.jpg (Caused by ProxyError('Unable to connect to proxy', FileNotFoundError(2, 'No such file or directory')))
2025-07-25 00:36:34,059 - __main__ - INFO - 图片下载成功: False
2025-07-25 00:36:34,059 - __main__ - WARNING - 图片未下载成功: E:\Lab\redbubble_ai\backend\results\Cathulhu_The_feline_that_lurks_in_the_sh_76.jpg
2025-07-25 00:36:34,060 - __main__ - ERROR - 处理商品时出错: update_task_status() takes from 2 to 7 positional arguments but 8 were given
2025-07-25 00:36:34,060 - __main__ - INFO - 正在处理第 77/118 个商品: Freya Driving Her Cat Chariot designed and sold by...
2025-07-25 00:36:34,063 - download_utils - INFO - 创建结果目录: E:\Lab\redbubble_ai\backend\results
2025-07-25 00:36:34,077 - download_utils - ERROR - 下载异常: https://ih1.redbubble.net/image.1936628279.6996/ssrco,classic_tee,womens_02,heather_oatmeal,front,product_square,x600.1u1.jpg, 错误: HTTPSConnectionPool(host='ih1.redbubble.net', port=443): Max retries exceeded with url: /image.1936628279.6996/ssrco,classic_tee,womens_02,heather_oatmeal,front,product_square,x600.1u1.jpg (Caused by ProxyError('Unable to connect to proxy', FileNotFoundError(2, 'No such file or directory')))
2025-07-25 00:36:34,077 - __main__ - INFO - 图片下载成功: False
2025-07-25 00:36:34,077 - __main__ - WARNING - 图片未下载成功: E:\Lab\redbubble_ai\backend\results\Freya_Driving_Her_Cat_Chariot_designed_a_77.jpg
2025-07-25 00:36:34,077 - __main__ - ERROR - 处理商品时出错: update_task_status() takes from 2 to 7 positional arguments but 8 were given
2025-07-25 00:36:34,077 - __main__ - INFO - 正在处理第 78/118 个商品: Art History designed and sold by Thiago Corrêa.
2025-07-25 00:36:34,081 - download_utils - INFO - 创建结果目录: E:\Lab\redbubble_ai\backend\results
2025-07-25 00:36:34,085 - download_utils - ERROR - 下载异常: https://ih1.redbubble.net/image.1420956296.9112/ssrco,classic_tee,mens_02,fafafa:ca443f4786,front,product_square,x600.u5.jpg, 错误: HTTPSConnectionPool(host='ih1.redbubble.net', port=443): Max retries exceeded with url: /image.1420956296.9112/ssrco,classic_tee,mens_02,fafafa:ca443f4786,front,product_square,x600.u5.jpg (Caused by ProxyError('Unable to connect to proxy', FileNotFoundError(2, 'No such file or directory')))
2025-07-25 00:36:34,085 - __main__ - INFO - 图片下载成功: False
2025-07-25 00:36:34,085 - __main__ - WARNING - 图片未下载成功: E:\Lab\redbubble_ai\backend\results\Art_History_designed_and_sold_by_Thiago__78.jpg
2025-07-25 00:36:34,086 - __main__ - ERROR - 处理商品时出错: update_task_status() takes from 2 to 7 positional arguments but 8 were given
2025-07-25 00:36:34,086 - __main__ - INFO - 正在处理第 79/118 个商品: Schrodingers Cat Revenge designed and sold by t1n3...
2025-07-25 00:36:34,088 - download_utils - INFO - 创建结果目录: E:\Lab\redbubble_ai\backend\results
2025-07-25 00:36:34,103 - download_utils - ERROR - 下载异常: https://ih1.redbubble.net/image.4680830557.7897/ssrco,classic_tee,mens_02,2f4cb5:1dee1fd9b6,front,product_square,x600.jpg, 错误: HTTPSConnectionPool(host='ih1.redbubble.net', port=443): Max retries exceeded with url: /image.4680830557.7897/ssrco,classic_tee,mens_02,2f4cb5:1dee1fd9b6,front,product_square,x600.jpg (Caused by ProxyError('Unable to connect to proxy', FileNotFoundError(2, 'No such file or directory')))
2025-07-25 00:36:34,103 - __main__ - INFO - 图片下载成功: False
2025-07-25 00:36:34,103 - __main__ - WARNING - 图片未下载成功: E:\Lab\redbubble_ai\backend\results\Schrodingers_Cat_Revenge_designed_and_so_79.jpg
2025-07-25 00:36:34,103 - __main__ - ERROR - 处理商品时出错: update_task_status() takes from 2 to 7 positional arguments but 8 were given
2025-07-25 00:36:34,103 - __main__ - INFO - 正在处理第 80/118 个商品: the ameozing spider cat t - spider cat hoodies - s...
2025-07-25 00:36:34,106 - download_utils - INFO - 创建结果目录: E:\Lab\redbubble_ai\backend\results
2025-07-25 00:36:34,111 - download_utils - ERROR - 下载异常: https://ih1.redbubble.net/image.5052348119.7439/ssrco,classic_tee,womens_02,101010:01c5ca27c6,front,product_square,x600.1.jpg, 错误: HTTPSConnectionPool(host='ih1.redbubble.net', port=443): Max retries exceeded with url: /image.5052348119.7439/ssrco,classic_tee,womens_02,101010:01c5ca27c6,front,product_square,x600.1.jpg (Caused by ProxyError('Unable to connect to proxy', FileNotFoundError(2, 'No such file or directory')))
2025-07-25 00:36:34,111 - __main__ - INFO - 图片下载成功: False
2025-07-25 00:36:34,112 - __main__ - WARNING - 图片未下载成功: E:\Lab\redbubble_ai\backend\results\the_ameozing_spider_cat_t_-_spider_cat_h_80.jpg
2025-07-25 00:36:34,112 - __main__ - ERROR - 处理商品时出错: update_task_status() takes from 2 to 7 positional arguments but 8 were given
2025-07-25 00:36:34,112 - __main__ - INFO - 正在处理第 81/118 个商品: Hiss Funny Cat Lover designed and sold by BaiHeng.
2025-07-25 00:36:34,115 - download_utils - INFO - 创建结果目录: E:\Lab\redbubble_ai\backend\results
2025-07-25 00:36:34,130 - download_utils - ERROR - 下载异常: https://ih1.redbubble.net/image.2179900947.0160/ssrco,essential_tee,womens_01,101010:01c5ca27c6,front,product_square,x600.1.jpg, 错误: HTTPSConnectionPool(host='ih1.redbubble.net', port=443): Max retries exceeded with url: /image.2179900947.0160/ssrco,essential_tee,womens_01,101010:01c5ca27c6,front,product_square,x600.1.jpg (Caused by ProxyError('Unable to connect to proxy', FileNotFoundError(2, 'No such file or directory')))
2025-07-25 00:36:34,130 - __main__ - INFO - 图片下载成功: False
2025-07-25 00:36:34,130 - __main__ - WARNING - 图片未下载成功: E:\Lab\redbubble_ai\backend\results\Hiss_Funny_Cat_Lover_designed_and_sold_b_81.jpg
2025-07-25 00:36:34,130 - __main__ - ERROR - 处理商品时出错: update_task_status() takes from 2 to 7 positional arguments but 8 were given
2025-07-25 00:36:34,130 - __main__ - INFO - 正在处理第 82/118 个商品: Ronin Cat 5 designed and sold by TheSamuraiCat.
2025-07-25 00:36:34,133 - download_utils - INFO - 创建结果目录: E:\Lab\redbubble_ai\backend\results
2025-07-25 00:36:34,149 - download_utils - ERROR - 下载异常: https://ih1.redbubble.net/image.4970037273.3787/ssrco,essential_tee,womens_01,101010:01c5ca27c6,front,product_square,x600.1u2.jpg, 错误: HTTPSConnectionPool(host='ih1.redbubble.net', port=443): Max retries exceeded with url: /image.4970037273.3787/ssrco,essential_tee,womens_01,101010:01c5ca27c6,front,product_square,x600.1u2.jpg (Caused by ProxyError('Unable to connect to proxy', FileNotFoundError(2, 'No such file or directory')))
2025-07-25 00:36:34,149 - __main__ - INFO - 图片下载成功: False
2025-07-25 00:36:34,149 - __main__ - WARNING - 图片未下载成功: E:\Lab\redbubble_ai\backend\results\Ronin_Cat_5_designed_and_sold_by_TheSamu_82.jpg
2025-07-25 00:36:34,150 - __main__ - ERROR - 处理商品时出错: update_task_status() takes from 2 to 7 positional arguments but 8 were given
2025-07-25 00:36:34,150 - __main__ - INFO - 正在处理第 83/118 个商品: BOC Beachy Orange Cat 11 - BOC and His Beachy Frie...
2025-07-25 00:36:34,153 - download_utils - INFO - 创建结果目录: E:\Lab\redbubble_ai\backend\results
2025-07-25 00:36:34,168 - download_utils - ERROR - 下载异常: https://ih1.redbubble.net/image.5883857441.1097/ssrco,classic_tee,womens_02,101010:01c5ca27c6,front,product_square,x600.1.jpg, 错误: HTTPSConnectionPool(host='ih1.redbubble.net', port=443): Max retries exceeded with url: /image.5883857441.1097/ssrco,classic_tee,womens_02,101010:01c5ca27c6,front,product_square,x600.1.jpg (Caused by ProxyError('Unable to connect to proxy', FileNotFoundError(2, 'No such file or directory')))
2025-07-25 00:36:34,169 - __main__ - INFO - 图片下载成功: False
2025-07-25 00:36:34,169 - __main__ - WARNING - 图片未下载成功: E:\Lab\redbubble_ai\backend\results\BOC_Beachy_Orange_Cat_11_-_BOC_and_His_B_83.jpg
2025-07-25 00:36:34,169 - __main__ - ERROR - 处理商品时出错: update_task_status() takes from 2 to 7 positional arguments but 8 were given
2025-07-25 00:36:34,169 - __main__ - INFO - 正在处理第 84/118 个商品: Cats Against Fascists designed and sold by Kilkenn...
2025-07-25 00:36:34,173 - download_utils - INFO - 创建结果目录: E:\Lab\redbubble_ai\backend\results
2025-07-25 00:36:34,187 - download_utils - ERROR - 下载异常: https://ih1.redbubble.net/image.5585979952.9070/ssrco,classic_tee,womens_02,101010:01c5ca27c6,front,product_square,x600.1.jpg, 错误: HTTPSConnectionPool(host='ih1.redbubble.net', port=443): Max retries exceeded with url: /image.5585979952.9070/ssrco,classic_tee,womens_02,101010:01c5ca27c6,front,product_square,x600.1.jpg (Caused by ProxyError('Unable to connect to proxy', FileNotFoundError(2, 'No such file or directory')))
2025-07-25 00:36:34,187 - __main__ - INFO - 图片下载成功: False
2025-07-25 00:36:34,187 - __main__ - WARNING - 图片未下载成功: E:\Lab\redbubble_ai\backend\results\Cats_Against_Fascists_designed_and_sold__84.jpg
2025-07-25 00:36:34,188 - __main__ - ERROR - 处理商品时出错: update_task_status() takes from 2 to 7 positional arguments but 8 were given
2025-07-25 00:36:34,188 - __main__ - INFO - 正在处理第 85/118 个商品: Social Interactions Limit Reached designed and sol...
2025-07-25 00:36:34,191 - download_utils - INFO - 创建结果目录: E:\Lab\redbubble_ai\backend\results
2025-07-25 00:36:34,205 - download_utils - ERROR - 下载异常: https://ih1.redbubble.net/image.3836319063.0339/ssrco,classic_tee,mens_02,101010:01c5ca27c6,front,product_square,x600.jpg, 错误: HTTPSConnectionPool(host='ih1.redbubble.net', port=443): Max retries exceeded with url: /image.3836319063.0339/ssrco,classic_tee,mens_02,101010:01c5ca27c6,front,product_square,x600.jpg (Caused by ProxyError('Unable to connect to proxy', FileNotFoundError(2, 'No such file or directory')))
2025-07-25 00:36:34,205 - __main__ - INFO - 图片下载成功: False
2025-07-25 00:36:34,206 - __main__ - WARNING - 图片未下载成功: E:\Lab\redbubble_ai\backend\results\Social_Interactions_Limit_Reached_design_85.jpg
2025-07-25 00:36:34,206 - __main__ - ERROR - 处理商品时出错: update_task_status() takes from 2 to 7 positional arguments but 8 were given
2025-07-25 00:36:34,206 - __main__ - INFO - 正在处理第 86/118 个商品: Shinobi Cat designed and sold by vincenttrinidad.
2025-07-25 00:36:34,209 - download_utils - INFO - 创建结果目录: E:\Lab\redbubble_ai\backend\results
2025-07-25 00:36:34,213 - download_utils - ERROR - 下载异常: https://ih1.redbubble.net/image.1531095321.1518/ssrco,classic_tee,womens_02,101010:01c5ca27c6,front,product_square,x600.1.jpg, 错误: HTTPSConnectionPool(host='ih1.redbubble.net', port=443): Max retries exceeded with url: /image.1531095321.1518/ssrco,classic_tee,womens_02,101010:01c5ca27c6,front,product_square,x600.1.jpg (Caused by ProxyError('Unable to connect to proxy', FileNotFoundError(2, 'No such file or directory')))
2025-07-25 00:36:34,213 - __main__ - INFO - 图片下载成功: False
2025-07-25 00:36:34,213 - __main__ - WARNING - 图片未下载成功: E:\Lab\redbubble_ai\backend\results\Shinobi_Cat_designed_and_sold_by_vincent_86.jpg
2025-07-25 00:36:34,214 - __main__ - ERROR - 处理商品时出错: update_task_status() takes from 2 to 7 positional arguments but 8 were given
2025-07-25 00:36:34,214 - __main__ - INFO - 正在处理第 87/118 个商品: No. You do it. designed and sold by Martin Jay.
2025-07-25 00:36:34,217 - download_utils - INFO - 创建结果目录: E:\Lab\redbubble_ai\backend\results
2025-07-25 00:36:34,231 - download_utils - ERROR - 下载异常: https://ih1.redbubble.net/image.5430190723.6511/ssrco,classic_tee,mens_02,fafafa:ca443f4786,front,product_square,x600.jpg, 错误: HTTPSConnectionPool(host='ih1.redbubble.net', port=443): Max retries exceeded with url: /image.5430190723.6511/ssrco,classic_tee,mens_02,fafafa:ca443f4786,front,product_square,x600.jpg (Caused by ProxyError('Unable to connect to proxy', FileNotFoundError(2, 'No such file or directory')))
2025-07-25 00:36:34,231 - __main__ - INFO - 图片下载成功: False
2025-07-25 00:36:34,232 - __main__ - WARNING - 图片未下载成功: E:\Lab\redbubble_ai\backend\results\No._You_do_it._designed_and_sold_by_Mart_87.jpg
2025-07-25 00:36:34,232 - __main__ - ERROR - 处理商品时出错: update_task_status() takes from 2 to 7 positional arguments but 8 were given
2025-07-25 00:36:34,232 - __main__ - INFO - 正在处理第 88/118 个商品: Across The Street studio ghibli designed and sold ...
2025-07-25 00:36:34,235 - download_utils - INFO - 创建结果目录: E:\Lab\redbubble_ai\backend\results
2025-07-25 00:36:34,250 - download_utils - ERROR - 下载异常: https://ih1.redbubble.net/image.5294908429.6006/ssrco,classic_tee,womens_02,0f8c37:180c02d0db,front,product_square,x600.1u1.jpg, 错误: HTTPSConnectionPool(host='ih1.redbubble.net', port=443): Max retries exceeded with url: /image.5294908429.6006/ssrco,classic_tee,womens_02,0f8c37:180c02d0db,front,product_square,x600.1u1.jpg (Caused by ProxyError('Unable to connect to proxy', FileNotFoundError(2, 'No such file or directory')))
2025-07-25 00:36:34,250 - __main__ - INFO - 图片下载成功: False
2025-07-25 00:36:34,250 - __main__ - WARNING - 图片未下载成功: E:\Lab\redbubble_ai\backend\results\Across_The_Street_studio_ghibli_designed_88.jpg
2025-07-25 00:36:34,250 - __main__ - ERROR - 处理商品时出错: update_task_status() takes from 2 to 7 positional arguments but 8 were given
2025-07-25 00:36:34,250 - __main__ - INFO - 正在处理第 89/118 个商品: More Espresso Less Depresso Meme - Funny Coffee Ca...
2025-07-25 00:36:34,254 - download_utils - INFO - 创建结果目录: E:\Lab\redbubble_ai\backend\results
2025-07-25 00:36:34,269 - download_utils - ERROR - 下载异常: https://ih1.redbubble.net/image.5810608731.8666/ssrco,classic_tee,mens_02,101010:01c5ca27c6,front,product_square,x600.u2.jpg, 错误: HTTPSConnectionPool(host='ih1.redbubble.net', port=443): Max retries exceeded with url: /image.5810608731.8666/ssrco,classic_tee,mens_02,101010:01c5ca27c6,front,product_square,x600.u2.jpg (Caused by ProxyError('Unable to connect to proxy', FileNotFoundError(2, 'No such file or directory')))
2025-07-25 00:36:34,269 - __main__ - INFO - 图片下载成功: False
2025-07-25 00:36:34,269 - __main__ - WARNING - 图片未下载成功: E:\Lab\redbubble_ai\backend\results\More_Espresso_Less_Depresso_Meme_-_Funny_89.jpg
2025-07-25 00:36:34,269 - __main__ - ERROR - 处理商品时出错: update_task_status() takes from 2 to 7 positional arguments but 8 were given
2025-07-25 00:36:34,269 - __main__ - INFO - 正在处理第 90/118 个商品: cat ramen japan designed and sold by IAPICTURE.
2025-07-25 00:36:34,272 - download_utils - INFO - 创建结果目录: E:\Lab\redbubble_ai\backend\results
2025-07-25 00:36:34,287 - download_utils - ERROR - 下载异常: https://ih1.redbubble.net/image.5312563261.9092/ssrco,classic_tee,mens_02,fafafa:ca443f4786,front,product_square,x600.u5.jpg, 错误: HTTPSConnectionPool(host='ih1.redbubble.net', port=443): Max retries exceeded with url: /image.5312563261.9092/ssrco,classic_tee,mens_02,fafafa:ca443f4786,front,product_square,x600.u5.jpg (Caused by ProxyError('Unable to connect to proxy', FileNotFoundError(2, 'No such file or directory')))
2025-07-25 00:36:34,287 - __main__ - INFO - 图片下载成功: False
2025-07-25 00:36:34,288 - __main__ - WARNING - 图片未下载成功: E:\Lab\redbubble_ai\backend\results\cat_ramen_japan_designed_and_sold_by_IAP_90.jpg
2025-07-25 00:36:34,288 - __main__ - ERROR - 处理商品时出错: update_task_status() takes from 2 to 7 positional arguments but 8 were given
2025-07-25 00:36:34,288 - __main__ - INFO - 正在处理第 91/118 个商品: Doom Cat designed and sold by obinsun.
2025-07-25 00:36:34,292 - download_utils - INFO - 创建结果目录: E:\Lab\redbubble_ai\backend\results
2025-07-25 00:36:34,307 - download_utils - ERROR - 下载异常: https://ih1.redbubble.net/image.4946037883.1105/ssrco,classic_tee,mens_02,101010:01c5ca27c6,front,product_square,x600.u2.jpg, 错误: HTTPSConnectionPool(host='ih1.redbubble.net', port=443): Max retries exceeded with url: /image.4946037883.1105/ssrco,classic_tee,mens_02,101010:01c5ca27c6,front,product_square,x600.u2.jpg (Caused by ProxyError('Unable to connect to proxy', FileNotFoundError(2, 'No such file or directory')))
2025-07-25 00:36:34,307 - __main__ - INFO - 图片下载成功: False
2025-07-25 00:36:34,307 - __main__ - WARNING - 图片未下载成功: E:\Lab\redbubble_ai\backend\results\Doom_Cat_designed_and_sold_by_obinsun._91.jpg
2025-07-25 00:36:34,307 - __main__ - ERROR - 处理商品时出错: update_task_status() takes from 2 to 7 positional arguments but 8 were given
2025-07-25 00:36:34,307 - __main__ - INFO - 正在处理第 92/118 个商品: Yamato transport (ヤマト運輸) logo classic t shirt desi...
2025-07-25 00:36:34,310 - download_utils - INFO - 创建结果目录: E:\Lab\redbubble_ai\backend\results
2025-07-25 00:36:34,325 - download_utils - ERROR - 下载异常: https://ih1.redbubble.net/image.3463548680.1648/ssrco,essential_tee,womens_01,101010:01c5ca27c6,front,product_square,x600.1.jpg, 错误: HTTPSConnectionPool(host='ih1.redbubble.net', port=443): Max retries exceeded with url: /image.3463548680.1648/ssrco,essential_tee,womens_01,101010:01c5ca27c6,front,product_square,x600.1.jpg (Caused by ProxyError('Unable to connect to proxy', FileNotFoundError(2, 'No such file or directory')))
2025-07-25 00:36:34,325 - __main__ - INFO - 图片下载成功: False
2025-07-25 00:36:34,325 - __main__ - WARNING - 图片未下载成功: E:\Lab\redbubble_ai\backend\results\Yamato_transport_(ヤマト運輸)_logo_classic_t__92.jpg
2025-07-25 00:36:34,325 - __main__ - ERROR - 处理商品时出错: update_task_status() takes from 2 to 7 positional arguments but 8 were given
2025-07-25 00:36:34,325 - __main__ - INFO - 正在处理第 93/118 个商品: more very  hideous cats designed and sold by crest...
2025-07-25 00:36:34,329 - download_utils - INFO - 创建结果目录: E:\Lab\redbubble_ai\backend\results
2025-07-25 00:36:34,343 - download_utils - ERROR - 下载异常: https://ih1.redbubble.net/image.5884326759.6078/ssrco,classic_tee,womens_02,bed4e8:ce5f86edd7,front,product_square,x600.1.jpg, 错误: HTTPSConnectionPool(host='ih1.redbubble.net', port=443): Max retries exceeded with url: /image.5884326759.6078/ssrco,classic_tee,womens_02,bed4e8:ce5f86edd7,front,product_square,x600.1.jpg (Caused by ProxyError('Unable to connect to proxy', FileNotFoundError(2, 'No such file or directory')))
2025-07-25 00:36:34,343 - __main__ - INFO - 图片下载成功: False
2025-07-25 00:36:34,344 - __main__ - WARNING - 图片未下载成功: E:\Lab\redbubble_ai\backend\results\more_very__hideous_cats_designed_and_sol_93.jpg
2025-07-25 00:36:34,344 - __main__ - ERROR - 处理商品时出错: update_task_status() takes from 2 to 7 positional arguments but 8 were given
2025-07-25 00:36:34,344 - __main__ - INFO - 正在处理第 94/118 个商品: Cat with Wrench | Playful and Mechanically-Inspire...
2025-07-25 00:36:34,347 - download_utils - INFO - 创建结果目录: E:\Lab\redbubble_ai\backend\results
2025-07-25 00:36:34,363 - download_utils - ERROR - 下载异常: https://ih1.redbubble.net/image.5884258738.3862/ssrco,oversize_tee,mens,ffffff:affd82b53f,front,product_square,x600.jpg, 错误: HTTPSConnectionPool(host='ih1.redbubble.net', port=443): Max retries exceeded with url: /image.5884258738.3862/ssrco,oversize_tee,mens,ffffff:affd82b53f,front,product_square,x600.jpg (Caused by ProxyError('Unable to connect to proxy', FileNotFoundError(2, 'No such file or directory')))
2025-07-25 00:36:34,363 - __main__ - INFO - 图片下载成功: False
2025-07-25 00:36:34,363 - __main__ - WARNING - 图片未下载成功: E:\Lab\redbubble_ai\backend\results\Cat_with_Wrench__Playful_and_Mechanicall_94.jpg
2025-07-25 00:36:34,363 - __main__ - ERROR - 处理商品时出错: update_task_status() takes from 2 to 7 positional arguments but 8 were given
2025-07-25 00:36:34,363 - __main__ - INFO - 正在处理第 95/118 个商品: Retro Vintage Halloween Black Cat Winking Face des...
2025-07-25 00:36:34,366 - download_utils - INFO - 创建结果目录: E:\Lab\redbubble_ai\backend\results
2025-07-25 00:36:34,381 - download_utils - ERROR - 下载异常: https://ih1.redbubble.net/image.1710097570.7653/ssrco,classic_tee,womens_02,101010:01c5ca27c6,front,product_square,x600.1.jpg, 错误: HTTPSConnectionPool(host='ih1.redbubble.net', port=443): Max retries exceeded with url: /image.1710097570.7653/ssrco,classic_tee,womens_02,101010:01c5ca27c6,front,product_square,x600.1.jpg (Caused by ProxyError('Unable to connect to proxy', FileNotFoundError(2, 'No such file or directory')))
2025-07-25 00:36:34,381 - __main__ - INFO - 图片下载成功: False
2025-07-25 00:36:34,381 - __main__ - WARNING - 图片未下载成功: E:\Lab\redbubble_ai\backend\results\Retro_Vintage_Halloween_Black_Cat_Winkin_95.jpg
2025-07-25 00:36:34,381 - __main__ - ERROR - 处理商品时出错: update_task_status() takes from 2 to 7 positional arguments but 8 were given
2025-07-25 00:36:34,381 - __main__ - INFO - 正在处理第 96/118 个商品: Palestine Cat designed and sold by Riv9.
2025-07-25 00:36:34,384 - download_utils - INFO - 创建结果目录: E:\Lab\redbubble_ai\backend\results
2025-07-25 00:36:34,398 - download_utils - ERROR - 下载异常: https://ih1.redbubble.net/image.5380789671.6889/ssrco,classic_tee,mens_02,fafafa:ca443f4786,front,product_square,x600.jpg, 错误: HTTPSConnectionPool(host='ih1.redbubble.net', port=443): Max retries exceeded with url: /image.5380789671.6889/ssrco,classic_tee,mens_02,fafafa:ca443f4786,front,product_square,x600.jpg (Caused by ProxyError('Unable to connect to proxy', FileNotFoundError(2, 'No such file or directory')))
2025-07-25 00:36:34,399 - __main__ - INFO - 图片下载成功: False
2025-07-25 00:36:34,399 - __main__ - WARNING - 图片未下载成功: E:\Lab\redbubble_ai\backend\results\Palestine_Cat_designed_and_sold_by_Riv9._96.jpg
2025-07-25 00:36:34,399 - __main__ - ERROR - 处理商品时出错: update_task_status() takes from 2 to 7 positional arguments but 8 were given
2025-07-25 00:36:34,399 - __main__ - INFO - 正在处理第 97/118 个商品: FUR ANTIDEPRESSANT . Cute black cat illustration. ...
2025-07-25 00:36:34,402 - download_utils - INFO - 创建结果目录: E:\Lab\redbubble_ai\backend\results
2025-07-25 00:36:34,416 - download_utils - ERROR - 下载异常: https://ih1.redbubble.net/image.257625347.2669/ssrco,classic_tee,womens_02,heather_light_grey,front,product_square,x600.1u3.jpg, 错误: HTTPSConnectionPool(host='ih1.redbubble.net', port=443): Max retries exceeded with url: /image.257625347.2669/ssrco,classic_tee,womens_02,heather_light_grey,front,product_square,x600.1u3.jpg (Caused by ProxyError('Unable to connect to proxy', FileNotFoundError(2, 'No such file or directory')))
2025-07-25 00:36:34,416 - __main__ - INFO - 图片下载成功: False
2025-07-25 00:36:34,417 - __main__ - WARNING - 图片未下载成功: E:\Lab\redbubble_ai\backend\results\FUR_ANTIDEPRESSANT_._Cute_black_cat_illu_97.jpg
2025-07-25 00:36:34,417 - __main__ - ERROR - 处理商品时出错: update_task_status() takes from 2 to 7 positional arguments but 8 were given
2025-07-25 00:36:34,417 - __main__ - INFO - 正在处理第 98/118 个商品: A White Hole: So What is It? designed and sold by ...
2025-07-25 00:36:34,420 - download_utils - INFO - 创建结果目录: E:\Lab\redbubble_ai\backend\results
2025-07-25 00:36:34,434 - download_utils - ERROR - 下载异常: https://ih1.redbubble.net/image.662083653.7707/ssrco,essential_tee,womens_01,101010:01c5ca27c6,front,product_square,x600.1u2.jpg, 错误: HTTPSConnectionPool(host='ih1.redbubble.net', port=443): Max retries exceeded with url: /image.662083653.7707/ssrco,essential_tee,womens_01,101010:01c5ca27c6,front,product_square,x600.1u2.jpg (Caused by ProxyError('Unable to connect to proxy', FileNotFoundError(2, 'No such file or directory')))
2025-07-25 00:36:34,434 - __main__ - INFO - 图片下载成功: False
2025-07-25 00:36:34,435 - __main__ - WARNING - 图片未下载成功: E:\Lab\redbubble_ai\backend\results\A_White_Hole_So_What_is_It_designed_and__98.jpg
2025-07-25 00:36:34,435 - __main__ - ERROR - 处理商品时出错: update_task_status() takes from 2 to 7 positional arguments but 8 were given
2025-07-25 00:36:34,435 - __main__ - INFO - 正在处理第 99/118 个商品: Cat Tree by Tobe Fonseca designed and sold by Tobe...
2025-07-25 00:36:34,438 - download_utils - INFO - 创建结果目录: E:\Lab\redbubble_ai\backend\results
2025-07-25 00:36:34,443 - download_utils - ERROR - 下载异常: https://ih1.redbubble.net/image.1166109062.3936/ssrco,classic_tee,womens_02,101010:01c5ca27c6,front,product_square,x600.1.jpg, 错误: HTTPSConnectionPool(host='ih1.redbubble.net', port=443): Max retries exceeded with url: /image.1166109062.3936/ssrco,classic_tee,womens_02,101010:01c5ca27c6,front,product_square,x600.1.jpg (Caused by ProxyError('Unable to connect to proxy', FileNotFoundError(2, 'No such file or directory')))
2025-07-25 00:36:34,443 - __main__ - INFO - 图片下载成功: False
2025-07-25 00:36:34,443 - __main__ - WARNING - 图片未下载成功: E:\Lab\redbubble_ai\backend\results\Cat_Tree_by_Tobe_Fonseca_designed_and_so_99.jpg
2025-07-25 00:36:34,444 - __main__ - ERROR - 处理商品时出错: update_task_status() takes from 2 to 7 positional arguments but 8 were given
2025-07-25 00:36:34,444 - __main__ - INFO - 正在处理第 100/118 个商品: Triple Thurston Moon Cats! designed and sold by Th...
2025-07-25 00:36:34,447 - download_utils - INFO - 创建结果目录: E:\Lab\redbubble_ai\backend\results
2025-07-25 00:36:34,462 - download_utils - ERROR - 下载异常: https://ih1.redbubble.net/image.996719788.7620/ssrco,lightweight_hoodie,mens,101010:01c5ca27c6,front,square_product,x600-bg,f8f8f8.2.jpg, 错误: HTTPSConnectionPool(host='ih1.redbubble.net', port=443): Max retries exceeded with url: /image.996719788.7620/ssrco,lightweight_hoodie,mens,101010:01c5ca27c6,front,square_product,x600-bg,f8f8f8.2.jpg (Caused by ProxyError('Unable to connect to proxy', FileNotFoundError(2, 'No such file or directory')))
2025-07-25 00:36:34,462 - __main__ - INFO - 图片下载成功: False
2025-07-25 00:36:34,463 - __main__ - WARNING - 图片未下载成功: E:\Lab\redbubble_ai\backend\results\Triple_Thurston_Moon_Cats!_designed_and__100.jpg
2025-07-25 00:36:34,463 - __main__ - ERROR - 处理商品时出错: update_task_status() takes from 2 to 7 positional arguments but 8 were given
2025-07-25 00:36:34,463 - __main__ - INFO - 正在处理第 101/118 个商品: Mentally Meown Since Forever – Funny Cross-Eyed Ca...
2025-07-25 00:36:34,466 - download_utils - INFO - 创建结果目录: E:\Lab\redbubble_ai\backend\results
2025-07-25 00:36:34,480 - download_utils - ERROR - 下载异常: https://ih1.redbubble.net/image.5883818272.9714/ssrco,classic_tee,mens_02,fafafa:ca443f4786,front,product_square,x600.jpg, 错误: HTTPSConnectionPool(host='ih1.redbubble.net', port=443): Max retries exceeded with url: /image.5883818272.9714/ssrco,classic_tee,mens_02,fafafa:ca443f4786,front,product_square,x600.jpg (Caused by ProxyError('Unable to connect to proxy', FileNotFoundError(2, 'No such file or directory')))
2025-07-25 00:36:34,481 - __main__ - INFO - 图片下载成功: False
2025-07-25 00:36:34,481 - __main__ - WARNING - 图片未下载成功: E:\Lab\redbubble_ai\backend\results\Mentally_Meown_Since_Forever_–_Funny_Cro_101.jpg
2025-07-25 00:36:34,481 - __main__ - ERROR - 处理商品时出错: update_task_status() takes from 2 to 7 positional arguments but 8 were given
2025-07-25 00:36:34,481 - __main__ - INFO - 正在处理第 102/118 个商品: Cats and Metal designed and sold by obinsun.
2025-07-25 00:36:34,485 - download_utils - INFO - 创建结果目录: E:\Lab\redbubble_ai\backend\results
2025-07-25 00:36:34,499 - download_utils - ERROR - 下载异常: https://ih1.redbubble.net/image.4958335897.1588/ssrco,classic_tee,mens_02,fafafa:ca443f4786,front,product_square,x600.u4.jpg, 错误: HTTPSConnectionPool(host='ih1.redbubble.net', port=443): Max retries exceeded with url: /image.4958335897.1588/ssrco,classic_tee,mens_02,fafafa:ca443f4786,front,product_square,x600.u4.jpg (Caused by ProxyError('Unable to connect to proxy', FileNotFoundError(2, 'No such file or directory')))
2025-07-25 00:36:34,499 - __main__ - INFO - 图片下载成功: False
2025-07-25 00:36:34,499 - __main__ - WARNING - 图片未下载成功: E:\Lab\redbubble_ai\backend\results\Cats_and_Metal_designed_and_sold_by_obin_102.jpg
2025-07-25 00:36:34,499 - __main__ - ERROR - 处理商品时出错: update_task_status() takes from 2 to 7 positional arguments but 8 were given
2025-07-25 00:36:34,499 - __main__ - INFO - 正在处理第 103/118 个商品: What A Guy! designed and sold by Everdreamer.
2025-07-25 00:36:34,502 - download_utils - INFO - 创建结果目录: E:\Lab\redbubble_ai\backend\results
2025-07-25 00:36:34,507 - download_utils - ERROR - 下载异常: https://ih1.redbubble.net/image.2564689800.3789/ssrco,classic_tee,mens_02,101010:01c5ca27c6,front,product_square,x600.u2.jpg, 错误: HTTPSConnectionPool(host='ih1.redbubble.net', port=443): Max retries exceeded with url: /image.2564689800.3789/ssrco,classic_tee,mens_02,101010:01c5ca27c6,front,product_square,x600.u2.jpg (Caused by ProxyError('Unable to connect to proxy', FileNotFoundError(2, 'No such file or directory')))
2025-07-25 00:36:34,507 - __main__ - INFO - 图片下载成功: False
2025-07-25 00:36:34,507 - __main__ - WARNING - 图片未下载成功: E:\Lab\redbubble_ai\backend\results\What_A_Guy!_designed_and_sold_by_Everdre_103.jpg
2025-07-25 00:36:34,507 - __main__ - ERROR - 处理商品时出错: update_task_status() takes from 2 to 7 positional arguments but 8 were given
2025-07-25 00:36:34,507 - __main__ - INFO - 正在处理第 104/118 个商品: Samurai Cat Rides a Dino – Cheers to Chaos designe...
2025-07-25 00:36:34,511 - download_utils - INFO - 创建结果目录: E:\Lab\redbubble_ai\backend\results
2025-07-25 00:36:34,526 - download_utils - ERROR - 下载异常: https://ih1.redbubble.net/image.5878092944.1414/ssrco,essential_tee,womens_01,fafafa:ca443f4786,front,product_square,x600.1.jpg, 错误: HTTPSConnectionPool(host='ih1.redbubble.net', port=443): Max retries exceeded with url: /image.5878092944.1414/ssrco,essential_tee,womens_01,fafafa:ca443f4786,front,product_square,x600.1.jpg (Caused by ProxyError('Unable to connect to proxy', FileNotFoundError(2, 'No such file or directory')))
2025-07-25 00:36:34,526 - __main__ - INFO - 图片下载成功: False
2025-07-25 00:36:34,526 - __main__ - WARNING - 图片未下载成功: E:\Lab\redbubble_ai\backend\results\Samurai_Cat_Rides_a_Dino_–_Cheers_to_Cha_104.jpg
2025-07-25 00:36:34,526 - __main__ - ERROR - 处理商品时出错: update_task_status() takes from 2 to 7 positional arguments but 8 were given
2025-07-25 00:36:34,526 - __main__ - INFO - 正在处理第 105/118 个商品: Black Cat Peeking Sunset Vintage designed and sold...
2025-07-25 00:36:34,530 - download_utils - INFO - 创建结果目录: E:\Lab\redbubble_ai\backend\results
2025-07-25 00:36:34,545 - download_utils - ERROR - 下载异常: https://ih1.redbubble.net/image.930134257.8805/ssrco,mhoodiez,mens,101010:01c5ca27c6,front,square_product,600x600-bg,f8f8f8.jpg, 错误: HTTPSConnectionPool(host='ih1.redbubble.net', port=443): Max retries exceeded with url: /image.930134257.8805/ssrco,mhoodiez,mens,101010:01c5ca27c6,front,square_product,600x600-bg,f8f8f8.jpg (Caused by ProxyError('Unable to connect to proxy', FileNotFoundError(2, 'No such file or directory')))
2025-07-25 00:36:34,545 - __main__ - INFO - 图片下载成功: False
2025-07-25 00:36:34,546 - __main__ - WARNING - 图片未下载成功: E:\Lab\redbubble_ai\backend\results\Black_Cat_Peeking_Sunset_Vintage_designe_105.jpg
2025-07-25 00:36:34,546 - __main__ - ERROR - 处理商品时出错: update_task_status() takes from 2 to 7 positional arguments but 8 were given
2025-07-25 00:36:34,546 - __main__ - INFO - 正在处理第 106/118 个商品: Samurai cat riding a dinosaur designed and sold by...
2025-07-25 00:36:34,549 - download_utils - INFO - 创建结果目录: E:\Lab\redbubble_ai\backend\results
2025-07-25 00:36:34,563 - download_utils - ERROR - 下载异常: https://ih1.redbubble.net/image.5771760323.0509/ssrco,essential_tee,mens_01,heather_oatmeal,front,product_square,x600.u2.jpg, 错误: HTTPSConnectionPool(host='ih1.redbubble.net', port=443): Max retries exceeded with url: /image.5771760323.0509/ssrco,essential_tee,mens_01,heather_oatmeal,front,product_square,x600.u2.jpg (Caused by ProxyError('Unable to connect to proxy', FileNotFoundError(2, 'No such file or directory')))
2025-07-25 00:36:34,563 - __main__ - INFO - 图片下载成功: False
2025-07-25 00:36:34,563 - __main__ - WARNING - 图片未下载成功: E:\Lab\redbubble_ai\backend\results\Samurai_cat_riding_a_dinosaur_designed_a_106.jpg
2025-07-25 00:36:34,563 - __main__ - ERROR - 处理商品时出错: update_task_status() takes from 2 to 7 positional arguments but 8 were given
2025-07-25 00:36:34,563 - __main__ - INFO - 正在处理第 107/118 个商品: Orange Cat Want Uppies designed and sold by CatShi...
2025-07-25 00:36:34,566 - download_utils - INFO - 创建结果目录: E:\Lab\redbubble_ai\backend\results
2025-07-25 00:36:34,581 - download_utils - ERROR - 下载异常: https://ih1.redbubble.net/image.5884196856.1752/ssrco,classic_tee,mens_02,fafafa:ca443f4786,front,product_square,x600.jpg, 错误: HTTPSConnectionPool(host='ih1.redbubble.net', port=443): Max retries exceeded with url: /image.5884196856.1752/ssrco,classic_tee,mens_02,fafafa:ca443f4786,front,product_square,x600.jpg (Caused by ProxyError('Unable to connect to proxy', FileNotFoundError(2, 'No such file or directory')))
2025-07-25 00:36:34,581 - __main__ - INFO - 图片下载成功: False
2025-07-25 00:36:34,581 - __main__ - WARNING - 图片未下载成功: E:\Lab\redbubble_ai\backend\results\Orange_Cat_Want_Uppies_designed_and_sold_107.jpg
2025-07-25 00:36:34,581 - __main__ - ERROR - 处理商品时出错: update_task_status() takes from 2 to 7 positional arguments but 8 were given
2025-07-25 00:36:34,581 - __main__ - INFO - 正在处理第 108/118 个商品: Indoor Cat designed and sold by DinoMike.
2025-07-25 00:36:34,585 - download_utils - INFO - 创建结果目录: E:\Lab\redbubble_ai\backend\results
2025-07-25 00:36:34,600 - download_utils - ERROR - 下载异常: https://ih1.redbubble.net/image.863142810.2229/ssrco,active_tshirt,womens,101010:01c5ca27c6,front,square_product,x600.jpg, 错误: HTTPSConnectionPool(host='ih1.redbubble.net', port=443): Max retries exceeded with url: /image.863142810.2229/ssrco,active_tshirt,womens,101010:01c5ca27c6,front,square_product,x600.jpg (Caused by ProxyError('Unable to connect to proxy', FileNotFoundError(2, 'No such file or directory')))
2025-07-25 00:36:34,600 - __main__ - INFO - 图片下载成功: False
2025-07-25 00:36:34,600 - __main__ - WARNING - 图片未下载成功: E:\Lab\redbubble_ai\backend\results\Indoor_Cat_designed_and_sold_by_DinoMike_108.jpg
2025-07-25 00:36:34,600 - __main__ - ERROR - 处理商品时出错: update_task_status() takes from 2 to 7 positional arguments but 8 were given
2025-07-25 00:36:34,600 - __main__ - INFO - 正在处理第 109/118 个商品: Music Lover Cat designed and sold by clingcling.
2025-07-25 00:36:34,603 - download_utils - INFO - 创建结果目录: E:\Lab\redbubble_ai\backend\results
2025-07-25 00:36:34,618 - download_utils - ERROR - 下载异常: https://ih1.redbubble.net/image.333541463.4856/ssrco,classic_tee,womens_02,101010:01c5ca27c6,front,product_square,x600.1u3.jpg, 错误: HTTPSConnectionPool(host='ih1.redbubble.net', port=443): Max retries exceeded with url: /image.333541463.4856/ssrco,classic_tee,womens_02,101010:01c5ca27c6,front,product_square,x600.1u3.jpg (Caused by ProxyError('Unable to connect to proxy', FileNotFoundError(2, 'No such file or directory')))
2025-07-25 00:36:34,619 - __main__ - INFO - 图片下载成功: False
2025-07-25 00:36:34,619 - __main__ - WARNING - 图片未下载成功: E:\Lab\redbubble_ai\backend\results\Music_Lover_Cat_designed_and_sold_by_cli_109.jpg
2025-07-25 00:36:34,619 - __main__ - ERROR - 处理商品时出错: update_task_status() takes from 2 to 7 positional arguments but 8 were given
2025-07-25 00:36:34,619 - __main__ - INFO - 正在处理第 110/118 个商品: Nature witch kitty designed and sold by Rihnlin.
2025-07-25 00:36:34,622 - download_utils - INFO - 创建结果目录: E:\Lab\redbubble_ai\backend\results
2025-07-25 00:36:34,636 - download_utils - ERROR - 下载异常: https://ih1.redbubble.net/image.3530025097.5152/ssrco,classic_tee,mens_02,101010:01c5ca27c6,front,product_square,x600.u7.jpg, 错误: HTTPSConnectionPool(host='ih1.redbubble.net', port=443): Max retries exceeded with url: /image.3530025097.5152/ssrco,classic_tee,mens_02,101010:01c5ca27c6,front,product_square,x600.u7.jpg (Caused by ProxyError('Unable to connect to proxy', FileNotFoundError(2, 'No such file or directory')))
2025-07-25 00:36:34,636 - __main__ - INFO - 图片下载成功: False
2025-07-25 00:36:34,637 - __main__ - WARNING - 图片未下载成功: E:\Lab\redbubble_ai\backend\results\Nature_witch_kitty_designed_and_sold_by__110.jpg
2025-07-25 00:36:34,637 - __main__ - ERROR - 处理商品时出错: update_task_status() takes from 2 to 7 positional arguments but 8 were given
2025-07-25 00:36:34,637 - __main__ - INFO - 正在处理第 111/118 个商品: Suspicious Cats designed and sold by littleclyde.
2025-07-25 00:36:34,640 - download_utils - INFO - 创建结果目录: E:\Lab\redbubble_ai\backend\results
2025-07-25 00:36:34,645 - download_utils - ERROR - 下载异常: https://ih1.redbubble.net/image.817190129.6406/ssrco,classic_tee,womens_02,fafafa:ca443f4786,front,product_square,x600.1u3.jpg, 错误: HTTPSConnectionPool(host='ih1.redbubble.net', port=443): Max retries exceeded with url: /image.817190129.6406/ssrco,classic_tee,womens_02,fafafa:ca443f4786,front,product_square,x600.1u3.jpg (Caused by ProxyError('Unable to connect to proxy', FileNotFoundError(2, 'No such file or directory')))
2025-07-25 00:36:34,645 - __main__ - INFO - 图片下载成功: False
2025-07-25 00:36:34,645 - __main__ - WARNING - 图片未下载成功: E:\Lab\redbubble_ai\backend\results\Suspicious_Cats_designed_and_sold_by_lit_111.jpg
2025-07-25 00:36:34,645 - __main__ - ERROR - 处理商品时出错: update_task_status() takes from 2 to 7 positional arguments but 8 were given
2025-07-25 00:36:34,646 - __main__ - INFO - 正在处理第 112/118 个商品: WindClan Pride designed and sold by chimeraarts.
2025-07-25 00:36:34,649 - download_utils - INFO - 创建结果目录: E:\Lab\redbubble_ai\backend\results
2025-07-25 00:36:34,653 - download_utils - ERROR - 下载异常: https://ih1.redbubble.net/image.214671602.2750/ra,fitted_scoop,x1860,322e3f:696a94a5d4,front-c,327,372,600,600-bg,f8f8f8.u1.jpg, 错误: HTTPSConnectionPool(host='ih1.redbubble.net', port=443): Max retries exceeded with url: /image.214671602.2750/ra,fitted_scoop,x1860,322e3f:696a94a5d4,front-c,327,372,600,600-bg,f8f8f8.u1.jpg (Caused by ProxyError('Unable to connect to proxy', FileNotFoundError(2, 'No such file or directory')))
2025-07-25 00:36:34,653 - __main__ - INFO - 图片下载成功: False
2025-07-25 00:36:34,653 - __main__ - WARNING - 图片未下载成功: E:\Lab\redbubble_ai\backend\results\WindClan_Pride_designed_and_sold_by_chim_112.jpg
2025-07-25 00:36:34,654 - __main__ - ERROR - 处理商品时出错: update_task_status() takes from 2 to 7 positional arguments but 8 were given
2025-07-25 00:36:34,654 - __main__ - INFO - 正在处理第 113/118 个商品: Black Cat designed and sold by Jenn Inashvili.
2025-07-25 00:36:34,657 - download_utils - INFO - 创建结果目录: E:\Lab\redbubble_ai\backend\results
2025-07-25 00:36:34,671 - download_utils - ERROR - 下载异常: https://ih1.redbubble.net/image.519273006.4452/aldr,x1440,front-c,168,326,600,600-bg,f8f8f8.u3.jpg, 错误: HTTPSConnectionPool(host='ih1.redbubble.net', port=443): Max retries exceeded with url: /image.519273006.4452/aldr,x1440,front-c,168,326,600,600-bg,f8f8f8.u3.jpg (Caused by ProxyError('Unable to connect to proxy', FileNotFoundError(2, 'No such file or directory')))
2025-07-25 00:36:34,672 - __main__ - INFO - 图片下载成功: False
2025-07-25 00:36:34,672 - __main__ - WARNING - 图片未下载成功: E:\Lab\redbubble_ai\backend\results\Black_Cat_designed_and_sold_by_Jenn_Inas_113.jpg
2025-07-25 00:36:34,672 - __main__ - ERROR - 处理商品时出错: update_task_status() takes from 2 to 7 positional arguments but 8 were given
2025-07-25 00:36:34,672 - __main__ - INFO - 正在处理第 114/118 个商品: Hard Pill to Swallow Essential    designed and sol...
2025-07-25 00:36:34,675 - download_utils - INFO - 创建结果目录: E:\Lab\redbubble_ai\backend\results
2025-07-25 00:36:34,689 - download_utils - ERROR - 下载异常: https://ih1.redbubble.net/image.4180444354.8384/ssrco,essential_tee,womens_01,101010:01c5ca27c6,front,product_square,x600.1.jpg, 错误: HTTPSConnectionPool(host='ih1.redbubble.net', port=443): Max retries exceeded with url: /image.4180444354.8384/ssrco,essential_tee,womens_01,101010:01c5ca27c6,front,product_square,x600.1.jpg (Caused by ProxyError('Unable to connect to proxy', FileNotFoundError(2, 'No such file or directory')))
2025-07-25 00:36:34,690 - __main__ - INFO - 图片下载成功: False
2025-07-25 00:36:34,690 - __main__ - WARNING - 图片未下载成功: E:\Lab\redbubble_ai\backend\results\Hard_Pill_to_Swallow_Essential____design_114.jpg
2025-07-25 00:36:34,690 - __main__ - ERROR - 处理商品时出错: update_task_status() takes from 2 to 7 positional arguments but 8 were given
2025-07-25 00:36:34,690 - __main__ - INFO - 正在处理第 115/118 个商品: i eat cement funny cat meme designed and sold by M...
2025-07-25 00:36:34,693 - download_utils - INFO - 创建结果目录: E:\Lab\redbubble_ai\backend\results
2025-07-25 00:36:34,706 - download_utils - ERROR - 下载异常: https://ih1.redbubble.net/image.5638187045.3664/ssrco,classic_tee,mens_02,101010:01c5ca27c6,front,product_square,x600.u3.jpg, 错误: HTTPSConnectionPool(host='ih1.redbubble.net', port=443): Max retries exceeded with url: /image.5638187045.3664/ssrco,classic_tee,mens_02,101010:01c5ca27c6,front,product_square,x600.u3.jpg (Caused by ProxyError('Unable to connect to proxy', FileNotFoundError(2, 'No such file or directory')))
2025-07-25 00:36:34,707 - __main__ - INFO - 图片下载成功: False
2025-07-25 00:36:34,707 - __main__ - WARNING - 图片未下载成功: E:\Lab\redbubble_ai\backend\results\i_eat_cement_funny_cat_meme_designed_and_115.jpg
2025-07-25 00:36:34,707 - __main__ - ERROR - 处理商品时出错: update_task_status() takes from 2 to 7 positional arguments but 8 were given
2025-07-25 00:36:34,707 - __main__ - INFO - 正在处理第 116/118 个商品: Become Ungovernable Cat Drink designed and sold by...
2025-07-25 00:36:34,711 - download_utils - INFO - 创建结果目录: E:\Lab\redbubble_ai\backend\results
2025-07-25 00:36:34,727 - download_utils - ERROR - 下载异常: https://ih1.redbubble.net/image.3553800995.4269/ssrco,essential_tee,mens_01,101010:01c5ca27c6,front,product_square,x600.jpg, 错误: HTTPSConnectionPool(host='ih1.redbubble.net', port=443): Max retries exceeded with url: /image.3553800995.4269/ssrco,essential_tee,mens_01,101010:01c5ca27c6,front,product_square,x600.jpg (Caused by ProxyError('Unable to connect to proxy', FileNotFoundError(2, 'No such file or directory')))
2025-07-25 00:36:34,727 - __main__ - INFO - 图片下载成功: False
2025-07-25 00:36:34,727 - __main__ - WARNING - 图片未下载成功: E:\Lab\redbubble_ai\backend\results\Become_Ungovernable_Cat_Drink_designed_a_116.jpg
2025-07-25 00:36:34,727 - __main__ - ERROR - 处理商品时出错: update_task_status() takes from 2 to 7 positional arguments but 8 were given
2025-07-25 00:36:34,727 - __main__ - INFO - 正在处理第 117/118 个商品: LUCKY CAT designed and sold by Vicvama.
2025-07-25 00:36:34,730 - download_utils - INFO - 创建结果目录: E:\Lab\redbubble_ai\backend\results
2025-07-25 00:36:34,744 - download_utils - ERROR - 下载异常: https://ih1.redbubble.net/image.2277768338.8211/ssrco,classic_tee,womens_02,fafafa:ca443f4786,front,product_square,x600.1.jpg, 错误: HTTPSConnectionPool(host='ih1.redbubble.net', port=443): Max retries exceeded with url: /image.2277768338.8211/ssrco,classic_tee,womens_02,fafafa:ca443f4786,front,product_square,x600.1.jpg (Caused by ProxyError('Unable to connect to proxy', FileNotFoundError(2, 'No such file or directory')))
2025-07-25 00:36:34,744 - __main__ - INFO - 图片下载成功: False
2025-07-25 00:36:34,744 - __main__ - WARNING - 图片未下载成功: E:\Lab\redbubble_ai\backend\results\LUCKY_CAT_designed_and_sold_by_Vicvama._117.jpg
2025-07-25 00:36:34,745 - __main__ - ERROR - 处理商品时出错: update_task_status() takes from 2 to 7 positional arguments but 8 were given
2025-07-25 00:36:34,745 - __main__ - INFO - 正在处理第 118/118 个商品: Charm Clairo Cat Best Friends Drawing designed and...
2025-07-25 00:36:34,748 - download_utils - INFO - 创建结果目录: E:\Lab\redbubble_ai\backend\results
2025-07-25 00:36:34,762 - download_utils - ERROR - 下载异常: https://ih1.redbubble.net/image.5606755206.6649/ssrco,classic_tee,mens_02,fafafa:ca443f4786,front,product_square,x600.jpg, 错误: HTTPSConnectionPool(host='ih1.redbubble.net', port=443): Max retries exceeded with url: /image.5606755206.6649/ssrco,classic_tee,mens_02,fafafa:ca443f4786,front,product_square,x600.jpg (Caused by ProxyError('Unable to connect to proxy', FileNotFoundError(2, 'No such file or directory')))
2025-07-25 00:36:34,762 - __main__ - INFO - 图片下载成功: False
2025-07-25 00:36:34,763 - __main__ - WARNING - 图片未下载成功: E:\Lab\redbubble_ai\backend\results\Charm_Clairo_Cat_Best_Friends_Drawing_de_118.jpg
2025-07-25 00:36:34,763 - __main__ - ERROR - 处理商品时出错: update_task_status() takes from 2 to 7 positional arguments but 8 were given
2025-07-25 00:36:34,763 - __main__ - ERROR - 没有成功处理任何商品
2025-07-25 00:37:07,946 - api_server - INFO - 应用启动中...
2025-07-25 00:37:07,947 - api_server - INFO - 已创建results目录
2025-07-25 00:37:07,947 - api_server - INFO - 应用启动完成
2025-07-25 00:37:09,466 - api_server - INFO - 应用启动中...
2025-07-25 00:37:09,466 - api_server - INFO - 已创建results目录
2025-07-25 00:37:09,466 - api_server - INFO - 应用启动完成
2025-07-25 00:37:11,547 - __main__ - INFO - 开始爬虫任务: 123, 关键词: cat, 页数: 1, 类目: u-clothing
2025-07-25 00:37:11,889 - crawler_utils - INFO - 正在爬取第1页: https://www.redbubble.com/shop/?iaCode=u-clothing&query=cat&ref=search_box&page=1
2025-07-25 00:37:38,293 - crawler_utils - INFO - 第1页找到119个商品
2025-07-25 00:37:40,237 - crawler_utils - INFO - 爬取完成，共获取118个商品
2025-07-25 00:37:40,237 - __main__ - INFO - 找到 118 个商品
2025-07-25 00:37:40,237 - __main__ - INFO - 正在处理第 1/118 个商品: Black Cat Holding On designed and sold by Jenn Ina...
2025-07-25 00:37:40,241 - download_utils - INFO - 创建结果目录: E:\Lab\redbubble_ai\backend\results
2025-07-25 00:37:41,318 - download_utils - INFO - 图片下载成功: E:\Lab\redbubble_ai\backend\results\Black_Cat_Holding_On_designed_and_sold_b_1.jpg
2025-07-25 00:37:41,318 - __main__ - INFO - 图片下载成功: True
2025-07-25 00:37:41,318 - scorer_utils - INFO - 初始化NIMA模型...
2025-07-25 00:37:42,214 - scorer_utils - INFO - 正在构建NIMA模型...
2025-07-25 00:37:42,535 - scorer_utils - INFO - NIMA模型构建完成
2025-07-25 00:37:42,536 - scorer_utils - INFO - 加载模型权重: E:\Lab\redbubble_ai\backend\weights_mobilenet_aesthetic_0.07.hdf5
2025-07-25 00:37:42,586 - scorer_utils - INFO - NIMA模型初始化完成
2025-07-25 00:37:42,833 - __main__ - INFO - AI评分: 5.12
2025-07-25 00:37:42,833 - __main__ - ERROR - 处理商品时出错: update_task_status() takes from 2 to 7 positional arguments but 8 were given
2025-07-25 00:37:42,833 - __main__ - INFO - 正在处理第 2/118 个商品: Aint this a great cat gift?  designed and sold by ...
2025-07-25 00:37:42,837 - download_utils - INFO - 创建结果目录: E:\Lab\redbubble_ai\backend\results
2025-07-25 00:37:43,544 - download_utils - INFO - 图片下载成功: E:\Lab\redbubble_ai\backend\results\Aint_this_a_great_cat_gift__designed_and_2.jpg
2025-07-25 00:37:43,545 - __main__ - INFO - 图片下载成功: True
2025-07-25 00:37:43,606 - __main__ - INFO - AI评分: 4.82
2025-07-25 00:37:43,606 - __main__ - ERROR - 处理商品时出错: update_task_status() takes from 2 to 7 positional arguments but 8 were given
2025-07-25 00:37:43,606 - __main__ - INFO - 正在处理第 3/118 个商品: Believe me Bro Funny Cat designed and sold by ENJO...
2025-07-25 00:37:43,610 - download_utils - INFO - 创建结果目录: E:\Lab\redbubble_ai\backend\results
2025-07-25 00:37:44,654 - download_utils - INFO - 图片下载成功: E:\Lab\redbubble_ai\backend\results\Believe_me_Bro_Funny_Cat_designed_and_so_3.jpg
2025-07-25 00:37:44,656 - __main__ - INFO - 图片下载成功: True
2025-07-25 00:37:44,714 - __main__ - INFO - AI评分: 4.48
2025-07-25 00:37:44,714 - __main__ - ERROR - 处理商品时出错: update_task_status() takes from 2 to 7 positional arguments but 8 were given
2025-07-25 00:37:44,714 - __main__ - INFO - 正在处理第 4/118 个商品: Catzilla designed and sold by Le-Freak.
2025-07-25 00:37:44,718 - download_utils - INFO - 创建结果目录: E:\Lab\redbubble_ai\backend\results
2025-07-25 00:37:45,377 - download_utils - INFO - 图片下载成功: E:\Lab\redbubble_ai\backend\results\Catzilla_designed_and_sold_by_Le-Freak._4.jpg
2025-07-25 00:37:45,378 - __main__ - INFO - 图片下载成功: True
2025-07-25 00:37:45,423 - __main__ - INFO - AI评分: 5.05
2025-07-25 00:37:45,423 - __main__ - ERROR - 处理商品时出错: update_task_status() takes from 2 to 7 positional arguments but 8 were given
2025-07-25 00:37:45,424 - __main__ - INFO - 正在处理第 5/118 个商品: Huh Cat Chonky Ben Meme 90s Bootleg Vintage design...
2025-07-25 00:37:45,427 - download_utils - INFO - 创建结果目录: E:\Lab\redbubble_ai\backend\results
2025-07-25 00:37:46,436 - download_utils - INFO - 图片下载成功: E:\Lab\redbubble_ai\backend\results\Huh_Cat_Chonky_Ben_Meme_90s_Bootleg_Vint_5.jpg
2025-07-25 00:37:46,437 - __main__ - INFO - 图片下载成功: True
2025-07-25 00:37:46,488 - __main__ - INFO - AI评分: 4.70
2025-07-25 00:37:46,489 - __main__ - ERROR - 处理商品时出错: update_task_status() takes from 2 to 7 positional arguments but 8 were given
2025-07-25 00:37:46,489 - __main__ - INFO - 正在处理第 6/118 个商品: Rage Consumes Me Funny Vintage Kitten designed and...
2025-07-25 00:37:46,493 - download_utils - INFO - 创建结果目录: E:\Lab\redbubble_ai\backend\results
2025-07-25 00:37:47,197 - download_utils - INFO - 图片下载成功: E:\Lab\redbubble_ai\backend\results\Rage_Consumes_Me_Funny_Vintage_Kitten_de_6.jpg
2025-07-25 00:37:47,197 - __main__ - INFO - 图片下载成功: True
2025-07-25 00:37:47,239 - __main__ - INFO - AI评分: 4.87
2025-07-25 00:37:47,240 - __main__ - ERROR - 处理商品时出错: update_task_status() takes from 2 to 7 positional arguments but 8 were given
2025-07-25 00:37:47,240 - __main__ - INFO - 正在处理第 7/118 个商品: Not Today designed and sold by FoxShiver.
2025-07-25 00:37:47,243 - download_utils - INFO - 创建结果目录: E:\Lab\redbubble_ai\backend\results
2025-07-25 00:37:47,947 - download_utils - INFO - 图片下载成功: E:\Lab\redbubble_ai\backend\results\Not_Today_designed_and_sold_by_FoxShiver_7.jpg
2025-07-25 00:37:47,947 - __main__ - INFO - 图片下载成功: True
2025-07-25 00:37:47,990 - __main__ - INFO - AI评分: 4.65
2025-07-25 00:37:47,990 - __main__ - ERROR - 处理商品时出错: update_task_status() takes from 2 to 7 positional arguments but 8 were given
2025-07-25 00:37:47,991 - __main__ - INFO - 正在处理第 8/118 个商品: Catzilla vintage designed and sold by Le-Freak.
2025-07-25 00:37:47,994 - download_utils - INFO - 创建结果目录: E:\Lab\redbubble_ai\backend\results
2025-07-25 00:37:49,126 - download_utils - INFO - 图片下载成功: E:\Lab\redbubble_ai\backend\results\Catzilla_vintage_designed_and_sold_by_Le_8.jpg
2025-07-25 00:37:49,127 - __main__ - INFO - 图片下载成功: True
2025-07-25 00:37:49,172 - __main__ - INFO - AI评分: 4.79
2025-07-25 00:37:49,173 - __main__ - ERROR - 处理商品时出错: update_task_status() takes from 2 to 7 positional arguments but 8 were given
2025-07-25 00:37:49,173 - __main__ - INFO - 正在处理第 9/118 个商品: Cat What? Murderous Black Cat With Knife Gift Prem...
2025-07-25 00:37:49,177 - download_utils - INFO - 创建结果目录: E:\Lab\redbubble_ai\backend\results
2025-07-25 00:37:49,985 - download_utils - INFO - 图片下载成功: E:\Lab\redbubble_ai\backend\results\Cat_What_Murderous_Black_Cat_With_Knife__9.jpg
2025-07-25 00:37:49,986 - __main__ - INFO - 图片下载成功: True
2025-07-25 00:37:50,046 - __main__ - INFO - AI评分: 4.83
2025-07-25 00:37:50,046 - __main__ - ERROR - 处理商品时出错: update_task_status() takes from 2 to 7 positional arguments but 8 were given
2025-07-25 00:37:50,046 - __main__ - INFO - 正在处理第 10/118 个商品: I saw that cat  designed and sold by art.paperplan...
2025-07-25 00:37:50,050 - download_utils - INFO - 创建结果目录: E:\Lab\redbubble_ai\backend\results
2025-07-25 00:37:51,194 - download_utils - INFO - 图片下载成功: E:\Lab\redbubble_ai\backend\results\I_saw_that_cat__designed_and_sold_by_art_10.jpg
2025-07-25 00:37:51,195 - __main__ - INFO - 图片下载成功: True
2025-07-25 00:37:51,251 - __main__ - INFO - AI评分: 4.83
2025-07-25 00:37:51,252 - __main__ - ERROR - 处理商品时出错: update_task_status() takes from 2 to 7 positional arguments but 8 were given
2025-07-25 00:37:51,252 - __main__ - INFO - 正在处理第 11/118 个商品: Street Cats designed and sold by wytrab8.
2025-07-25 00:37:51,256 - download_utils - INFO - 创建结果目录: E:\Lab\redbubble_ai\backend\results
2025-07-25 00:37:52,023 - download_utils - INFO - 图片下载成功: E:\Lab\redbubble_ai\backend\results\Street_Cats_designed_and_sold_by_wytrab8_11.jpg
2025-07-25 00:37:52,023 - __main__ - INFO - 图片下载成功: True
2025-07-25 00:37:52,073 - __main__ - INFO - AI评分: 4.89
2025-07-25 00:37:52,073 - __main__ - ERROR - 处理商品时出错: update_task_status() takes from 2 to 7 positional arguments but 8 were given
2025-07-25 00:37:52,073 - __main__ - INFO - 正在处理第 12/118 个商品: Meme Cats 2.0 designed and sold by How-Do-U-Art.
2025-07-25 00:37:52,077 - download_utils - INFO - 创建结果目录: E:\Lab\redbubble_ai\backend\results
2025-07-25 00:37:53,289 - download_utils - INFO - 图片下载成功: E:\Lab\redbubble_ai\backend\results\Meme_Cats_2.0_designed_and_sold_by_How-D_12.jpg
2025-07-25 00:37:53,290 - __main__ - INFO - 图片下载成功: True
2025-07-25 00:37:53,350 - __main__ - INFO - AI评分: 4.90
2025-07-25 00:37:53,351 - __main__ - ERROR - 处理商品时出错: update_task_status() takes from 2 to 7 positional arguments but 8 were given
2025-07-25 00:37:53,351 - __main__ - INFO - 正在处理第 13/118 个商品: Black Cat Face designed and sold by Jenn Inashvili...
2025-07-25 00:37:53,355 - download_utils - INFO - 创建结果目录: E:\Lab\redbubble_ai\backend\results
2025-07-25 00:37:54,112 - download_utils - INFO - 图片下载成功: E:\Lab\redbubble_ai\backend\results\Black_Cat_Face_designed_and_sold_by_Jenn_13.jpg
2025-07-25 00:37:54,113 - __main__ - INFO - 图片下载成功: True
2025-07-25 00:37:54,167 - __main__ - INFO - AI评分: 4.64
2025-07-25 00:37:54,168 - __main__ - ERROR - 处理商品时出错: update_task_status() takes from 2 to 7 positional arguments but 8 were given
2025-07-25 00:37:54,168 - __main__ - INFO - 正在处理第 14/118 个商品: Mischief designed and sold by TinkM.
2025-07-25 00:37:54,172 - download_utils - INFO - 创建结果目录: E:\Lab\redbubble_ai\backend\results
2025-07-25 00:37:54,874 - download_utils - INFO - 图片下载成功: E:\Lab\redbubble_ai\backend\results\Mischief_designed_and_sold_by_TinkM._14.jpg
2025-07-25 00:37:54,874 - __main__ - INFO - 图片下载成功: True
2025-07-25 00:37:54,917 - __main__ - INFO - AI评分: 5.19
2025-07-25 00:37:54,917 - __main__ - ERROR - 处理商品时出错: update_task_status() takes from 2 to 7 positional arguments but 8 were given
2025-07-25 00:37:54,917 - __main__ - INFO - 正在处理第 15/118 个商品: Mentally Meown Since Forever – Funny Cross-Eyed Ca...
2025-07-25 00:37:54,921 - download_utils - INFO - 创建结果目录: E:\Lab\redbubble_ai\backend\results
2025-07-25 00:37:56,540 - download_utils - INFO - 图片下载成功: E:\Lab\redbubble_ai\backend\results\Mentally_Meown_Since_Forever_–_Funny_Cro_15.jpg
2025-07-25 00:37:56,540 - __main__ - INFO - 图片下载成功: True
2025-07-25 00:37:56,583 - __main__ - INFO - AI评分: 5.15
2025-07-25 00:37:56,583 - __main__ - ERROR - 处理商品时出错: update_task_status() takes from 2 to 7 positional arguments but 8 were given
2025-07-25 00:37:56,583 - __main__ - INFO - 正在处理第 16/118 个商品: Cathulhu designed and sold by Ilustrata®.
2025-07-25 00:37:56,586 - download_utils - INFO - 创建结果目录: E:\Lab\redbubble_ai\backend\results
2025-07-25 00:37:57,260 - download_utils - INFO - 图片下载成功: E:\Lab\redbubble_ai\backend\results\Cathulhu_designed_and_sold_by_Ilustrata®_16.jpg
2025-07-25 00:37:57,261 - __main__ - INFO - 图片下载成功: True
2025-07-25 00:37:57,307 - __main__ - INFO - AI评分: 4.52
2025-07-25 00:37:57,307 - __main__ - ERROR - 处理商品时出错: update_task_status() takes from 2 to 7 positional arguments but 8 were given
2025-07-25 00:37:57,307 - __main__ - INFO - 正在处理第 17/118 个商品: It's Fine I'm Fine Everything Is Fine Funny cat  d...
2025-07-25 00:37:57,311 - download_utils - INFO - 创建结果目录: E:\Lab\redbubble_ai\backend\results
2025-07-25 00:37:58,090 - download_utils - INFO - 图片下载成功: E:\Lab\redbubble_ai\backend\results\It's_Fine_I'm_Fine_Everything_Is_Fine_Fu_17.jpg
2025-07-25 00:37:58,090 - __main__ - INFO - 图片下载成功: True
2025-07-25 00:37:58,135 - __main__ - INFO - AI评分: 5.10
2025-07-25 00:37:58,135 - __main__ - ERROR - 处理商品时出错: update_task_status() takes from 2 to 7 positional arguments but 8 were given
2025-07-25 00:37:58,135 - __main__ - INFO - 正在处理第 18/118 个商品: Meowdy Partner Whiskers in the Wind designed and s...
2025-07-25 00:37:58,139 - download_utils - INFO - 创建结果目录: E:\Lab\redbubble_ai\backend\results
2025-07-25 00:37:58,859 - download_utils - INFO - 图片下载成功: E:\Lab\redbubble_ai\backend\results\Meowdy_Partner_Whiskers_in_the_Wind_desi_18.jpg
2025-07-25 00:37:58,860 - __main__ - INFO - 图片下载成功: True
2025-07-25 00:37:58,902 - __main__ - INFO - AI评分: 4.57
2025-07-25 00:37:58,902 - __main__ - ERROR - 处理商品时出错: update_task_status() takes from 2 to 7 positional arguments but 8 were given
2025-07-25 00:37:58,903 - __main__ - INFO - 正在处理第 19/118 个商品: Catana designed and sold by vincenttrinidad.
2025-07-25 00:37:58,906 - download_utils - INFO - 创建结果目录: E:\Lab\redbubble_ai\backend\results
2025-07-25 00:37:59,568 - download_utils - INFO - 图片下载成功: E:\Lab\redbubble_ai\backend\results\Catana_designed_and_sold_by_vincenttrini_19.jpg
2025-07-25 00:37:59,569 - __main__ - INFO - 图片下载成功: True
2025-07-25 00:37:59,610 - __main__ - INFO - AI评分: 4.93
2025-07-25 00:37:59,611 - __main__ - ERROR - 处理商品时出错: update_task_status() takes from 2 to 7 positional arguments but 8 were given
2025-07-25 00:37:59,611 - __main__ - INFO - 正在处理第 20/118 个商品: You asleep yet? designed and sold by lauragraves.
2025-07-25 00:37:59,614 - download_utils - INFO - 创建结果目录: E:\Lab\redbubble_ai\backend\results
2025-07-25 00:38:00,300 - download_utils - INFO - 图片下载成功: E:\Lab\redbubble_ai\backend\results\You_asleep_yet_designed_and_sold_by_laur_20.jpg
2025-07-25 00:38:00,301 - __main__ - INFO - 图片下载成功: True
2025-07-25 00:38:00,365 - __main__ - INFO - AI评分: 4.82
2025-07-25 00:38:00,365 - __main__ - ERROR - 处理商品时出错: update_task_status() takes from 2 to 7 positional arguments but 8 were given
2025-07-25 00:38:00,366 - __main__ - INFO - 正在处理第 21/118 个商品: more very  hideous cats designed and sold by crest...
2025-07-25 00:38:00,370 - download_utils - INFO - 创建结果目录: E:\Lab\redbubble_ai\backend\results
2025-07-25 00:38:01,142 - download_utils - INFO - 图片下载成功: E:\Lab\redbubble_ai\backend\results\more_very__hideous_cats_designed_and_sol_21.jpg
2025-07-25 00:38:01,143 - __main__ - INFO - 图片下载成功: True
2025-07-25 00:38:01,189 - __main__ - INFO - AI评分: 4.43
2025-07-25 00:38:01,190 - __main__ - ERROR - 处理商品时出错: update_task_status() takes from 2 to 7 positional arguments but 8 were given
2025-07-25 00:38:01,190 - __main__ - INFO - 正在处理第 22/118 个商品: I Eat Cement Cursed Cat Funny Oddly Specific Meme ...
2025-07-25 00:38:01,194 - download_utils - INFO - 创建结果目录: E:\Lab\redbubble_ai\backend\results
2025-07-25 00:38:01,910 - download_utils - INFO - 图片下载成功: E:\Lab\redbubble_ai\backend\results\I_Eat_Cement_Cursed_Cat_Funny_Oddly_Spec_22.jpg
2025-07-25 00:38:01,911 - __main__ - INFO - 图片下载成功: True
2025-07-25 00:38:01,965 - __main__ - INFO - AI评分: 4.74
2025-07-25 00:38:01,966 - __main__ - ERROR - 处理商品时出错: update_task_status() takes from 2 to 7 positional arguments but 8 were given
2025-07-25 00:38:01,966 - __main__ - INFO - 正在处理第 23/118 个商品: Dungeons and Cats designed and sold by Domiichan.
2025-07-25 00:38:01,970 - download_utils - INFO - 创建结果目录: E:\Lab\redbubble_ai\backend\results
2025-07-25 00:38:02,810 - download_utils - INFO - 图片下载成功: E:\Lab\redbubble_ai\backend\results\Dungeons_and_Cats_designed_and_sold_by_D_23.jpg
2025-07-25 00:38:02,811 - __main__ - INFO - 图片下载成功: True
2025-07-25 00:38:02,867 - __main__ - INFO - AI评分: 4.64
2025-07-25 00:38:02,867 - __main__ - ERROR - 处理商品时出错: update_task_status() takes from 2 to 7 positional arguments but 8 were given
2025-07-25 00:38:02,868 - __main__ - INFO - 正在处理第 24/118 个商品: Van Gogh Cat Starry Night Van Gogh Cat Lovers desi...
2025-07-25 00:38:02,872 - download_utils - INFO - 创建结果目录: E:\Lab\redbubble_ai\backend\results
2025-07-25 00:38:03,631 - download_utils - INFO - 图片下载成功: E:\Lab\redbubble_ai\backend\results\Van_Gogh_Cat_Starry_Night_Van_Gogh_Cat_L_24.jpg
2025-07-25 00:38:03,632 - __main__ - INFO - 图片下载成功: True
2025-07-25 00:38:03,677 - __main__ - INFO - AI评分: 4.57
2025-07-25 00:38:03,678 - __main__ - ERROR - 处理商品时出错: update_task_status() takes from 2 to 7 positional arguments but 8 were given
2025-07-25 00:38:03,678 - __main__ - INFO - 正在处理第 25/118 个商品: Cat Got Your Soul? designed and sold by obinsun.
2025-07-25 00:38:03,681 - download_utils - INFO - 创建结果目录: E:\Lab\redbubble_ai\backend\results
2025-07-25 00:38:04,430 - download_utils - INFO - 图片下载成功: E:\Lab\redbubble_ai\backend\results\Cat_Got_Your_Soul_designed_and_sold_by_o_25.jpg
2025-07-25 00:38:04,430 - __main__ - INFO - 图片下载成功: True
2025-07-25 00:38:04,474 - __main__ - INFO - AI评分: 4.81
2025-07-25 00:38:04,474 - __main__ - ERROR - 处理商品时出错: update_task_status() takes from 2 to 7 positional arguments but 8 were given
2025-07-25 00:38:04,474 - __main__ - INFO - 正在处理第 26/118 个商品: How to Chill Like a Cat designed and sold by mickl...
2025-07-25 00:38:04,478 - download_utils - INFO - 创建结果目录: E:\Lab\redbubble_ai\backend\results
2025-07-25 00:38:08,668 - download_utils - INFO - 图片下载成功: E:\Lab\redbubble_ai\backend\results\How_to_Chill_Like_a_Cat_designed_and_sol_26.jpg
2025-07-25 00:38:08,669 - __main__ - INFO - 图片下载成功: True
2025-07-25 00:38:08,714 - __main__ - INFO - AI评分: 4.54
2025-07-25 00:38:08,714 - __main__ - ERROR - 处理商品时出错: update_task_status() takes from 2 to 7 positional arguments but 8 were given
2025-07-25 00:38:08,715 - __main__ - INFO - 正在处理第 27/118 个商品: Sushi Chef Cat - Funny Restaurant Kitty - Japanese...
2025-07-25 00:38:08,718 - download_utils - INFO - 创建结果目录: E:\Lab\redbubble_ai\backend\results
2025-07-25 00:38:09,498 - download_utils - INFO - 图片下载成功: E:\Lab\redbubble_ai\backend\results\Sushi_Chef_Cat_-_Funny_Restaurant_Kitty__27.jpg
2025-07-25 00:38:09,498 - __main__ - INFO - 图片下载成功: True
2025-07-25 00:38:09,541 - __main__ - INFO - AI评分: 4.57
2025-07-25 00:38:09,541 - __main__ - ERROR - 处理商品时出错: update_task_status() takes from 2 to 7 positional arguments but 8 were given
2025-07-25 00:38:09,541 - __main__ - INFO - 正在处理第 28/118 个商品: Akira Cat designed and sold by Akram Ghazali.
2025-07-25 00:38:09,544 - download_utils - INFO - 创建结果目录: E:\Lab\redbubble_ai\backend\results
2025-07-25 00:38:10,484 - download_utils - INFO - 图片下载成功: E:\Lab\redbubble_ai\backend\results\Akira_Cat_designed_and_sold_by_Akram_Gha_28.jpg
2025-07-25 00:38:10,485 - __main__ - INFO - 图片下载成功: True
2025-07-25 00:38:10,542 - __main__ - INFO - AI评分: 4.89
2025-07-25 00:38:10,542 - __main__ - ERROR - 处理商品时出错: update_task_status() takes from 2 to 7 positional arguments but 8 were given
2025-07-25 00:38:10,543 - __main__ - INFO - 正在处理第 29/118 个商品: Funny Cat Rock Music Gift  designed and sold by Ks...
2025-07-25 00:38:10,548 - download_utils - INFO - 创建结果目录: E:\Lab\redbubble_ai\backend\results
2025-07-25 00:38:11,212 - download_utils - INFO - 图片下载成功: E:\Lab\redbubble_ai\backend\results\Funny_Cat_Rock_Music_Gift__designed_and__29.jpg
2025-07-25 00:38:11,213 - __main__ - INFO - 图片下载成功: True
2025-07-25 00:38:11,268 - __main__ - INFO - AI评分: 4.66
2025-07-25 00:38:11,268 - __main__ - ERROR - 处理商品时出错: update_task_status() takes from 2 to 7 positional arguments but 8 were given
2025-07-25 00:38:11,268 - __main__ - INFO - 正在处理第 30/118 个商品: Astronaut Cat designed and sold by clingcling.
2025-07-25 00:38:11,272 - download_utils - INFO - 创建结果目录: E:\Lab\redbubble_ai\backend\results
2025-07-25 00:38:12,050 - download_utils - INFO - 图片下载成功: E:\Lab\redbubble_ai\backend\results\Astronaut_Cat_designed_and_sold_by_cling_30.jpg
2025-07-25 00:38:12,052 - __main__ - INFO - 图片下载成功: True
2025-07-25 00:38:12,107 - __main__ - INFO - AI评分: 5.05
2025-07-25 00:38:12,107 - __main__ - ERROR - 处理商品时出错: update_task_status() takes from 2 to 7 positional arguments but 8 were given
2025-07-25 00:38:12,107 - __main__ - INFO - 正在处理第 31/118 个商品: The Cat Dimension designed and sold by Steven Rhod...
2025-07-25 00:38:12,111 - download_utils - INFO - 创建结果目录: E:\Lab\redbubble_ai\backend\results
2025-07-25 00:38:12,800 - download_utils - INFO - 图片下载成功: E:\Lab\redbubble_ai\backend\results\The_Cat_Dimension_designed_and_sold_by_S_31.jpg
2025-07-25 00:38:12,800 - __main__ - INFO - 图片下载成功: True
2025-07-25 00:38:12,867 - __main__ - INFO - AI评分: 4.53
2025-07-25 00:38:12,867 - __main__ - ERROR - 处理商品时出错: update_task_status() takes from 2 to 7 positional arguments but 8 were given
2025-07-25 00:38:12,867 - __main__ - INFO - 正在处理第 32/118 个商品: Skulls are for Pussies designed and sold by harebr...
2025-07-25 00:38:12,872 - download_utils - INFO - 创建结果目录: E:\Lab\redbubble_ai\backend\results
2025-07-25 00:38:13,556 - download_utils - INFO - 图片下载成功: E:\Lab\redbubble_ai\backend\results\Skulls_are_for_Pussies_designed_and_sold_32.jpg
2025-07-25 00:38:13,556 - __main__ - INFO - 图片下载成功: True
2025-07-25 00:38:13,601 - __main__ - INFO - AI评分: 4.90
2025-07-25 00:38:13,601 - __main__ - ERROR - 处理商品时出错: update_task_status() takes from 2 to 7 positional arguments but 8 were given
2025-07-25 00:38:13,601 - __main__ - INFO - 正在处理第 33/118 个商品: Just Do It Later Black Cat designed and sold by ri...
2025-07-25 00:38:13,606 - download_utils - INFO - 创建结果目录: E:\Lab\redbubble_ai\backend\results
2025-07-25 00:38:14,694 - download_utils - INFO - 图片下载成功: E:\Lab\redbubble_ai\backend\results\Just_Do_It_Later_Black_Cat_designed_and__33.jpg
2025-07-25 00:38:14,695 - __main__ - INFO - 图片下载成功: True
2025-07-25 00:38:14,750 - __main__ - INFO - AI评分: 5.08
2025-07-25 00:38:14,750 - __main__ - ERROR - 处理商品时出错: update_task_status() takes from 2 to 7 positional arguments but 8 were given
2025-07-25 00:38:14,751 - __main__ - INFO - 正在处理第 34/118 个商品: Coffee Cat in Mt. Fuji designed and sold by vincen...
2025-07-25 00:38:14,755 - download_utils - INFO - 创建结果目录: E:\Lab\redbubble_ai\backend\results
2025-07-25 00:38:15,457 - download_utils - INFO - 图片下载成功: E:\Lab\redbubble_ai\backend\results\Coffee_Cat_in_Mt._Fuji_designed_and_sold_34.jpg
2025-07-25 00:38:15,459 - __main__ - INFO - 图片下载成功: True
2025-07-25 00:38:15,518 - __main__ - INFO - AI评分: 4.84
2025-07-25 00:38:15,519 - __main__ - ERROR - 处理商品时出错: update_task_status() takes from 2 to 7 positional arguments but 8 were given
2025-07-25 00:38:15,519 - __main__ - INFO - 正在处理第 35/118 个商品: HOUSE CAT (Rainbow DJ Kitty) designed and sold by ...
2025-07-25 00:38:15,523 - download_utils - INFO - 创建结果目录: E:\Lab\redbubble_ai\backend\results
2025-07-25 00:38:16,341 - download_utils - INFO - 图片下载成功: E:\Lab\redbubble_ai\backend\results\HOUSE_CAT_(Rainbow_DJ_Kitty)_designed_an_35.jpg
2025-07-25 00:38:16,342 - __main__ - INFO - 图片下载成功: True
2025-07-25 00:38:16,386 - __main__ - INFO - AI评分: 4.87
2025-07-25 00:38:16,387 - __main__ - ERROR - 处理商品时出错: update_task_status() takes from 2 to 7 positional arguments but 8 were given
2025-07-25 00:38:16,387 - __main__ - INFO - 正在处理第 36/118 个商品: Cat silhouette designed and sold by NVDesigns.
2025-07-25 00:38:16,390 - download_utils - INFO - 创建结果目录: E:\Lab\redbubble_ai\backend\results
2025-07-25 00:38:17,042 - download_utils - INFO - 图片下载成功: E:\Lab\redbubble_ai\backend\results\Cat_silhouette_designed_and_sold_by_NVDe_36.jpg
2025-07-25 00:38:17,042 - __main__ - INFO - 图片下载成功: True
2025-07-25 00:38:17,091 - __main__ - INFO - AI评分: 4.90
2025-07-25 00:38:17,091 - __main__ - ERROR - 处理商品时出错: update_task_status() takes from 2 to 7 positional arguments but 8 were given
2025-07-25 00:38:17,091 - __main__ - INFO - 正在处理第 37/118 个商品: Spirit Animal Cat designed and sold by Dan Elijah ...
2025-07-25 00:38:17,095 - download_utils - INFO - 创建结果目录: E:\Lab\redbubble_ai\backend\results
2025-07-25 00:38:19,588 - download_utils - INFO - 图片下载成功: E:\Lab\redbubble_ai\backend\results\Spirit_Animal_Cat_designed_and_sold_by_D_37.jpg
2025-07-25 00:38:19,588 - __main__ - INFO - 图片下载成功: True
2025-07-25 00:38:19,630 - __main__ - INFO - AI评分: 4.40
2025-07-25 00:38:19,630 - __main__ - ERROR - 处理商品时出错: update_task_status() takes from 2 to 7 positional arguments but 8 were given
2025-07-25 00:38:19,631 - __main__ - INFO - 正在处理第 38/118 个商品: The Cure Cat Moon 90s Alt Indie Rock band For Men,...
2025-07-25 00:38:19,634 - download_utils - INFO - 创建结果目录: E:\Lab\redbubble_ai\backend\results
2025-07-25 00:38:22,830 - download_utils - INFO - 图片下载成功: E:\Lab\redbubble_ai\backend\results\The_Cure_Cat_Moon_90s_Alt_Indie_Rock_ban_38.jpg
2025-07-25 00:38:22,831 - __main__ - INFO - 图片下载成功: True
2025-07-25 00:38:22,891 - __main__ - INFO - AI评分: 4.70
2025-07-25 00:38:22,892 - __main__ - ERROR - 处理商品时出错: update_task_status() takes from 2 to 7 positional arguments but 8 were given
2025-07-25 00:38:22,892 - __main__ - INFO - 正在处理第 39/118 个商品: SCREAM MASK designed and sold by kevincharles.
2025-07-25 00:38:22,896 - download_utils - INFO - 创建结果目录: E:\Lab\redbubble_ai\backend\results
2025-07-25 00:38:23,657 - download_utils - INFO - 图片下载成功: E:\Lab\redbubble_ai\backend\results\SCREAM_MASK_designed_and_sold_by_kevinch_39.jpg
2025-07-25 00:38:23,657 - __main__ - INFO - 图片下载成功: True
2025-07-25 00:38:23,699 - __main__ - INFO - AI评分: 4.83
2025-07-25 00:38:23,699 - __main__ - ERROR - 处理商品时出错: update_task_status() takes from 2 to 7 positional arguments but 8 were given
2025-07-25 00:38:23,700 - __main__ - INFO - 正在处理第 40/118 个商品: Adopt A Familiar designed and sold by Steven Rhode...
2025-07-25 00:38:23,703 - download_utils - INFO - 创建结果目录: E:\Lab\redbubble_ai\backend\results
2025-07-25 00:38:24,713 - download_utils - INFO - 图片下载成功: E:\Lab\redbubble_ai\backend\results\Adopt_A_Familiar_designed_and_sold_by_St_40.jpg
2025-07-25 00:38:24,715 - __main__ - INFO - 图片下载成功: True
2025-07-25 00:38:24,762 - __main__ - INFO - AI评分: 4.63
2025-07-25 00:38:24,762 - __main__ - ERROR - 处理商品时出错: update_task_status() takes from 2 to 7 positional arguments but 8 were given
2025-07-25 00:38:24,762 - __main__ - INFO - 正在处理第 41/118 个商品: Caring For Your Demon Cat designed and sold by Ste...
2025-07-25 00:38:24,766 - download_utils - INFO - 创建结果目录: E:\Lab\redbubble_ai\backend\results
2025-07-25 00:38:25,663 - download_utils - INFO - 图片下载成功: E:\Lab\redbubble_ai\backend\results\Caring_For_Your_Demon_Cat_designed_and_s_41.jpg
2025-07-25 00:38:25,664 - __main__ - INFO - 图片下载成功: True
2025-07-25 00:38:25,705 - __main__ - INFO - AI评分: 4.44
2025-07-25 00:38:25,705 - __main__ - ERROR - 处理商品时出错: update_task_status() takes from 2 to 7 positional arguments but 8 were given
2025-07-25 00:38:25,705 - __main__ - INFO - 正在处理第 42/118 个商品: Agnetha's Cat Dress (ABBA) designed and sold by le...
2025-07-25 00:38:25,709 - download_utils - INFO - 创建结果目录: E:\Lab\redbubble_ai\backend\results
2025-07-25 00:38:26,379 - download_utils - INFO - 图片下载成功: E:\Lab\redbubble_ai\backend\results\Agnetha's_Cat_Dress_(ABBA)_designed_and__42.jpg
2025-07-25 00:38:26,380 - __main__ - INFO - 图片下载成功: True
2025-07-25 00:38:26,439 - __main__ - INFO - AI评分: 4.79
2025-07-25 00:38:26,439 - __main__ - ERROR - 处理商品时出错: update_task_status() takes from 2 to 7 positional arguments but 8 were given
2025-07-25 00:38:26,439 - __main__ - INFO - 正在处理第 43/118 个商品: Recipes For Children designed and sold by Steven R...
2025-07-25 00:38:26,443 - download_utils - INFO - 创建结果目录: E:\Lab\redbubble_ai\backend\results
2025-07-25 00:38:27,348 - download_utils - INFO - 图片下载成功: E:\Lab\redbubble_ai\backend\results\Recipes_For_Children_designed_and_sold_b_43.jpg
2025-07-25 00:38:27,349 - __main__ - INFO - 图片下载成功: True
2025-07-25 00:38:27,405 - __main__ - INFO - AI评分: 4.89
2025-07-25 00:38:27,405 - __main__ - ERROR - 处理商品时出错: update_task_status() takes from 2 to 7 positional arguments but 8 were given
2025-07-25 00:38:27,405 - __main__ - INFO - 正在处理第 44/118 个商品: Funny Ramen designed and sold by LucieBeeArt.
2025-07-25 00:38:27,409 - download_utils - INFO - 创建结果目录: E:\Lab\redbubble_ai\backend\results
2025-07-25 00:38:30,231 - download_utils - INFO - 图片下载成功: E:\Lab\redbubble_ai\backend\results\Funny_Ramen_designed_and_sold_by_LucieBe_44.jpg
2025-07-25 00:38:30,233 - __main__ - INFO - 图片下载成功: True
2025-07-25 00:38:30,289 - __main__ - INFO - AI评分: 4.90
2025-07-25 00:38:30,290 - __main__ - ERROR - 处理商品时出错: update_task_status() takes from 2 to 7 positional arguments but 8 were given
2025-07-25 00:38:30,290 - __main__ - INFO - 正在处理第 45/118 个商品: Jonesy The Space Cat  designed and sold by sachpic...
2025-07-25 00:38:30,294 - download_utils - INFO - 创建结果目录: E:\Lab\redbubble_ai\backend\results
2025-07-25 00:38:31,086 - download_utils - INFO - 图片下载成功: E:\Lab\redbubble_ai\backend\results\Jonesy_The_Space_Cat__designed_and_sold__45.jpg
2025-07-25 00:38:31,087 - __main__ - INFO - 图片下载成功: True
2025-07-25 00:38:31,147 - __main__ - INFO - AI评分: 4.98
2025-07-25 00:38:31,147 - __main__ - ERROR - 处理商品时出错: update_task_status() takes from 2 to 7 positional arguments but 8 were given
2025-07-25 00:38:31,148 - __main__ - INFO - 正在处理第 46/118 个商品: Jaws - Paws, funny cat catching a mouse designed a...
2025-07-25 00:38:31,151 - download_utils - INFO - 创建结果目录: E:\Lab\redbubble_ai\backend\results
2025-07-25 00:38:32,286 - download_utils - INFO - 图片下载成功: E:\Lab\redbubble_ai\backend\results\Jaws_-_Paws,_funny_cat_catching_a_mouse__46.jpg
2025-07-25 00:38:32,288 - __main__ - INFO - 图片下载成功: True
2025-07-25 00:38:32,349 - __main__ - INFO - AI评分: 5.25
2025-07-25 00:38:32,349 - __main__ - ERROR - 处理商品时出错: update_task_status() takes from 2 to 7 positional arguments but 8 were given
2025-07-25 00:38:32,349 - __main__ - INFO - 正在处理第 47/118 个商品: Anni-Frid’s Cat Dress (ABBA) designed and sold by ...
2025-07-25 00:38:32,353 - download_utils - INFO - 创建结果目录: E:\Lab\redbubble_ai\backend\results
2025-07-25 00:38:33,056 - download_utils - INFO - 图片下载成功: E:\Lab\redbubble_ai\backend\results\Anni-Frid’s_Cat_Dress_(ABBA)_designed_an_47.jpg
2025-07-25 00:38:33,057 - __main__ - INFO - 图片下载成功: True
2025-07-25 00:38:33,104 - __main__ - INFO - AI评分: 4.89
2025-07-25 00:38:33,104 - __main__ - ERROR - 处理商品时出错: update_task_status() takes from 2 to 7 positional arguments but 8 were given
2025-07-25 00:38:33,104 - __main__ - INFO - 正在处理第 48/118 个商品: The Purrfect Alien  designed and sold by TigaTiga.
2025-07-25 00:38:33,108 - download_utils - INFO - 创建结果目录: E:\Lab\redbubble_ai\backend\results
2025-07-25 00:38:34,123 - download_utils - INFO - 图片下载成功: E:\Lab\redbubble_ai\backend\results\The_Purrfect_Alien__designed_and_sold_by_48.jpg
2025-07-25 00:38:34,124 - __main__ - INFO - 图片下载成功: True
2025-07-25 00:38:34,182 - __main__ - INFO - AI评分: 5.42
2025-07-25 00:38:34,182 - __main__ - ERROR - 处理商品时出错: update_task_status() takes from 2 to 7 positional arguments but 8 were given
2025-07-25 00:38:34,182 - __main__ - INFO - 正在处理第 49/118 个商品: Bottled Menace - Evil Black Cat designed and sold ...
2025-07-25 00:38:34,186 - download_utils - INFO - 创建结果目录: E:\Lab\redbubble_ai\backend\results
2025-07-25 00:38:38,556 - download_utils - INFO - 图片下载成功: E:\Lab\redbubble_ai\backend\results\Bottled_Menace_-_Evil_Black_Cat_designed_49.jpg
2025-07-25 00:38:38,558 - __main__ - INFO - 图片下载成功: True
2025-07-25 00:38:38,617 - __main__ - INFO - AI评分: 4.43
2025-07-25 00:38:38,617 - __main__ - ERROR - 处理商品时出错: update_task_status() takes from 2 to 7 positional arguments but 8 were given
2025-07-25 00:38:38,617 - __main__ - INFO - 正在处理第 50/118 个商品: Fast and Furious designed and sold by LucieBeeArt.
2025-07-25 00:38:38,621 - download_utils - INFO - 创建结果目录: E:\Lab\redbubble_ai\backend\results
2025-07-25 00:38:39,396 - download_utils - INFO - 图片下载成功: E:\Lab\redbubble_ai\backend\results\Fast_and_Furious_designed_and_sold_by_Lu_50.jpg
2025-07-25 00:38:39,396 - __main__ - INFO - 图片下载成功: True
2025-07-25 00:38:39,448 - __main__ - INFO - AI评分: 4.85
2025-07-25 00:38:39,449 - __main__ - ERROR - 处理商品时出错: update_task_status() takes from 2 to 7 positional arguments but 8 were given
2025-07-25 00:38:39,449 - __main__ - INFO - 正在处理第 51/118 个商品: Ukiyo e Samurai Cat  designed and sold by TheSamur...
2025-07-25 00:38:39,452 - download_utils - INFO - 创建结果目录: E:\Lab\redbubble_ai\backend\results
2025-07-25 00:38:42,184 - download_utils - INFO - 图片下载成功: E:\Lab\redbubble_ai\backend\results\Ukiyo_e_Samurai_Cat__designed_and_sold_b_51.jpg
2025-07-25 00:38:42,186 - __main__ - INFO - 图片下载成功: True
2025-07-25 00:38:42,231 - __main__ - INFO - AI评分: 4.85
2025-07-25 00:38:42,231 - __main__ - ERROR - 处理商品时出错: update_task_status() takes from 2 to 7 positional arguments but 8 were given
2025-07-25 00:38:42,231 - __main__ - INFO - 正在处理第 52/118 个商品: Disrespect Your Surroundings! (ORIGINAL) designed ...
2025-07-25 00:38:42,234 - download_utils - INFO - 创建结果目录: E:\Lab\redbubble_ai\backend\results
2025-07-25 00:38:43,135 - download_utils - INFO - 图片下载成功: E:\Lab\redbubble_ai\backend\results\Disrespect_Your_Surroundings!_(ORIGINAL)_52.jpg
2025-07-25 00:38:43,137 - __main__ - INFO - 图片下载成功: True
2025-07-25 00:38:43,201 - __main__ - INFO - AI评分: 4.76
2025-07-25 00:38:43,201 - __main__ - ERROR - 处理商品时出错: update_task_status() takes from 2 to 7 positional arguments but 8 were given
2025-07-25 00:38:43,202 - __main__ - INFO - 正在处理第 53/118 个商品: Swedish Folk Cats designed and sold by kostolom300...
2025-07-25 00:38:43,205 - download_utils - INFO - 创建结果目录: E:\Lab\redbubble_ai\backend\results
2025-07-25 00:38:43,935 - download_utils - INFO - 图片下载成功: E:\Lab\redbubble_ai\backend\results\Swedish_Folk_Cats_designed_and_sold_by_k_53.jpg
2025-07-25 00:38:43,936 - __main__ - INFO - 图片下载成功: True
2025-07-25 00:38:44,005 - __main__ - INFO - AI评分: 4.63
2025-07-25 00:38:44,005 - __main__ - ERROR - 处理商品时出错: update_task_status() takes from 2 to 7 positional arguments but 8 were given
2025-07-25 00:38:44,006 - __main__ - INFO - 正在处理第 54/118 个商品: Meowy Christmas designed and sold by irmirx.
2025-07-25 00:38:44,010 - download_utils - INFO - 创建结果目录: E:\Lab\redbubble_ai\backend\results
2025-07-25 00:38:44,685 - download_utils - INFO - 图片下载成功: E:\Lab\redbubble_ai\backend\results\Meowy_Christmas_designed_and_sold_by_irm_54.jpg
2025-07-25 00:38:44,686 - __main__ - INFO - 图片下载成功: True
2025-07-25 00:38:44,730 - __main__ - INFO - AI评分: 5.01
2025-07-25 00:38:44,730 - __main__ - ERROR - 处理商品时出错: update_task_status() takes from 2 to 7 positional arguments but 8 were given
2025-07-25 00:38:44,730 - __main__ - INFO - 正在处理第 55/118 个商品: Catzilla designed and sold by Le-Freak.
2025-07-25 00:38:44,733 - download_utils - INFO - 创建结果目录: E:\Lab\redbubble_ai\backend\results
2025-07-25 00:38:45,895 - download_utils - INFO - 图片下载成功: E:\Lab\redbubble_ai\backend\results\Catzilla_designed_and_sold_by_Le-Freak._55.jpg
2025-07-25 00:38:45,895 - __main__ - INFO - 图片下载成功: True
2025-07-25 00:38:45,953 - __main__ - INFO - AI评分: 4.97
2025-07-25 00:38:45,953 - __main__ - ERROR - 处理商品时出错: update_task_status() takes from 2 to 7 positional arguments but 8 were given
2025-07-25 00:38:45,953 - __main__ - INFO - 正在处理第 56/118 个商品: PURRFECT CREATION: And GOD Created Cats designed a...
2025-07-25 00:38:45,957 - download_utils - INFO - 创建结果目录: E:\Lab\redbubble_ai\backend\results
2025-07-25 00:38:46,695 - download_utils - INFO - 图片下载成功: E:\Lab\redbubble_ai\backend\results\PURRFECT_CREATION_And_GOD_Created_Cats_d_56.jpg
2025-07-25 00:38:46,697 - __main__ - INFO - 图片下载成功: True
2025-07-25 00:38:46,753 - __main__ - INFO - AI评分: 4.73
2025-07-25 00:38:46,753 - __main__ - ERROR - 处理商品时出错: update_task_status() takes from 2 to 7 positional arguments but 8 were given
2025-07-25 00:38:46,753 - __main__ - INFO - 正在处理第 57/118 个商品: nu metal music band designed and sold by serriltow...
2025-07-25 00:38:46,757 - download_utils - INFO - 创建结果目录: E:\Lab\redbubble_ai\backend\results
2025-07-25 00:38:47,869 - download_utils - INFO - 图片下载成功: E:\Lab\redbubble_ai\backend\results\nu_metal_music_band_designed_and_sold_by_57.jpg
2025-07-25 00:38:47,871 - __main__ - INFO - 图片下载成功: True
2025-07-25 00:38:47,928 - __main__ - INFO - AI评分: 4.77
2025-07-25 00:38:47,928 - __main__ - ERROR - 处理商品时出错: update_task_status() takes from 2 to 7 positional arguments but 8 were given
2025-07-25 00:38:47,928 - __main__ - INFO - 正在处理第 58/118 个商品: Lesbians Eat What?! Funny Cat Gay Pride LGBTQ Pun ...
2025-07-25 00:38:47,932 - download_utils - INFO - 创建结果目录: E:\Lab\redbubble_ai\backend\results
2025-07-25 00:38:49,036 - download_utils - INFO - 图片下载成功: E:\Lab\redbubble_ai\backend\results\Lesbians_Eat_What!_Funny_Cat_Gay_Pride_L_58.jpg
2025-07-25 00:38:49,037 - __main__ - INFO - 图片下载成功: True
2025-07-25 00:38:49,093 - __main__ - INFO - AI评分: 4.67
2025-07-25 00:38:49,093 - __main__ - ERROR - 处理商品时出错: update_task_status() takes from 2 to 7 positional arguments but 8 were given
2025-07-25 00:38:49,093 - __main__ - INFO - 正在处理第 59/118 个商品: Cute Cat Riding Unicorn - Giddy Up, There’s Chaos ...
2025-07-25 00:38:49,097 - download_utils - INFO - 创建结果目录: E:\Lab\redbubble_ai\backend\results
2025-07-25 00:38:49,905 - download_utils - INFO - 图片下载成功: E:\Lab\redbubble_ai\backend\results\Cute_Cat_Riding_Unicorn_-_Giddy_Up,_Ther_59.jpg
2025-07-25 00:38:49,906 - __main__ - INFO - 图片下载成功: True
2025-07-25 00:38:49,948 - __main__ - INFO - AI评分: 5.10
2025-07-25 00:38:49,949 - __main__ - ERROR - 处理商品时出错: update_task_status() takes from 2 to 7 positional arguments but 8 were given
2025-07-25 00:38:49,949 - __main__ - INFO - 正在处理第 60/118 个商品: Death Rides A Black Cat designed and sold by obins...
2025-07-25 00:38:49,952 - download_utils - INFO - 创建结果目录: E:\Lab\redbubble_ai\backend\results
2025-07-25 00:38:51,021 - download_utils - INFO - 图片下载成功: E:\Lab\redbubble_ai\backend\results\Death_Rides_A_Black_Cat_designed_and_sol_60.jpg
2025-07-25 00:38:51,023 - __main__ - INFO - 图片下载成功: True
2025-07-25 00:38:51,079 - __main__ - INFO - AI评分: 4.81
2025-07-25 00:38:51,079 - __main__ - ERROR - 处理商品时出错: update_task_status() takes from 2 to 7 positional arguments but 8 were given
2025-07-25 00:38:51,079 - __main__ - INFO - 正在处理第 61/118 个商品: CAT STARRY NIGHT designed and sold by Sameart ⭐⭐⭐⭐...
2025-07-25 00:38:51,083 - download_utils - INFO - 创建结果目录: E:\Lab\redbubble_ai\backend\results
2025-07-25 00:38:51,978 - download_utils - INFO - 图片下载成功: E:\Lab\redbubble_ai\backend\results\CAT_STARRY_NIGHT_designed_and_sold_by_Sa_61.jpg
2025-07-25 00:38:51,978 - __main__ - INFO - 图片下载成功: True
2025-07-25 00:38:52,020 - __main__ - INFO - AI评分: 4.63
2025-07-25 00:38:52,021 - __main__ - ERROR - 处理商品时出错: update_task_status() takes from 2 to 7 positional arguments but 8 were given
2025-07-25 00:38:52,021 - __main__ - INFO - 正在处理第 62/118 个商品: Comrade Garf designed and sold by KennMila.
2025-07-25 00:38:52,024 - download_utils - INFO - 创建结果目录: E:\Lab\redbubble_ai\backend\results
2025-07-25 00:38:52,819 - download_utils - INFO - 图片下载成功: E:\Lab\redbubble_ai\backend\results\Comrade_Garf_designed_and_sold_by_KennMi_62.jpg
2025-07-25 00:38:52,821 - __main__ - INFO - 图片下载成功: True
2025-07-25 00:38:52,877 - __main__ - INFO - AI评分: 5.18
2025-07-25 00:38:52,877 - __main__ - ERROR - 处理商品时出错: update_task_status() takes from 2 to 7 positional arguments but 8 were given
2025-07-25 00:38:52,877 - __main__ - INFO - 正在处理第 63/118 个商品: Orange Cat Want Uppies designed and sold by CatShi...
2025-07-25 00:38:52,881 - download_utils - INFO - 创建结果目录: E:\Lab\redbubble_ai\backend\results
2025-07-25 00:38:54,281 - download_utils - INFO - 图片下载成功: E:\Lab\redbubble_ai\backend\results\Orange_Cat_Want_Uppies_designed_and_sold_63.jpg
2025-07-25 00:38:54,283 - __main__ - INFO - 图片下载成功: True
2025-07-25 00:38:54,342 - __main__ - INFO - AI评分: 4.92
2025-07-25 00:38:54,343 - __main__ - ERROR - 处理商品时出错: update_task_status() takes from 2 to 7 positional arguments but 8 were given
2025-07-25 00:38:54,343 - __main__ - INFO - 正在处理第 64/118 个商品: Too Lazy to Be Purr-fect – Funny Cat Quote designe...
2025-07-25 00:38:54,347 - download_utils - INFO - 创建结果目录: E:\Lab\redbubble_ai\backend\results
2025-07-25 00:38:55,249 - download_utils - INFO - 图片下载成功: E:\Lab\redbubble_ai\backend\results\Too_Lazy_to_Be_Purr-fect_–_Funny_Cat_Quo_64.jpg
2025-07-25 00:38:55,250 - __main__ - INFO - 图片下载成功: True
2025-07-25 00:38:55,304 - __main__ - INFO - AI评分: 4.92
2025-07-25 00:38:55,304 - __main__ - ERROR - 处理商品时出错: update_task_status() takes from 2 to 7 positional arguments but 8 were given
2025-07-25 00:38:55,304 - __main__ - INFO - 正在处理第 65/118 个商品: BOC Beachy Orange Cat 11 - BOC and His Beachy Frie...
2025-07-25 00:38:55,308 - download_utils - INFO - 创建结果目录: E:\Lab\redbubble_ai\backend\results
2025-07-25 00:38:56,903 - download_utils - INFO - 图片下载成功: E:\Lab\redbubble_ai\backend\results\BOC_Beachy_Orange_Cat_11_-_BOC_and_His_B_65.jpg
2025-07-25 00:38:56,903 - __main__ - INFO - 图片下载成功: True
2025-07-25 00:38:56,958 - __main__ - INFO - AI评分: 4.74
2025-07-25 00:38:56,958 - __main__ - ERROR - 处理商品时出错: update_task_status() takes from 2 to 7 positional arguments but 8 were given
2025-07-25 00:38:56,958 - __main__ - INFO - 正在处理第 66/118 个商品: Ew People designed and sold by artworkbyrihen.
2025-07-25 00:38:56,962 - download_utils - INFO - 创建结果目录: E:\Lab\redbubble_ai\backend\results
2025-07-25 00:38:57,692 - download_utils - INFO - 图片下载成功: E:\Lab\redbubble_ai\backend\results\Ew_People_designed_and_sold_by_artworkby_66.jpg
2025-07-25 00:38:57,694 - __main__ - INFO - 图片下载成功: True
2025-07-25 00:38:57,737 - __main__ - INFO - AI评分: 4.94
2025-07-25 00:38:57,737 - __main__ - ERROR - 处理商品时出错: update_task_status() takes from 2 to 7 positional arguments but 8 were given
2025-07-25 00:38:57,737 - __main__ - INFO - 正在处理第 67/118 个商品: Pussy Power Funny Cat designed and sold by Tomasau...
2025-07-25 00:38:57,741 - download_utils - INFO - 创建结果目录: E:\Lab\redbubble_ai\backend\results
2025-07-25 00:38:58,625 - download_utils - INFO - 图片下载成功: E:\Lab\redbubble_ai\backend\results\Pussy_Power_Funny_Cat_designed_and_sold__67.jpg
2025-07-25 00:38:58,627 - __main__ - INFO - 图片下载成功: True
2025-07-25 00:38:58,688 - __main__ - INFO - AI评分: 4.98
2025-07-25 00:38:58,688 - __main__ - ERROR - 处理商品时出错: update_task_status() takes from 2 to 7 positional arguments but 8 were given
2025-07-25 00:38:58,688 - __main__ - INFO - 正在处理第 68/118 个商品: American Shorthair happy designed and sold by Toru...
2025-07-25 00:38:58,692 - download_utils - INFO - 创建结果目录: E:\Lab\redbubble_ai\backend\results
2025-07-25 00:38:59,355 - download_utils - INFO - 图片下载成功: E:\Lab\redbubble_ai\backend\results\American_Shorthair_happy_designed_and_so_68.jpg
2025-07-25 00:38:59,356 - __main__ - INFO - 图片下载成功: True
2025-07-25 00:38:59,407 - __main__ - INFO - AI评分: 4.74
2025-07-25 00:38:59,407 - __main__ - ERROR - 处理商品时出错: update_task_status() takes from 2 to 7 positional arguments but 8 were given
2025-07-25 00:38:59,407 - __main__ - INFO - 正在处理第 69/118 个商品: Angus Rocks designed and sold by pierolda.
2025-07-25 00:38:59,411 - download_utils - INFO - 创建结果目录: E:\Lab\redbubble_ai\backend\results
2025-07-25 00:39:01,261 - download_utils - INFO - 图片下载成功: E:\Lab\redbubble_ai\backend\results\Angus_Rocks_designed_and_sold_by_pierold_69.jpg
2025-07-25 00:39:01,261 - __main__ - INFO - 图片下载成功: True
2025-07-25 00:39:01,308 - __main__ - INFO - AI评分: 5.06
2025-07-25 00:39:01,308 - __main__ - ERROR - 处理商品时出错: update_task_status() takes from 2 to 7 positional arguments but 8 were given
2025-07-25 00:39:01,308 - __main__ - INFO - 正在处理第 70/118 个商品: I do not think therefore I do not am - cat meme po...
2025-07-25 00:39:01,311 - download_utils - INFO - 创建结果目录: E:\Lab\redbubble_ai\backend\results
2025-07-25 00:39:02,933 - download_utils - INFO - 图片下载成功: E:\Lab\redbubble_ai\backend\results\I_do_not_think_therefore_I_do_not_am_-_c_70.jpg
2025-07-25 00:39:02,935 - __main__ - INFO - 图片下载成功: True
2025-07-25 00:39:03,001 - __main__ - INFO - AI评分: 4.45
2025-07-25 00:39:03,001 - __main__ - ERROR - 处理商品时出错: update_task_status() takes from 2 to 7 positional arguments but 8 were given
2025-07-25 00:39:03,002 - __main__ - INFO - 正在处理第 71/118 个商品: Cute Cat & Bird Jinu's Pets Demons designed and so...
2025-07-25 00:39:03,006 - download_utils - INFO - 创建结果目录: E:\Lab\redbubble_ai\backend\results
2025-07-25 00:39:04,218 - download_utils - INFO - 图片下载成功: E:\Lab\redbubble_ai\backend\results\Cute_Cat_&_Bird_Jinu's_Pets_Demons_desig_71.jpg
2025-07-25 00:39:04,219 - __main__ - INFO - 图片下载成功: True
2025-07-25 00:39:04,273 - __main__ - INFO - AI评分: 4.69
2025-07-25 00:39:04,274 - __main__ - ERROR - 处理商品时出错: update_task_status() takes from 2 to 7 positional arguments but 8 were given
2025-07-25 00:39:04,274 - __main__ - INFO - 正在处理第 72/118 个商品: A Quiet Spooky Spot (Book Reading Monster) designe...
2025-07-25 00:39:04,278 - download_utils - INFO - 创建结果目录: E:\Lab\redbubble_ai\backend\results
2025-07-25 00:39:05,012 - download_utils - INFO - 图片下载成功: E:\Lab\redbubble_ai\backend\results\A_Quiet_Spooky_Spot_(Book_Reading_Monste_72.jpg
2025-07-25 00:39:05,013 - __main__ - INFO - 图片下载成功: True
2025-07-25 00:39:05,055 - __main__ - INFO - AI评分: 4.83
2025-07-25 00:39:05,055 - __main__ - ERROR - 处理商品时出错: update_task_status() takes from 2 to 7 positional arguments but 8 were given
2025-07-25 00:39:05,055 - __main__ - INFO - 正在处理第 73/118 个商品: Vintage Japanese Cat "Kawaii" Anime designed and s...
2025-07-25 00:39:05,059 - download_utils - INFO - 创建结果目录: E:\Lab\redbubble_ai\backend\results
2025-07-25 00:39:06,000 - download_utils - INFO - 图片下载成功: E:\Lab\redbubble_ai\backend\results\Vintage_Japanese_Cat_Kawaii_Anime_design_73.jpg
2025-07-25 00:39:06,000 - __main__ - INFO - 图片下载成功: True
2025-07-25 00:39:06,050 - __main__ - INFO - AI评分: 4.94
2025-07-25 00:39:06,051 - __main__ - ERROR - 处理商品时出错: update_task_status() takes from 2 to 7 positional arguments but 8 were given
2025-07-25 00:39:06,051 - __main__ - INFO - 正在处理第 74/118 个商品: Microplastics in Balls Funny Cat Meme Gifts design...
2025-07-25 00:39:06,055 - download_utils - INFO - 创建结果目录: E:\Lab\redbubble_ai\backend\results
2025-07-25 00:39:06,813 - download_utils - INFO - 图片下载成功: E:\Lab\redbubble_ai\backend\results\Microplastics_in_Balls_Funny_Cat_Meme_Gi_74.jpg
2025-07-25 00:39:06,813 - __main__ - INFO - 图片下载成功: True
2025-07-25 00:39:06,855 - __main__ - INFO - AI评分: 4.77
2025-07-25 00:39:06,855 - __main__ - ERROR - 处理商品时出错: update_task_status() takes from 2 to 7 positional arguments but 8 were given
2025-07-25 00:39:06,855 - __main__ - INFO - 正在处理第 75/118 个商品: Soot studio ghibli designed and sold by LucieBeeAr...
2025-07-25 00:39:06,859 - download_utils - INFO - 创建结果目录: E:\Lab\redbubble_ai\backend\results
2025-07-25 00:39:07,635 - download_utils - INFO - 图片下载成功: E:\Lab\redbubble_ai\backend\results\Soot_studio_ghibli_designed_and_sold_by__75.jpg
2025-07-25 00:39:07,636 - __main__ - INFO - 图片下载成功: True
2025-07-25 00:39:07,679 - __main__ - INFO - AI评分: 5.18
2025-07-25 00:39:07,679 - __main__ - ERROR - 处理商品时出错: update_task_status() takes from 2 to 7 positional arguments but 8 were given
2025-07-25 00:39:07,679 - __main__ - INFO - 正在处理第 76/118 个商品: Ski-Doo Logo designed and sold by novinov.
2025-07-25 00:39:07,684 - download_utils - INFO - 创建结果目录: E:\Lab\redbubble_ai\backend\results
2025-07-25 00:39:08,778 - download_utils - INFO - 图片下载成功: E:\Lab\redbubble_ai\backend\results\Ski-Doo_Logo_designed_and_sold_by_novino_76.jpg
2025-07-25 00:39:08,780 - __main__ - INFO - 图片下载成功: True
2025-07-25 00:39:08,837 - __main__ - INFO - AI评分: 4.98
2025-07-25 00:39:08,837 - __main__ - ERROR - 处理商品时出错: update_task_status() takes from 2 to 7 positional arguments but 8 were given
2025-07-25 00:39:08,837 - __main__ - INFO - 正在处理第 77/118 个商品: Cathulhu: The feline that lurks in the shadows. de...
2025-07-25 00:39:08,841 - download_utils - INFO - 创建结果目录: E:\Lab\redbubble_ai\backend\results
2025-07-25 00:39:10,148 - download_utils - INFO - 图片下载成功: E:\Lab\redbubble_ai\backend\results\Cathulhu_The_feline_that_lurks_in_the_sh_77.jpg
2025-07-25 00:39:10,150 - __main__ - INFO - 图片下载成功: True
2025-07-25 00:39:10,209 - __main__ - INFO - AI评分: 4.78
2025-07-25 00:39:10,209 - __main__ - ERROR - 处理商品时出错: update_task_status() takes from 2 to 7 positional arguments but 8 were given
2025-07-25 00:39:10,209 - __main__ - INFO - 正在处理第 78/118 个商品: NO Funny Cat  designed and sold by BrownHorse90s.
2025-07-25 00:39:10,212 - download_utils - INFO - 创建结果目录: E:\Lab\redbubble_ai\backend\results
2025-07-25 00:39:12,560 - download_utils - INFO - 图片下载成功: E:\Lab\redbubble_ai\backend\results\NO_Funny_Cat__designed_and_sold_by_Brown_78.jpg
2025-07-25 00:39:12,561 - __main__ - INFO - 图片下载成功: True
2025-07-25 00:39:12,616 - __main__ - INFO - AI评分: 4.65
2025-07-25 00:39:12,616 - __main__ - ERROR - 处理商品时出错: update_task_status() takes from 2 to 7 positional arguments but 8 were given
2025-07-25 00:39:12,616 - __main__ - INFO - 正在处理第 79/118 个商品: Freya Driving Her Cat Chariot designed and sold by...
2025-07-25 00:39:12,620 - download_utils - INFO - 创建结果目录: E:\Lab\redbubble_ai\backend\results
2025-07-25 00:39:13,412 - download_utils - INFO - 图片下载成功: E:\Lab\redbubble_ai\backend\results\Freya_Driving_Her_Cat_Chariot_designed_a_79.jpg
2025-07-25 00:39:13,413 - __main__ - INFO - 图片下载成功: True
2025-07-25 00:39:13,459 - __main__ - INFO - AI评分: 4.75
2025-07-25 00:39:13,459 - __main__ - ERROR - 处理商品时出错: update_task_status() takes from 2 to 7 positional arguments but 8 were given
2025-07-25 00:39:13,459 - __main__ - INFO - 正在处理第 80/118 个商品: Art History designed and sold by Thiago Corrêa.
2025-07-25 00:39:13,463 - download_utils - INFO - 创建结果目录: E:\Lab\redbubble_ai\backend\results
2025-07-25 00:39:14,200 - download_utils - INFO - 图片下载成功: E:\Lab\redbubble_ai\backend\results\Art_History_designed_and_sold_by_Thiago__80.jpg
2025-07-25 00:39:14,200 - __main__ - INFO - 图片下载成功: True
2025-07-25 00:39:14,258 - __main__ - INFO - AI评分: 5.02
2025-07-25 00:39:14,258 - __main__ - ERROR - 处理商品时出错: update_task_status() takes from 2 to 7 positional arguments but 8 were given
2025-07-25 00:39:14,258 - __main__ - INFO - 正在处理第 81/118 个商品: Schrodingers Cat Revenge designed and sold by t1n3...
2025-07-25 00:39:14,262 - download_utils - INFO - 创建结果目录: E:\Lab\redbubble_ai\backend\results
2025-07-25 00:39:15,411 - download_utils - INFO - 图片下载成功: E:\Lab\redbubble_ai\backend\results\Schrodingers_Cat_Revenge_designed_and_so_81.jpg
2025-07-25 00:39:15,411 - __main__ - INFO - 图片下载成功: True
2025-07-25 00:39:15,458 - __main__ - INFO - AI评分: 4.61
2025-07-25 00:39:15,458 - __main__ - ERROR - 处理商品时出错: update_task_status() takes from 2 to 7 positional arguments but 8 were given
2025-07-25 00:39:15,459 - __main__ - INFO - 正在处理第 82/118 个商品: the ameozing spider cat t - spider cat hoodies - s...
2025-07-25 00:39:15,463 - download_utils - INFO - 创建结果目录: E:\Lab\redbubble_ai\backend\results
2025-07-25 00:39:16,313 - download_utils - INFO - 图片下载成功: E:\Lab\redbubble_ai\backend\results\the_ameozing_spider_cat_t_-_spider_cat_h_82.jpg
2025-07-25 00:39:16,314 - __main__ - INFO - 图片下载成功: True
2025-07-25 00:39:16,356 - __main__ - INFO - AI评分: 4.56
2025-07-25 00:39:16,356 - __main__ - ERROR - 处理商品时出错: update_task_status() takes from 2 to 7 positional arguments but 8 were given
2025-07-25 00:39:16,356 - __main__ - INFO - 正在处理第 83/118 个商品: Hiss Funny Cat Lover designed and sold by BaiHeng.
2025-07-25 00:39:16,360 - download_utils - INFO - 创建结果目录: E:\Lab\redbubble_ai\backend\results
2025-07-25 00:39:17,184 - download_utils - INFO - 图片下载成功: E:\Lab\redbubble_ai\backend\results\Hiss_Funny_Cat_Lover_designed_and_sold_b_83.jpg
2025-07-25 00:39:17,185 - __main__ - INFO - 图片下载成功: True
2025-07-25 00:39:17,238 - __main__ - INFO - AI评分: 5.29
2025-07-25 00:39:17,238 - __main__ - ERROR - 处理商品时出错: update_task_status() takes from 2 to 7 positional arguments but 8 were given
2025-07-25 00:39:17,238 - __main__ - INFO - 正在处理第 84/118 个商品: Ronin Cat 5 designed and sold by TheSamuraiCat.
2025-07-25 00:39:17,243 - download_utils - INFO - 创建结果目录: E:\Lab\redbubble_ai\backend\results
2025-07-25 00:39:18,453 - download_utils - INFO - 图片下载成功: E:\Lab\redbubble_ai\backend\results\Ronin_Cat_5_designed_and_sold_by_TheSamu_84.jpg
2025-07-25 00:39:18,454 - __main__ - INFO - 图片下载成功: True
2025-07-25 00:39:18,498 - __main__ - INFO - AI评分: 4.68
2025-07-25 00:39:18,498 - __main__ - ERROR - 处理商品时出错: update_task_status() takes from 2 to 7 positional arguments but 8 were given
2025-07-25 00:39:18,498 - __main__ - INFO - 正在处理第 85/118 个商品: Cats Against Fascists designed and sold by Kilkenn...
2025-07-25 00:39:18,502 - download_utils - INFO - 创建结果目录: E:\Lab\redbubble_ai\backend\results
2025-07-25 00:39:19,420 - download_utils - INFO - 图片下载成功: E:\Lab\redbubble_ai\backend\results\Cats_Against_Fascists_designed_and_sold__85.jpg
2025-07-25 00:39:19,422 - __main__ - INFO - 图片下载成功: True
2025-07-25 00:39:19,483 - __main__ - INFO - AI评分: 4.90
2025-07-25 00:39:19,484 - __main__ - ERROR - 处理商品时出错: update_task_status() takes from 2 to 7 positional arguments but 8 were given
2025-07-25 00:39:19,484 - __main__ - INFO - 正在处理第 86/118 个商品: Social Interactions Limit Reached designed and sol...
2025-07-25 00:39:19,487 - download_utils - INFO - 创建结果目录: E:\Lab\redbubble_ai\backend\results
2025-07-25 00:39:21,209 - download_utils - INFO - 图片下载成功: E:\Lab\redbubble_ai\backend\results\Social_Interactions_Limit_Reached_design_86.jpg
2025-07-25 00:39:21,210 - __main__ - INFO - 图片下载成功: True
2025-07-25 00:39:21,256 - __main__ - INFO - AI评分: 4.69
2025-07-25 00:39:21,256 - __main__ - ERROR - 处理商品时出错: update_task_status() takes from 2 to 7 positional arguments but 8 were given
2025-07-25 00:39:21,256 - __main__ - INFO - 正在处理第 87/118 个商品: Shinobi Cat designed and sold by vincenttrinidad.
2025-07-25 00:39:21,259 - download_utils - INFO - 创建结果目录: E:\Lab\redbubble_ai\backend\results
2025-07-25 00:39:21,941 - download_utils - INFO - 图片下载成功: E:\Lab\redbubble_ai\backend\results\Shinobi_Cat_designed_and_sold_by_vincent_87.jpg
2025-07-25 00:39:21,941 - __main__ - INFO - 图片下载成功: True
2025-07-25 00:39:21,985 - __main__ - INFO - AI评分: 4.75
2025-07-25 00:39:21,985 - __main__ - ERROR - 处理商品时出错: update_task_status() takes from 2 to 7 positional arguments but 8 were given
2025-07-25 00:39:21,986 - __main__ - INFO - 正在处理第 88/118 个商品: Well, this is a cool and wet day. designed and sol...
2025-07-25 00:39:21,989 - download_utils - INFO - 创建结果目录: E:\Lab\redbubble_ai\backend\results
2025-07-25 00:39:23,053 - download_utils - INFO - 图片下载成功: E:\Lab\redbubble_ai\backend\results\Well,_this_is_a_cool_and_wet_day._design_88.jpg
2025-07-25 00:39:23,054 - __main__ - INFO - 图片下载成功: True
2025-07-25 00:39:23,097 - __main__ - INFO - AI评分: 4.55
2025-07-25 00:39:23,097 - __main__ - ERROR - 处理商品时出错: update_task_status() takes from 2 to 7 positional arguments but 8 were given
2025-07-25 00:39:23,098 - __main__ - INFO - 正在处理第 89/118 个商品: Cat with Wrench | Playful and Mechanically-Inspire...
2025-07-25 00:39:23,101 - download_utils - INFO - 创建结果目录: E:\Lab\redbubble_ai\backend\results
2025-07-25 00:39:24,877 - download_utils - INFO - 图片下载成功: E:\Lab\redbubble_ai\backend\results\Cat_with_Wrench__Playful_and_Mechanicall_89.jpg
2025-07-25 00:39:24,879 - __main__ - INFO - 图片下载成功: True
2025-07-25 00:39:24,937 - __main__ - INFO - AI评分: 4.77
2025-07-25 00:39:24,937 - __main__ - ERROR - 处理商品时出错: update_task_status() takes from 2 to 7 positional arguments but 8 were given
2025-07-25 00:39:24,937 - __main__ - INFO - 正在处理第 90/118 个商品: No. You do it. designed and sold by Martin Jay.
2025-07-25 00:39:24,941 - download_utils - INFO - 创建结果目录: E:\Lab\redbubble_ai\backend\results
2025-07-25 00:39:25,852 - download_utils - INFO - 图片下载成功: E:\Lab\redbubble_ai\backend\results\No._You_do_it._designed_and_sold_by_Mart_90.jpg
2025-07-25 00:39:25,853 - __main__ - INFO - 图片下载成功: True
2025-07-25 00:39:25,906 - __main__ - INFO - AI评分: 4.73
2025-07-25 00:39:25,907 - __main__ - ERROR - 处理商品时出错: update_task_status() takes from 2 to 7 positional arguments but 8 were given
2025-07-25 00:39:25,907 - __main__ - INFO - 正在处理第 91/118 个商品: Across The Street studio ghibli designed and sold ...
2025-07-25 00:39:25,910 - download_utils - INFO - 创建结果目录: E:\Lab\redbubble_ai\backend\results
2025-07-25 00:39:26,722 - download_utils - INFO - 图片下载成功: E:\Lab\redbubble_ai\backend\results\Across_The_Street_studio_ghibli_designed_91.jpg
2025-07-25 00:39:26,723 - __main__ - INFO - 图片下载成功: True
2025-07-25 00:39:26,768 - __main__ - INFO - AI评分: 4.51
2025-07-25 00:39:26,768 - __main__ - ERROR - 处理商品时出错: update_task_status() takes from 2 to 7 positional arguments but 8 were given
2025-07-25 00:39:26,768 - __main__ - INFO - 正在处理第 92/118 个商品: More Espresso Less Depresso Meme - Funny Coffee Ca...
2025-07-25 00:39:26,772 - download_utils - INFO - 创建结果目录: E:\Lab\redbubble_ai\backend\results
2025-07-25 00:39:28,193 - download_utils - INFO - 图片下载成功: E:\Lab\redbubble_ai\backend\results\More_Espresso_Less_Depresso_Meme_-_Funny_92.jpg
2025-07-25 00:39:28,194 - __main__ - INFO - 图片下载成功: True
2025-07-25 00:39:28,237 - __main__ - INFO - AI评分: 4.58
2025-07-25 00:39:28,237 - __main__ - ERROR - 处理商品时出错: update_task_status() takes from 2 to 7 positional arguments but 8 were given
2025-07-25 00:39:28,238 - __main__ - INFO - 正在处理第 93/118 个商品: cat ramen japan designed and sold by IAPICTURE.
2025-07-25 00:39:28,241 - download_utils - INFO - 创建结果目录: E:\Lab\redbubble_ai\backend\results
2025-07-25 00:39:29,191 - download_utils - INFO - 图片下载成功: E:\Lab\redbubble_ai\backend\results\cat_ramen_japan_designed_and_sold_by_IAP_93.jpg
2025-07-25 00:39:29,192 - __main__ - INFO - 图片下载成功: True
2025-07-25 00:39:29,252 - __main__ - INFO - AI评分: 4.98
2025-07-25 00:39:29,252 - __main__ - ERROR - 处理商品时出错: update_task_status() takes from 2 to 7 positional arguments but 8 were given
2025-07-25 00:39:29,252 - __main__ - INFO - 正在处理第 94/118 个商品: Doom Cat designed and sold by obinsun.
2025-07-25 00:39:29,256 - download_utils - INFO - 创建结果目录: E:\Lab\redbubble_ai\backend\results
2025-07-25 00:39:30,051 - download_utils - INFO - 图片下载成功: E:\Lab\redbubble_ai\backend\results\Doom_Cat_designed_and_sold_by_obinsun._94.jpg
2025-07-25 00:39:30,052 - __main__ - INFO - 图片下载成功: True
2025-07-25 00:39:30,099 - __main__ - INFO - AI评分: 4.88
2025-07-25 00:39:30,099 - __main__ - ERROR - 处理商品时出错: update_task_status() takes from 2 to 7 positional arguments but 8 were given
2025-07-25 00:39:30,099 - __main__ - INFO - 正在处理第 95/118 个商品: Yamato transport (ヤマト運輸) logo classic t shirt desi...
2025-07-25 00:39:30,103 - download_utils - INFO - 创建结果目录: E:\Lab\redbubble_ai\backend\results
2025-07-25 00:39:31,322 - download_utils - INFO - 图片下载成功: E:\Lab\redbubble_ai\backend\results\Yamato_transport_(ヤマト運輸)_logo_classic_t__95.jpg
2025-07-25 00:39:31,323 - __main__ - INFO - 图片下载成功: True
2025-07-25 00:39:31,385 - __main__ - INFO - AI评分: 4.94
2025-07-25 00:39:31,385 - __main__ - ERROR - 处理商品时出错: update_task_status() takes from 2 to 7 positional arguments but 8 were given
2025-07-25 00:39:31,385 - __main__ - INFO - 正在处理第 96/118 个商品: Retro Vintage Halloween Black Cat Winking Face des...
2025-07-25 00:39:31,389 - download_utils - INFO - 创建结果目录: E:\Lab\redbubble_ai\backend\results
2025-07-25 00:39:32,211 - download_utils - INFO - 图片下载成功: E:\Lab\redbubble_ai\backend\results\Retro_Vintage_Halloween_Black_Cat_Winkin_96.jpg
2025-07-25 00:39:32,211 - __main__ - INFO - 图片下载成功: True
2025-07-25 00:39:32,266 - __main__ - INFO - AI评分: 4.92
2025-07-25 00:39:32,266 - __main__ - ERROR - 处理商品时出错: update_task_status() takes from 2 to 7 positional arguments but 8 were given
2025-07-25 00:39:32,266 - __main__ - INFO - 正在处理第 97/118 个商品: Palestine Cat designed and sold by Riv9.
2025-07-25 00:39:32,271 - download_utils - INFO - 创建结果目录: E:\Lab\redbubble_ai\backend\results
2025-07-25 00:39:34,877 - download_utils - INFO - 图片下载成功: E:\Lab\redbubble_ai\backend\results\Palestine_Cat_designed_and_sold_by_Riv9._97.jpg
2025-07-25 00:39:34,878 - __main__ - INFO - 图片下载成功: True
2025-07-25 00:39:34,935 - __main__ - INFO - AI评分: 4.90
2025-07-25 00:39:34,935 - __main__ - ERROR - 处理商品时出错: update_task_status() takes from 2 to 7 positional arguments but 8 were given
2025-07-25 00:39:34,936 - __main__ - INFO - 正在处理第 98/118 个商品: FUR ANTIDEPRESSANT . Cute black cat illustration. ...
2025-07-25 00:39:34,940 - download_utils - INFO - 创建结果目录: E:\Lab\redbubble_ai\backend\results
2025-07-25 00:39:36,050 - download_utils - INFO - 图片下载成功: E:\Lab\redbubble_ai\backend\results\FUR_ANTIDEPRESSANT_._Cute_black_cat_illu_98.jpg
2025-07-25 00:39:36,050 - __main__ - INFO - 图片下载成功: True
2025-07-25 00:39:36,093 - __main__ - INFO - AI评分: 5.03
2025-07-25 00:39:36,094 - __main__ - ERROR - 处理商品时出错: update_task_status() takes from 2 to 7 positional arguments but 8 were given
2025-07-25 00:39:36,094 - __main__ - INFO - 正在处理第 99/118 个商品: A White Hole: So What is It? designed and sold by ...
2025-07-25 00:39:36,097 - download_utils - INFO - 创建结果目录: E:\Lab\redbubble_ai\backend\results
2025-07-25 00:39:36,945 - download_utils - INFO - 图片下载成功: E:\Lab\redbubble_ai\backend\results\A_White_Hole_So_What_is_It_designed_and__99.jpg
2025-07-25 00:39:36,947 - __main__ - INFO - 图片下载成功: True
2025-07-25 00:39:37,004 - __main__ - INFO - AI评分: 5.08
2025-07-25 00:39:37,004 - __main__ - ERROR - 处理商品时出错: update_task_status() takes from 2 to 7 positional arguments but 8 were given
2025-07-25 00:39:37,004 - __main__ - INFO - 正在处理第 100/118 个商品: Cat Tree by Tobe Fonseca designed and sold by Tobe...
2025-07-25 00:39:37,008 - download_utils - INFO - 创建结果目录: E:\Lab\redbubble_ai\backend\results
2025-07-25 00:39:38,296 - download_utils - INFO - 图片下载成功: E:\Lab\redbubble_ai\backend\results\Cat_Tree_by_Tobe_Fonseca_designed_and_so_100.jpg
2025-07-25 00:39:38,298 - __main__ - INFO - 图片下载成功: True
2025-07-25 00:39:38,353 - __main__ - INFO - AI评分: 4.83
2025-07-25 00:39:38,354 - __main__ - ERROR - 处理商品时出错: update_task_status() takes from 2 to 7 positional arguments but 8 were given
2025-07-25 00:39:38,354 - __main__ - INFO - 正在处理第 101/118 个商品: Triple Thurston Moon Cats! designed and sold by Th...
2025-07-25 00:39:38,358 - download_utils - INFO - 创建结果目录: E:\Lab\redbubble_ai\backend\results
2025-07-25 00:39:39,219 - download_utils - INFO - 图片下载成功: E:\Lab\redbubble_ai\backend\results\Triple_Thurston_Moon_Cats!_designed_and__101.jpg
2025-07-25 00:39:39,220 - __main__ - INFO - 图片下载成功: True
2025-07-25 00:39:39,265 - __main__ - INFO - AI评分: 5.00
2025-07-25 00:39:39,265 - __main__ - ERROR - 处理商品时出错: update_task_status() takes from 2 to 7 positional arguments but 8 were given
2025-07-25 00:39:39,266 - __main__ - INFO - 正在处理第 102/118 个商品: Cats and Metal designed and sold by obinsun.
2025-07-25 00:39:39,269 - download_utils - INFO - 创建结果目录: E:\Lab\redbubble_ai\backend\results
2025-07-25 00:39:40,168 - download_utils - INFO - 图片下载成功: E:\Lab\redbubble_ai\backend\results\Cats_and_Metal_designed_and_sold_by_obin_102.jpg
2025-07-25 00:39:40,169 - __main__ - INFO - 图片下载成功: True
2025-07-25 00:39:40,219 - __main__ - INFO - AI评分: 4.94
2025-07-25 00:39:40,220 - __main__ - ERROR - 处理商品时出错: update_task_status() takes from 2 to 7 positional arguments but 8 were given
2025-07-25 00:39:40,220 - __main__ - INFO - 正在处理第 103/118 个商品: What A Guy! designed and sold by Everdreamer.
2025-07-25 00:39:40,224 - download_utils - INFO - 创建结果目录: E:\Lab\redbubble_ai\backend\results
2025-07-25 00:39:40,945 - download_utils - INFO - 图片下载成功: E:\Lab\redbubble_ai\backend\results\What_A_Guy!_designed_and_sold_by_Everdre_103.jpg
2025-07-25 00:39:40,946 - __main__ - INFO - 图片下载成功: True
2025-07-25 00:39:40,987 - __main__ - INFO - AI评分: 4.72
2025-07-25 00:39:40,987 - __main__ - ERROR - 处理商品时出错: update_task_status() takes from 2 to 7 positional arguments but 8 were given
2025-07-25 00:39:40,987 - __main__ - INFO - 正在处理第 104/118 个商品: Samurai Cat Rides a Dino – Cheers to Chaos designe...
2025-07-25 00:39:40,991 - download_utils - INFO - 创建结果目录: E:\Lab\redbubble_ai\backend\results
2025-07-25 00:39:42,075 - download_utils - INFO - 图片下载成功: E:\Lab\redbubble_ai\backend\results\Samurai_Cat_Rides_a_Dino_–_Cheers_to_Cha_104.jpg
2025-07-25 00:39:42,075 - __main__ - INFO - 图片下载成功: True
2025-07-25 00:39:42,118 - __main__ - INFO - AI评分: 5.04
2025-07-25 00:39:42,118 - __main__ - ERROR - 处理商品时出错: update_task_status() takes from 2 to 7 positional arguments but 8 were given
2025-07-25 00:39:42,118 - __main__ - INFO - 正在处理第 105/118 个商品: Black Cat Peeking Sunset Vintage designed and sold...
2025-07-25 00:39:42,121 - download_utils - INFO - 创建结果目录: E:\Lab\redbubble_ai\backend\results
2025-07-25 00:39:42,895 - download_utils - INFO - 图片下载成功: E:\Lab\redbubble_ai\backend\results\Black_Cat_Peeking_Sunset_Vintage_designe_105.jpg
2025-07-25 00:39:42,896 - __main__ - INFO - 图片下载成功: True
2025-07-25 00:39:42,942 - __main__ - INFO - AI评分: 4.92
2025-07-25 00:39:42,942 - __main__ - ERROR - 处理商品时出错: update_task_status() takes from 2 to 7 positional arguments but 8 were given
2025-07-25 00:39:42,942 - __main__ - INFO - 正在处理第 106/118 个商品: Samurai cat riding a dinosaur designed and sold by...
2025-07-25 00:39:42,946 - download_utils - INFO - 创建结果目录: E:\Lab\redbubble_ai\backend\results
2025-07-25 00:39:44,852 - download_utils - INFO - 图片下载成功: E:\Lab\redbubble_ai\backend\results\Samurai_cat_riding_a_dinosaur_designed_a_106.jpg
2025-07-25 00:39:44,854 - __main__ - INFO - 图片下载成功: True
2025-07-25 00:39:44,916 - __main__ - INFO - AI评分: 4.59
2025-07-25 00:39:44,917 - __main__ - ERROR - 处理商品时出错: update_task_status() takes from 2 to 7 positional arguments but 8 were given
2025-07-25 00:39:44,917 - __main__ - INFO - 正在处理第 107/118 个商品: Cat People 97 designed and sold by deep-sea-birds.
2025-07-25 00:39:44,920 - download_utils - INFO - 创建结果目录: E:\Lab\redbubble_ai\backend\results
2025-07-25 00:39:46,159 - download_utils - INFO - 图片下载成功: E:\Lab\redbubble_ai\backend\results\Cat_People_97_designed_and_sold_by_deep-_107.jpg
2025-07-25 00:39:46,161 - __main__ - INFO - 图片下载成功: True
2025-07-25 00:39:46,215 - __main__ - INFO - AI评分: 5.09
2025-07-25 00:39:46,215 - __main__ - ERROR - 处理商品时出错: update_task_status() takes from 2 to 7 positional arguments but 8 were given
2025-07-25 00:39:46,216 - __main__ - INFO - 正在处理第 108/118 个商品: Indoor Cat designed and sold by DinoMike.
2025-07-25 00:39:46,219 - download_utils - INFO - 创建结果目录: E:\Lab\redbubble_ai\backend\results
2025-07-25 00:39:47,286 - download_utils - INFO - 图片下载成功: E:\Lab\redbubble_ai\backend\results\Indoor_Cat_designed_and_sold_by_DinoMike_108.jpg
2025-07-25 00:39:47,288 - __main__ - INFO - 图片下载成功: True
2025-07-25 00:39:47,346 - __main__ - INFO - AI评分: 4.49
2025-07-25 00:39:47,347 - __main__ - ERROR - 处理商品时出错: update_task_status() takes from 2 to 7 positional arguments but 8 were given
2025-07-25 00:39:47,347 - __main__ - INFO - 正在处理第 109/118 个商品: Music Lover Cat designed and sold by clingcling.
2025-07-25 00:39:47,350 - download_utils - INFO - 创建结果目录: E:\Lab\redbubble_ai\backend\results
2025-07-25 00:39:48,479 - download_utils - INFO - 图片下载成功: E:\Lab\redbubble_ai\backend\results\Music_Lover_Cat_designed_and_sold_by_cli_109.jpg
2025-07-25 00:39:48,479 - __main__ - INFO - 图片下载成功: True
2025-07-25 00:39:48,530 - __main__ - INFO - AI评分: 5.05
2025-07-25 00:39:48,531 - __main__ - ERROR - 处理商品时出错: update_task_status() takes from 2 to 7 positional arguments but 8 were given
2025-07-25 00:39:48,531 - __main__ - INFO - 正在处理第 110/118 个商品: Nature witch kitty designed and sold by Rihnlin.
2025-07-25 00:39:48,534 - download_utils - INFO - 创建结果目录: E:\Lab\redbubble_ai\backend\results
2025-07-25 00:39:49,676 - download_utils - INFO - 图片下载成功: E:\Lab\redbubble_ai\backend\results\Nature_witch_kitty_designed_and_sold_by__110.jpg
2025-07-25 00:39:49,678 - __main__ - INFO - 图片下载成功: True
2025-07-25 00:39:49,739 - __main__ - INFO - AI评分: 4.81
2025-07-25 00:39:49,739 - __main__ - ERROR - 处理商品时出错: update_task_status() takes from 2 to 7 positional arguments but 8 were given
2025-07-25 00:39:49,739 - __main__ - INFO - 正在处理第 111/118 个商品: Suspicious Cats designed and sold by littleclyde.
2025-07-25 00:39:49,743 - download_utils - INFO - 创建结果目录: E:\Lab\redbubble_ai\backend\results
2025-07-25 00:39:50,520 - download_utils - INFO - 图片下载成功: E:\Lab\redbubble_ai\backend\results\Suspicious_Cats_designed_and_sold_by_lit_111.jpg
2025-07-25 00:39:50,521 - __main__ - INFO - 图片下载成功: True
2025-07-25 00:39:50,585 - __main__ - INFO - AI评分: 4.95
2025-07-25 00:39:50,585 - __main__ - ERROR - 处理商品时出错: update_task_status() takes from 2 to 7 positional arguments but 8 were given
2025-07-25 00:39:50,585 - __main__ - INFO - 正在处理第 112/118 个商品: WindClan Pride designed and sold by chimeraarts.
2025-07-25 00:39:50,589 - download_utils - INFO - 创建结果目录: E:\Lab\redbubble_ai\backend\results
2025-07-25 00:39:52,946 - download_utils - INFO - 图片下载成功: E:\Lab\redbubble_ai\backend\results\WindClan_Pride_designed_and_sold_by_chim_112.jpg
2025-07-25 00:39:52,947 - __main__ - INFO - 图片下载成功: True
2025-07-25 00:39:53,002 - __main__ - INFO - AI评分: 4.88
2025-07-25 00:39:53,002 - __main__ - ERROR - 处理商品时出错: update_task_status() takes from 2 to 7 positional arguments but 8 were given
2025-07-25 00:39:53,002 - __main__ - INFO - 正在处理第 113/118 个商品: Black Cat designed and sold by Jenn Inashvili.
2025-07-25 00:39:53,006 - download_utils - INFO - 创建结果目录: E:\Lab\redbubble_ai\backend\results
2025-07-25 00:39:53,778 - download_utils - INFO - 图片下载成功: E:\Lab\redbubble_ai\backend\results\Black_Cat_designed_and_sold_by_Jenn_Inas_113.jpg
2025-07-25 00:39:53,779 - __main__ - INFO - 图片下载成功: True
2025-07-25 00:39:53,821 - __main__ - INFO - AI评分: 4.77
2025-07-25 00:39:53,822 - __main__ - ERROR - 处理商品时出错: update_task_status() takes from 2 to 7 positional arguments but 8 were given
2025-07-25 00:39:53,822 - __main__ - INFO - 正在处理第 114/118 个商品: Hard Pill to Swallow Essential    designed and sol...
2025-07-25 00:39:53,826 - download_utils - INFO - 创建结果目录: E:\Lab\redbubble_ai\backend\results
2025-07-25 00:39:54,942 - download_utils - INFO - 图片下载成功: E:\Lab\redbubble_ai\backend\results\Hard_Pill_to_Swallow_Essential____design_114.jpg
2025-07-25 00:39:54,943 - __main__ - INFO - 图片下载成功: True
2025-07-25 00:39:55,002 - __main__ - INFO - AI评分: 4.91
2025-07-25 00:39:55,002 - __main__ - ERROR - 处理商品时出错: update_task_status() takes from 2 to 7 positional arguments but 8 were given
2025-07-25 00:39:55,002 - __main__ - INFO - 正在处理第 115/118 个商品: i eat cement funny cat meme designed and sold by M...
2025-07-25 00:39:55,006 - download_utils - INFO - 创建结果目录: E:\Lab\redbubble_ai\backend\results
2025-07-25 00:39:56,026 - download_utils - INFO - 图片下载成功: E:\Lab\redbubble_ai\backend\results\i_eat_cement_funny_cat_meme_designed_and_115.jpg
2025-07-25 00:39:56,030 - __main__ - INFO - 图片下载成功: True
2025-07-25 00:39:56,078 - __main__ - INFO - AI评分: 4.70
2025-07-25 00:39:56,078 - __main__ - ERROR - 处理商品时出错: update_task_status() takes from 2 to 7 positional arguments but 8 were given
2025-07-25 00:39:56,079 - __main__ - INFO - 正在处理第 116/118 个商品: Become Ungovernable Cat Drink designed and sold by...
2025-07-25 00:39:56,082 - download_utils - INFO - 创建结果目录: E:\Lab\redbubble_ai\backend\results
2025-07-25 00:39:57,282 - download_utils - INFO - 图片下载成功: E:\Lab\redbubble_ai\backend\results\Become_Ungovernable_Cat_Drink_designed_a_116.jpg
2025-07-25 00:39:57,283 - __main__ - INFO - 图片下载成功: True
2025-07-25 00:39:57,342 - __main__ - INFO - AI评分: 4.81
2025-07-25 00:39:57,342 - __main__ - ERROR - 处理商品时出错: update_task_status() takes from 2 to 7 positional arguments but 8 were given
2025-07-25 00:39:57,343 - __main__ - INFO - 正在处理第 117/118 个商品: LUCKY CAT designed and sold by Vicvama.
2025-07-25 00:39:57,346 - download_utils - INFO - 创建结果目录: E:\Lab\redbubble_ai\backend\results
2025-07-25 00:39:58,090 - download_utils - INFO - 图片下载成功: E:\Lab\redbubble_ai\backend\results\LUCKY_CAT_designed_and_sold_by_Vicvama._117.jpg
2025-07-25 00:39:58,091 - __main__ - INFO - 图片下载成功: True
2025-07-25 00:39:58,136 - __main__ - INFO - AI评分: 4.68
2025-07-25 00:39:58,136 - __main__ - ERROR - 处理商品时出错: update_task_status() takes from 2 to 7 positional arguments but 8 were given
2025-07-25 00:39:58,137 - __main__ - INFO - 正在处理第 118/118 个商品: Charm Clairo Cat Best Friends Drawing designed and...
2025-07-25 00:39:58,140 - download_utils - INFO - 创建结果目录: E:\Lab\redbubble_ai\backend\results
2025-07-25 00:39:58,894 - download_utils - INFO - 图片下载成功: E:\Lab\redbubble_ai\backend\results\Charm_Clairo_Cat_Best_Friends_Drawing_de_118.jpg
2025-07-25 00:39:58,894 - __main__ - INFO - 图片下载成功: True
2025-07-25 00:39:58,938 - __main__ - INFO - AI评分: 4.95
2025-07-25 00:39:58,938 - __main__ - ERROR - 处理商品时出错: update_task_status() takes from 2 to 7 positional arguments but 8 were given
2025-07-25 00:39:58,938 - __main__ - ERROR - 没有成功处理任何商品
